Workbook

Sheet 사용안내
A1: 전공의·인턴 파견 모니터링 사용 안내
A3: [시트 구분] — 탭 색: 파랑=입력, 초록=출력(자동, 입력 금지), 회색=설정
A4: • 입력_기본자료 / 입력_인턴근무계획 / 입력_파견수련계획: 각 업로드 양식을 그대로 붙여넣는 시트 (오른쪽 초록 머리글 열은 자동 계산)
A5: • 입력_구리근무자명단: 구리병원이 보내는 '전공의(모.자 파견) 근무자 명단'을 양식 그대로(A1부터) 붙여넣는 시트
A6: • 입력_전공의명단: 사번·입사장소·비고만 입력 (파란 글씨 칸). 나머지 열은 자동
A7: • 출력_서울급여: 급여 기준월(기본=이번 달)에 서울병원이 급여를 지급할 사람 목록과 판정 근거, 판정 불가(⚠) 목록
A8: • 출력_구리근무자: 구리 근무자명단을 급여 기준월로 해석한 결과(이름·과·근무일·구리독자)와 전공의명단 연결 상태
A9: • 출력_요약 / 출력_인턴현황: 집계·현황 (자동)
A10: • 설정_코드표: 병원·진료과·파견근거·약칭 목록, 설정값(급여 기준월·15일 기준·종료 임박 기준)
A12: [전체 흐름]
A13: 1) 기본자료 2) 인턴근무계획 3) 파견수련계획 — 세 시트에 각 양식 그대로 붙여넣기 4) 전공의명단에 사번·입사장소만 입력 5) 출력 시트(서울급여·요약·인턴현황)에서 확인
A15: [기본자료 업로드]
... A64: • 개인정보(생년월일·면허번호 등)가 포함되므로 파일 암호 설정과 접근 권한 관리를 권장합니다.

Sheet 입력_기본자료
A1: 현재근무 여부 | B1: 사번 | C1: 이름 | D1: 수련과목 | E1: 연차 | F1: 근무지 | G1: 수련개시일 | H1: 전공의등록번호 | I1: 의사면허번호 | J1: 성별 | K1: 생년월일 | L1: 비고
A2: 재직 | B2: 2261212 | C2: 김ㅇㅇ | D2: 가정의학과 | E2: 레지던트1 | F2: 서울 | G2: 20260301 | H2: 11-1111 | I2: 111111 | J2: 여 | K2: 19999999
A3: 재직 | B3: 2261213 | C3: 이ㅇㅇ | D3: 내과 | E3: 레지던트2 | F3: 서울 | G3: 20250301 | H3: 11-1112 | I3: 111112 | J3: 남 | K3: 19950702
A4: 재직 | B4: 2261214 | C4: 박ㅇㅇ | D4: 내과 | E4: 레지던트3 | F4: 서울 | G4: 20240301 | H4: 21-1111 | I4: 111113 | J4: 여 | K4: 19970125
A5: 재직 | B5: 2261215 | C5: 최ㅇㅇ | D5: 산부인과 | E5: 레지던트3 | F5: 서울 | G5: 20240301 | H5: 11-1114 | I5: 111114 | J5: 남 | K5: 19961109
A6: 재직 | B6: 2261216 | C6: 정ㅇㅇ | D6: 마취통증의학과 | E6: 레지던트2 | F6: 구리 | G6: 20250301 | H6: 11-1115 | I6: 111115 | J6: 여 | K6: 19980530
A7: 재직 | B7: 222222 | C7: 김ㅇㅇ | D7: 인턴 | E7: 인턴 | F7: 서울 | G7: 20260301 | H7: 22-2222 | I7: 222222 | J7: 여 | K7: 19990101
A8: 재직 | B8: 222223 | C8: 이ㅇㅇ | D8: 인턴 | E8: 인턴 | F8: 서울 | G8: 20260301 | H8: 22-2223 | I8: 222223 | J8: 남 | K8: 19990202
A9: 재직 | B9: 222224 | C9: 박ㅇㅇ | D9: 인턴 | E9: 인턴 | F9: 구리 | G9: 20260301 | H9: 22-2224 | I9: 222224 | J9: 남 | K9: 19990303

Sheet 입력_인턴근무계획
B1: 2026년도 하반기 인턴근무계획표(9~2월) | M1: ↓ 자동 정규화 (수정 금지) — '병원 진료과'로 통일, 인식 불가는 ⚠ 표시
B2: 순번 | C2: 이름 | D2: 사번 | E2: 9월 | F2: 10월 | G2: 11월 | H2: 12월 | I2: 1월 | J2: 2월 | K2: 비고 | M2: =TRIM(E$2&"")&" 정규화" | N2: =TRIM(F$2&"")&" 정규화" | O2: =TRIM(G$2&"")&" 정규화" | P2: =TRIM(H$2&"")&" 정규화" | Q2: =TRIM(I$2&"")&" 정규화" | R2: =TRIM(J$2&"")&" 정규화" | S2: 입사일(비고) | T2: 입력오류(건)
B3: 1 | C3: 김ㅇㅇ | D3: 222222 | E3: 구리 안과 | F3: 구리 내과 | G3: 서울 핵방 | H3: 서울 재활의학과 | I3: 제주 산부 | J3: 서울 소아과 | K3: 2026.03 | M3: =IFERROR(IF(TRIM(E3&"")="","",IF(AND(ISNUMBER(FIND(" ",TRIM(E3&""))),ISNUMBER(MATCH(LEFT(TRIM(E3&""),FIND(" ",TRIM(E3&""))-1),설정_코드표!$J$2:$J$101,0)),ISNUMBER(MATCH(TRIM(RIGHT(SUBSTITUTE(TRIM(E3&"")," ",REPT(" ",60)),60)),설정_코드표!$F$2:$F$101,0))),INDEX(설정_코드표!$K$2:$K$101,MATCH(LEFT(TRIM(E3&""),FIND(" ",TRIM(E3&""))-1),설정_코드표!$J$2:$J$101,0))&" "&INDEX(설정_코드표!$G$2:$G$101,MATCH(TRIM(RIGHT(SUBSTITUTE(TRIM(E3&"")," ",REPT(" ",60)),60)),설정_코드표!$F$2:$F$101,0)),"⚠"&TRIM(E3&""))),"⚠"&TRIM(E3&"")) | N3: =IFERROR(IF(TRIM(F3&"")="","",IF(AND(ISNUMBER(FIND(" ",TRIM(F3&""))),ISNUMBER(MATCH(LEFT(TRIM(F3&""),FIND(" ",TRIM(F3&""))-1),설정_코드표!$J$2:$J$101,0)),ISNUMBER(MATCH(TRIM(RIGHT(SUBSTITUTE(TRIM(F3&"")," ",REPT(" ",60)),60)),설정_코드표!$F$2:$F$101,0))),INDEX(설정_코드표!$K$2:$K$101,MATCH(LEFT(TRIM(F3&""),FIND(" ",TRIM(F3&""))-1),설정_코드표!$J$2:$J$101,0))&" "&INDEX(설정_코드표!$G$2:$G$101,MATCH(TRIM(RIGHT(SUBSTITUTE(TRIM(F3&"")," ",REPT(" ",60)),60)),설정_코드표!$F$2:$F$101,0)),"⚠"&TRIM(F3&""))),"⚠"&TRIM(F3&"")) | O3: =IFERROR(IF(TRIM(G3&"")="","",IF(AND(ISNUMBER(FIND(" ",TRIM(G3&""))),ISNUMBER(MATCH(LEFT(TRIM(G3&""),FIND(" ",TRIM(G3&""))-1),설정_코드표!$J$2:$J$101,0)),ISNUMBER(MATCH(TRIM(RIGHT(SUBSTITUTE(TRIM(G3&"")," ",REPT(" ",60)),60)),설정_코드표!$F$2:$F$101,0))),INDEX(설정_코드표!$K$2:$K$101,MATCH(LEFT(TRIM(G3&""),FIND(" ",TRIM(G3&""))-1),설정_코드표!$J$2:$J$101,0))&" "&INDEX(설정_코드표!$G$2:$G$101,MATCH(TRIM(RIGHT(SUBSTITUTE(TRIM(G3&"")," ",REPT(" ",60)),60)),설정_코드표!$F$2:$F$101,0)),"⚠"&TRIM(G3&""))),"⚠"&TRIM(G3&"")) | P3: =IFERROR(IF(TRIM(H3&"")="","",IF(AND(ISNUMBER(FIND(" ",TRIM(H3&""))),ISNUMBER(MATCH(LEFT(TRIM(H3&""),FIND(" ",TRIM(H3&""))-1),설정_코드표!$J$2:$J$101,0)),ISNUMBER(MATCH(TRIM(RIGHT(SUBSTITUTE(TRIM(H3&"")," ",REPT(" ",60)),60)),설정_코드표!$F$2:$F$101,0))),INDEX(설정_코드표!$K$2:$K$101,MATCH(LEFT(TRIM(H3&""),FIND(" ",TRIM(H3&""))-1),설정_코드표!$J$2:$J$101,0))&" "&INDEX(설정_코드표!$G$2:$G$101,MATCH(TRIM(RIGHT(SUBSTITUTE(TRIM(H3&"")," ",REPT(" ",60)),60)),설정_코드표!$F$2:$F$101,0)),"⚠"&TRIM(H3&""))),"⚠"&TRIM(H3&"")) | Q3: =IFERROR(IF(TRIM(I3&"")="","",IF(AND(ISNUMBER(FIND(" ",TRIM(I3&""))),ISNUMBER(MATCH(LEFT(TRIM(I3&""),FIND(" ",TRIM(I3&""))-1),설정_코드표!$J$2:$J$101,0)),ISNUMBER(MATCH(TRIM(RIGHT(SUBSTITUTE(TRIM(I3&"")," ",REPT(" ",60)),60)),설정_코드표!$F$2:$F$101,0))),INDEX(설정_코드표!$K$2:$K$101,MATCH(LEFT(TRIM(I3&""),FIND(" ",TRIM(I3&""))-1),설정_코드표!$J$2:$J$101,0))&" "&INDEX(설정_코드표!$G$2:$G$101,MATCH(TRIM(RIGHT(SUBSTITUTE(TRIM(I3&"")," ",REPT(" ",60)),60)),설정_코드표!$F$2:$F$101,0)),"⚠"&TRIM(I3&""))),"⚠"&TRIM(I3&"")) | R3: =IFERROR(IF(TRIM(J3&"")="","",IF(AND(ISNUMBER(FIND(" ",TRIM(J3&""))),ISNUMBER(MATCH(LEFT(TRIM(J3&""),FIND(" ",TRIM(J3&""))-1),설정_코드표!$J$2:$J$101,0)),ISNUMBER(MATCH(TRIM(RIGHT(SUBSTITUTE(TRIM(J3&"")," ",REPT(" ",60)),60)),설정_코드표!$F$2:$F$101,0))),INDEX(설정_코드표!$K$2:$K$101,MATCH(LEFT(TRIM(J3&""),FIND(" ",TRIM(J3&""))-1),설정_코드표!$J$2:$J$101,0))&" "&INDEX(설정_코드표!$G$2:$G$101,MATCH(TRIM(RIGHT(SUBSTITUTE(TRIM(J3&"")," ",REPT(" ",60)),60)),설정_코드표!$F$2:$F$101,0)),"⚠"&TRIM(J3&""))),"⚠"&TRIM(J3&"")) | S3: =IF(K3="","",IFERROR(IF(AND(ROUND((VALUE(K3&"")-INT(VALUE(K3&"")))*100,0)>=1,ROUND((VALUE(K3&"")-INT(VALUE(K3&"")))*100,0)<=12,INT(VALUE(K3&""))>=1900),DATE(INT(VALUE(K3&"")),ROUND((VALUE(K3&"")-INT(VALUE(K3&"")))*100,0),1),K3&""),K3&"")) | T3: =COUNTIF(M3:R3,"⚠*")
B4: 2 | C4: 이ㅇㅇ | D4: 222223 | E4: 서울 내과 | F4: 서울 외과 | G4: 구리 통합 | H4: 인천 산부인과 | I4: 제주 에스중앙 내과 | J4: 서울 가정의학과 | K4: 2026.03 | M4: =IFERROR(IF(TRIM(E4&"")="","",IF(AND(ISNUMBER(FIND(" ",TRIM(E4&""))),ISNUMBER(MATCH(LEFT(TRIM(E4&""),FIND(" ",TRIM(E4&""))-1),설정_코드표!$J$2:$J$101,0)),ISNUMBER(MATCH(TRIM(RIGHT(SUBSTITUTE(TRIM(E4&"")," ",REPT(" ",60)),60)),설정_코드표!$F$2:$F$101,0))),INDEX(설정_코드표!$K$2:$K$101,MATCH(LEFT(TRIM(E4&""),FIND(" ",TRIM(E4&""))-1),설정_코드표!$J$2:$J$101,0))&" "&INDEX(설정_코드표!$G$2:$G$101,MATCH(TRIM(RIGHT(SUBSTITUTE(TRIM(E4&"")," ",REPT(" ",60)),60)),설정_코드표!$F$2:$F$101,0)),"⚠"&TRIM(E4&""))),"⚠"&TRIM(E4&"")) | N4: =IFERROR(IF(TRIM(F4&"")="","",IF(AND(ISNUMBER(FIND(" ",TRIM(F4&""))),ISNUMBER(MATCH(LEFT(TRIM(F4&""),FIND(" ",TRIM(F4&""))-1),설정_코드표!$J$2:$J$101,0)),ISNUMBER(MATCH(TRIM(RIGHT(SUBSTITUTE(TRIM(F4&"")," ",REPT(" ",60)),60)),설정_코드표!$F$2:$F$101,0))),INDEX(설정_코드표!$K$2:$K$101,MATCH(LEFT(TRIM(F4&""),FIND(" ",TRIM(F4&""))-1),설정_코드표!$J$2:$J$101,0))&" "&INDEX(설정_코드표!$G$2:$G$101,MATCH(TRIM(RIGHT(SUBSTITUTE(TRIM(F4&"")," ",REPT(" ",60)),60)),설정_코드표!$F$2:$F$101,0)),"⚠"&TRIM(F4&""))),"⚠"&TRIM(F4&"")) | O4: =IFERROR(IF(TRIM(G4&"")="","",IF(AND(ISNUMBER(FIND(" ",TRIM(G4&""))),ISNUMBER(MATCH(LEFT(TRIM(G4&""),FIND(" ",TRIM(G4&""))-1),설정_코드표!$J$2:$J$101,0)),ISNUMBER(MATCH(TRIM(RIGHT(SUBSTITUTE(TRIM(G4&"")," ",REPT(" ",60)),60)),설정_코드표!$F$2:$F$101,0))),INDEX(설정_코드표!$K$2:$K$101,MATCH(LEFT(TRIM(G4&""),FIND(" ",TRIM(G4&""))-1),설정_코드표!$J$2:$J$101,0))&" "&INDEX(설정_코드표!$G$2:$G$101,MATCH(TRIM(RIGHT(SUBSTITUTE(TRIM(G4&"")," ",REPT(" ",60)),60)),설정_코드표!$F$2:$F$101,0)),"⚠"&TRIM(G4&""))),"⚠"&TRIM(G4&"")) | P4: =IFERROR(IF(TRIM(H4&"")="","",IF(AND(ISNUMBER(FIND(" ",TRIM(H4&""))),ISNUMBER(MATCH(LEFT(TRIM(H4&""),FIND(" ",TRIM(H4&""))-1),설정_코드표!$J$2:$J$101,0)),ISNUMBER(MATCH(TRIM(RIGHT(SUBSTITUTE(TRIM(H4&"")," ",REPT(" ",60)),60)),설정_코드표!$F$2:$F$101,0))),INDEX(설정_코드표!$K$2:$K$101,MATCH(LEFT(TRIM(H4&""),FIND(" ",TRIM(H4&""))-1),설정_코드표!$J$2:$J$101,0))&" "&INDEX(설정_코드표!$G$2:$G$101,MATCH(TRIM(RIGHT(SUBSTITUTE(TRIM(H4&"")," ",REPT(" ",60)),60)),설정_코드표!$F$2:$F$101,0)),"⚠"&TRIM(H4&""))),"⚠"&TRIM(H4&"")) | Q4: =IFERROR(IF(TRIM(I4&"")="","",IF(AND(ISNUMBER(FIND(" ",TRIM(I4&""))),ISNUMBER(MATCH(LEFT(TRIM(I4&""),FIND(" ",TRIM(I4&""))-1),설정_코드표!$J$2:$J$101,0)),ISNUMBER(MATCH(TRIM(RIGHT(SUBSTITUTE(TRIM(I4&"")," ",REPT(" ",60)),60)),설정_코드표!$F$2:$F$101,0))),INDEX(설정_코드표!$K$2:$K$101,MATCH(LEFT(TRIM(I4&""),FIND(" ",TRIM(I4&""))-1),설정_코드표!$J$2:$J$101,0))&" "&INDEX(설정_코드표!$G$2:$G$101,MATCH(TRIM(RIGHT(SUBSTITUTE(TRIM(I4&"")," ",REPT(" ",60)),60)),설정_코드표!$F$2:$F$101,0)),"⚠"&TRIM(I4&""))),"⚠"&TRIM(I4&"")) | R4: =IFERROR(IF(TRIM(J4&"")="","",IF(AND(ISNUMBER(FIND(" ",TRIM(J4&""))),ISNUMBER(MATCH(LEFT(TRIM(J4&""),FIND(" ",TRIM(J4&""))-1),설정_코드표!$J$2:$J$101,0)),ISNUMBER(MATCH(TRIM(RIGHT(SUBSTITUTE(TRIM(J4&"")," ",REPT(" ",60)),60)),설정_코드표!$F$2:$F$101,0))),INDEX(설정_코드표!$K$2:$K$101,MATCH(LEFT(TRIM(J4&""),FIND(" ",TRIM(J4&""))-1),설정_코드표!$J$2:$J$101,0))&" "&INDEX(설정_코드표!$G$2:$G$101,MATCH(TRIM(RIGHT(SUBSTITUTE(TRIM(J4&"")," ",REPT(" ",60)),60)),설정_코드표!$F$2:$F$101,0)),"⚠"&TRIM(J4&""))),"⚠"&TRIM(J4&"")) | S4: =IF(K4="","",IFERROR(IF(AND(ROUND((VALUE(K4&"")-INT(VALUE(K4&"")))*100,0)>=1,ROUND((VALUE(K4&"")-INT(VALUE(K4&"")))*100,0)<=12,INT(VALUE(K4&""))>=1900),DATE(INT(VALUE(K4&"")),ROUND((VALUE(K4&"")-INT(VALUE(K4&"")))*100,0),1),K4&""),K4&"")) | T4: =COUNTIF(M4:R4,"⚠*")
B5: 3 | C5: 박ㅇㅇ | D5: 222224 | E5: 제주 외과 | F5: 서울 내과 | G5: 서울 응급 | H5: 구리 내과 | I5: 서울 소아과 | J5: 제주 산부 | K5: 2026.03 | M5: =IFERROR(IF(TRIM(E5&"")="","",IF(AND(ISNUMBER(FIND(" ",TRIM(E5&""))),ISNUMBER(MATCH(LEFT(TRIM(E5&""),FIND(" ",TRIM(E5&""))-1),설정_코드표!$J$2:$J$101,0)),ISNUMBER(MATCH(TRIM(RIGHT(SUBSTITUTE(TRIM(E5&"")," ",REPT(" ",60)),60)),설정_코드표!$F$2:$F$101,0))),INDEX(설정_코드표!$K$2:$K$101,MATCH(LEFT(TRIM(E5&""),FIND(" ",TRIM(E5&""))-1),설정_코드표!$J$2:$J$101,0))&" "&INDEX(설정_코드표!$G$2:$G$101,MATCH(TRIM(RIGHT(SUBSTITUTE(TRIM(E5&"")," ",REPT(" ",60)),60)),설정_코드표!$F$2:$F$101,0)),"⚠"&TRIM(E5&""))),"⚠"&TRIM(E5&"")) | N5: =IFERROR(IF(TRIM(F5&"")="","",IF(AND(ISNUMBER(FIND(" ",TRIM(F5&""))),ISNUMBER(MATCH(LEFT(TRIM(F5&""),FIND(" ",TRIM(F5&""))-1),설정_코드표!$J$2:$J$101,0)),ISNUMBER(MATCH(TRIM(RIGHT(SUBSTITUTE(TRIM(F5&"")," ",REPT(" ",60)),60)),설정_코드표!$F$2:$F$101,0))),INDEX(설정_코드표!$K$2:$K$101,MATCH(LEFT(TRIM(F5&""),FIND(" ",TRIM(F5&""))-1),설정_코드표!$J$2:$J$101,0))&" "&INDEX(설정_코드표!$G$2:$G$101,MATCH(TRIM(RIGHT(SUBSTITUTE(TRIM(F5&"")," ",REPT(" ",60)),60)),설정_코드표!$F$2:$F$101,0)),"⚠"&TRIM(F5&""))),"⚠"&TRIM(F5&"")) | O5: =IFERROR(IF(TRIM(G5&"")="","",IF(AND(ISNUMBER(FIND(" ",TRIM(G5&""))),ISNUMBER(MATCH(LEFT(TRIM(G5&""),FIND(" ",TRIM(G5&""))-1),설정_코드표!$J$2:$J$101,0)),ISNUMBER(MATCH(TRIM(RIGHT(SUBSTITUTE(TRIM(G5&"")," ",REPT(" ",60)),60)),설정_코드표!$F$2:$F$101,0))),INDEX(설정_코드표!$K$2:$K$101,MATCH(LEFT(TRIM(G5&""),FIND(" ",TRIM(G5&""))-1),설정_코드표!$J$2:$J$101,0))&" "&INDEX(설정_코드표!$G$2:$G$101,MATCH(TRIM(RIGHT(SUBSTITUTE(TRIM(G5&"")," ",REPT(" ",60)),60)),설정_코드표!$F$2:$F$101,0)),"⚠"&TRIM(G5&""))),"⚠"&TRIM(G5&"")) | P5: =IFERROR(IF(TRIM(H5&"")="","",IF(AND(ISNUMBER(FIND(" ",TRIM(H5&""))),ISNUMBER(MATCH(LEFT(TRIM(H5&""),FIND(" ",TRIM(H5&""))-1),설정_코드표!$J$2:$J$101,0)),ISNUMBER(MATCH(TRIM(RIGHT(SUBSTITUTE(TRIM(H5&"")," ",REPT(" ",60)),60)),설정_코드표!$F$2:$F$101,0))),INDEX(설정_코드표!$K$2:$K$101,MATCH(LEFT(TRIM(H5&""),FIND(" ",TRIM(H5&""))-1),설정_코드표!$J$2:$J$101,0))&" "&INDEX(설정_코드표!$G$2:$G$101,MATCH(TRIM(RIGHT(SUBSTITUTE(TRIM(H5&"")," ",REPT(" ",60)),60)),설정_코드표!$F$2:$F$101,0)),"⚠"&TRIM(H5&""))),"⚠"&TRIM(H5&"")) | Q5: =IFERROR(IF(TRIM(I5&"")="","",IF(AND(ISNUMBER(FIND(" ",TRIM(I5&""))),ISNUMBER(MATCH(LEFT(TRIM(I5&""),FIND(" ",TRIM(I5&""))-1),설정_코드표!$J$2:$J$101,0)),ISNUMBER(MATCH(TRIM(RIGHT(SUBSTITUTE(TRIM(I5&"")," ",REPT(" ",60)),60)),설정_코드표!$F$2:$F$101,0))),INDEX(설정_코드표!$K$2:$K$101,MATCH(LEFT(TRIM(I5&""),FIND(" ",TRIM(I5&""))-1),설정_코드표!$J$2:$J$101,0))&" "&INDEX(설정_코드표!$G$2:$G$101,MATCH(TRIM(RIGHT(SUBSTITUTE(TRIM(I5&"")," ",REPT(" ",60)),60)),설정_코드표!$F$2:$F$101,0)),"⚠"&TRIM(I5&""))),"⚠"&TRIM(I5&"")) | R5: =IFERROR(IF(TRIM(J5&"")="","",IF(AND(ISNUMBER(FIND(" ",TRIM(J5&""))),ISNUMBER(MATCH(LEFT(TRIM(J5&""),FIND(" ",TRIM(J5&""))-1),설정_코드표!$J$2:$J$101,0)),ISNUMBER(MATCH(TRIM(RIGHT(SUBSTITUTE(TRIM(J5&"")," ",REPT(" ",60)),60)),설정_코드표!$F$2:$F$101,0))),INDEX(설정_코드표!$K$2:$K$101,MATCH(LEFT(TRIM(J5&""),FIND(" ",TRIM(J5&""))-1),설정_코드표!$J$2:$J$101,0))&" "&INDEX(설정_코드표!$G$2:$G$101,MATCH(TRIM(RIGHT(SUBSTITUTE(TRIM(J5&"")," ",REPT(" ",60)),60)),설정_코드표!$F$2:$F$101,0)),"⚠"&TRIM(J5&""))),"⚠"&TRIM(J5&"")) | S5: =IF(K5="","",IFERROR(IF(AND(ROUND((VALUE(K5&"")-INT(VALUE(K5&"")))*100,0)>=1,ROUND((VALUE(K5&"")-INT(VALUE(K5&"")))*100,0)<=12,INT(VALUE(K5&""))>=1900),DATE(INT(VALUE(K5&"")),ROUND((VALUE(K5&"")-INT(VALUE(K5&"")))*100,0),1),K5&""),K5&"")) | T5: =COUNTIF(M5:R5,"⚠*")
M6: =IFERROR(IF(TRIM(E6&"")="","",IF(AND(ISNUMBER(FIND(" ",TRIM(E6&""))),ISNUMBER(MATCH(LEFT(TRIM(E6&""),FIND(" ",TRIM(E6&""))-1),설정_코드표!$J$2:$J$101,0)),ISNUMBER(MATCH(TRIM(RIGHT(SUBSTITUTE(TRIM(E6&"")," ",REPT(" ",60)),60)),설정_코드표!$F$2:$F$101,0))),INDEX(설정_코드표!$K$2:$K$101,MATCH(LEFT(TRIM(E6&""),FIND(" ",TRIM(E6&""))-1),설정_코드표!$J$2:$J$101,0))&" "&INDEX(설정_코드표!$G$2:$G$101,MATCH(TRIM(RIGHT(SUBSTITUTE(TRIM(E6&"")," ",REPT(" ",60)),60)),설정_코드표!$F$2:$F$101,0)),"⚠"&TRIM(E6&""))),"⚠"&TRIM(E6&"")) | N6: =IFERROR(IF(TRIM(F6&"")="","",IF(AND(ISNUMBER(FIND(" ",TRIM(F6&""))),ISNUMBER(MATCH(LEFT(TRIM(F6&""),FIND(" ",TRIM(F6&""))-1),설정_코드표!$J$2:$J$101,0)),ISNUMBER(MATCH(TRIM(RIGHT(SUBSTITUTE(TRIM(F6&"")," ",REPT(" ",60)),60)),설정_코드표!$F$2:$F$101,0))),INDEX(설정_코드표!$K$2:$K$101,MATCH(LEFT(TRIM(F6&""),FIND(" ",TRIM(F6&""))-1),설정_코드표!$J$2:$J$101,0))&" "&INDEX(설정_코드표!$G$2:$G$101,MATCH(TRIM(RIGHT(SUBSTITUTE(TRIM(F6&"")," ",REPT(" ",60)),60)),설정_코드표!$F$2:$F$101,0)),"⚠"&TRIM(F6&""))),"⚠"&TRIM(F6&"")) | O6: =IFERROR(IF(TRIM(G6&"")="","",IF(AND(ISNUMBER(FIND(" ",TRIM(G6&""))),ISNUMBER(MATCH(LEFT(TRIM(G6&""),FIND(" ",TRIM(G6&""))-1),설정_코드표!$J$2:$J$101,0)),ISNUMBER(MATCH(TRIM(RIGHT(SUBSTITUTE(TRIM(G6&"")," ",REPT(" ",60)),60)),설정_코드표!$F$2:$F$101,0))),INDEX(설정_코드표!$K$2:$K$101,MATCH(LEFT(TRIM(G6&""),FIND(" ",TRIM(G6&""))-1),설정_코드표!$J$2:$J$101,0))&" "&INDEX(설정_코드표!$G$2:$G$101,MATCH(TRIM(RIGHT(SUBSTITUTE(TRIM(G6&"")," ",REPT(" ",60)),60)),설정_코드표!$F$2:$F$101,0)),"⚠"&TRIM(G6&""))),"⚠"&TRIM(G6&"")) | P6: =IFERROR(IF(TRIM(H6&"")="","",IF(AND(ISNUMBER(FIND(" ",TRIM(H6&""))),ISNUMBER(MATCH(LEFT(TRIM(H6&""),FIND(" ",TRIM(H6&""))-1),설정_코드표!$J$2:$J$101,0)),ISNUMBER(MATCH(TRIM(RIGHT(SUBSTITUTE(TRIM(H6&"")," ",REPT(" ",60)),60)),설정_코드표!$F$2:$F$101,0))),INDEX(설정_코드표!$K$2:$K$101,MATCH(LEFT(TRIM(H6&""),FIND(" ",TRIM(H6&""))-1),설정_코드표!$J$2:$J$101,0))&" "&INDEX(설정_코드표!$G$2:$G$101,MATCH(TRIM(RIGHT(SUBSTITUTE(TRIM(H6&"")," ",REPT(" ",60)),60)),설정_코드표!$F$2:$F$101,0)),"⚠"&TRIM(H6&""))),"⚠"&TRIM(H6&"")) | Q6: =IFERROR(IF(TRIM(I6&"")="","",IF(AND(ISNUMBER(FIND(" ",TRIM(I6&""))),ISNUMBER(MATCH(LEFT(TRIM(I6&""),FIND(" ",TRIM(I6&""))-1),설정_코드표!$J$2:$J$101,0)),ISNUMBER(MATCH(TRIM(RIGHT(SUBSTITUTE(TRIM(I6&"")," ",REPT(" ",60)),60)),설정_코드표!$F$2:$F$101,0))),INDEX(설정_코드표!$K$2:$K$101,MATCH(LEFT(TRIM(I6&""),FIND(" ",TRIM(I6&""))-1),설정_코드표!$J$2:$J$101,0))&" "&INDEX(설정_코드표!$G$2:$G$101,MATCH(TRIM(RIGHT(SUBSTITUTE(TRIM(I6&"")," ",REPT(" ",60)),60)),설정_코드표!$F$2:$F$101,0)),"⚠"&TRIM(I6&""))),"⚠"&TRIM(I6&"")) | R6: =IFERROR(IF(TRIM(J6&"")="","",IF(AND(ISNUMBER(FIND(" ",TRIM(J6&""))),ISNUMBER(MATCH(LEFT(TRIM(J6&""),FIND(" ",TRIM(J6&""))-1),설정_코드표!$J$2:$J$101,0)),ISNUMBER(MATCH(TRIM(RIGHT(SUBSTITUTE(TRIM(J6&"")," ",REPT(" ",60)),60)),설정_코드표!$F$2:$F$101,0))),INDEX(설정_코드표!$K$2:$K$101,MATCH(LEFT(TRIM(J6&""),FIND(" ",TRIM(J6&""))-1),설정_코드표!$J$2:$J$101,0))&" "&INDEX(설정_코드표!$G$2:$G$101,MATCH(TRIM(RIGHT(SUBSTITUTE(TRIM(J6&"")," ",REPT(" ",60)),60)),설정_코드표!$F$2:$F$101,0)),"⚠"&TRIM(J6&""))),"⚠"&TRIM(J6&"")) | S6: =IF(K6="","",IFERROR(IF(AND(ROUND((VALUE(K6&"")-INT(VALUE(K6&"")))*100,0)>=1,ROUND((VALUE(K6&"")-INT(VALUE(K6&"")))*100,0)<=12,INT(VALUE(K6&""))>=1900),DATE(INT(VALUE(K6&"")),ROUND((VALUE(K6&"")-INT(VALUE(K6&"")))*100,0),1),K6&""),K6&"")) | T6: =COUNTIF(M6:R6,"⚠*")
M7: =IFERROR(IF(TRIM(E7&"")="","",IF(AND(ISNUMBER(FIND(" ",TRIM(E7&""))),ISNUMBER(MATCH(LEFT(TRIM(E7&""),FIND(" ",TRIM(E7&""))-1),설정_코드표!$J$2:$J$101,0)),ISNUMBER(MATCH(TRIM(RIGHT(SUBSTITUTE(TRIM(E7&"")," ",REPT(" ",60)),60)),설정_코드표!$F$2:$F$101,0))),INDEX(설정_코드표!$K$2:$K$101,MATCH(LEFT(TRIM(E7&""),FIND(" ",TRIM(E7&""))-1),설정_코드표!$J$2:$J$101,0))&" "&INDEX(설정_코드표!$G$2:$G$101,MATCH(TRIM(RIGHT(SUBSTITUTE(TRIM(E7&"")," ",REPT(" ",60)),60)),설정_코드표!$F$2:$F$101,0)),"⚠"&TRIM(E7&""))),"⚠"&TRIM(E7&"")) | N7: =IFERROR(IF(TRIM(F7&"")="","",IF(AND(ISNUMBER(FIND(" ",TRIM(F7&""))),ISNUMBER(MATCH(LEFT(TRIM(F7&""),FIND(" ",TRIM(F7&""))-1),설정_코드표!$J$2:$J$101,0)),ISNUMBER(MATCH(TRIM(RIGHT(SUBSTITUTE(TRIM(F7&"")," ",REPT(" ",60)),60)),설정_코드표!$F$2:$F$101,0))),INDEX(설정_코드표!$K$2:$K$101,MATCH(LEFT(TRIM(F7&""),FIND(" ",TRIM(F7&""))-1),설정_코드표!$J$2:$J$101,0))&" "&INDEX(설정_코드표!$G$2:$G$101,MATCH(TRIM(RIGHT(SUBSTITUTE(TRIM(F7&"")," ",REPT(" ",60)),60)),설정_코드표!$F$2:$F$101,0)),"⚠"&TRIM(F7&""))),"⚠"&TRIM(F7&"")) | O7: =IFERROR(IF(TRIM(G7&"")="","",IF(AND(ISNUMBER(FIND(" ",TRIM(G7&""))),ISNUMBER(MATCH(LEFT(TRIM(G7&""),FIND(" ",TRIM(G7&""))-1),설정_코드표!$J$2:$J$101,0)),ISNUMBER(MATCH(TRIM(RIGHT(SUBSTITUTE(TRIM(G7&"")," ",REPT(" ",60)),60)),설정_코드표!$F$2:$F$101,0))),INDEX(설정_코드표!$K$2:$K$101,MATCH(LEFT(TRIM(G7&""),FIND(" ",TRIM(G7&""))-1),설정_코드표!$J$2:$J$101,0))&" "&INDEX(설정_코드표!$G$2:$G$101,MATCH(TRIM(RIGHT(SUBSTITUTE(TRIM(G7&"")," ",REPT(" ",60)),60)),설정_코드표!$F$2:$F$101,0)),"⚠"&TRIM(G7&""))),"⚠"&TRIM(G7&"")) | P7: =IFERROR(IF(TRIM(H7&"")="","",IF(AND(ISNUMBER(FIND(" ",TRIM(H7&""))),ISNUMBER(MATCH(LEFT(TRIM(H7&""),FIND(" ",TRIM(H7&""))-1),설정_코드표!$J$2:$J$101,0)),ISNUMBER(MATCH(TRIM(RIGHT(SUBSTITUTE(TRIM(H7&"")," ",REPT(" ",60)),60)),설정_코드표!$F$2:$F$101,0))),INDEX(설정_코드표!$K$2:$K$101,MATCH(LEFT(TRIM(H7&""),FIND(" ",TRIM(H7&""))-1),설정_코드표!$J$2:$J$101,0))&" "&INDEX(설정_코드표!$G$2:$G$101,MATCH(TRIM(RIGHT(SUBSTITUTE(TRIM(H7&"")," ",REPT(" ",60)),60)),설정_코드표!$F$2:$F$101,0)),"⚠"&TRIM(H7&""))),"⚠"&TRIM(H7&"")) | Q7: =IFERROR(IF(TRIM(I7&"")="","",IF(AND(ISNUMBER(FIND(" ",TRIM(I7&""))),ISNUMBER(MATCH(LEFT(TRIM(I7&""),FIND(" ",TRIM(I7&""))-1),설정_코드표!$J$2:$J$101,0)),ISNUMBER(MATCH(TRIM(RIGHT(SUBSTITUTE(TRIM(I7&"")," ",REPT(" ",60)),60)),설정_코드표!$F$2:$F$101,0))),INDEX(설정_코드표!$K$2:$K$101,MATCH(LEFT(TRIM(I7&""),FIND(" ",TRIM(I7&""))-1),설정_코드표!$J$2:$J$101,0))&" "&INDEX(설정_코드표!$G$2:$G$101,MATCH(TRIM(RIGHT(SUBSTITUTE(TRIM(I7&"")," ",REPT(" ",60)),60)),설정_코드표!$F$2:$F$101,0)),"⚠"&TRIM(I7&""))),"⚠"&TRIM(I7&"")) | R7: =IFERROR(IF(TRIM(J7&"")="","",IF(AND(ISNUMBER(FIND(" ",TRIM(J7&""))),ISNUMBER(MATCH(LEFT(TRIM(J7&""),FIND(" ",TRIM(J7&""))-1),설정_코드표!$J$2:$J$101,0)),ISNUMBER(MATCH(TRIM(RIGHT(SUBSTITUTE(TRIM(J7&"")," ",REPT(" ",60)),60)),설정_코드표!$F$2:$F$101,0))),INDEX(설정_코드표!$K$2:$K$101,MATCH(LEFT(TRIM(J7&""),FIND(" ",TRIM(J7&""))-1),설정_코드표!$J$2:$J$101,0))&" "&INDEX(설정_코드표!$G$2:$G$101,MATCH(TRIM(RIGHT(SUBSTITUTE(TRIM(J7&"")," ",REPT(" ",60)),60)),설정_코드표!$F$2:$F$101,0)),"⚠"&TRIM(J7&""))),"⚠"&TRIM(J7&"")) | S7: =IF(K7="","",IFERROR(IF(AND(ROUND((VALUE(K7&"")-INT(VALUE(K7&"")))*100,0)>=1,ROUND((VALUE(K7&"")-INT(VALUE(K7&"")))*100,0)<=12,INT(VALUE(K7&""))>=1900),DATE(INT(VALUE(K7&"")),ROUND((VALUE(K7&"")-INT(VALUE(K7&"")))*100,0),1),K7&""),K7&"")) | T7: =COUNTIF(M7:R7,"⚠*")
M8: =IFERROR(IF(TRIM(E8&"")="","",IF(AND(ISNUMBER(FIND(" ",TRIM(E8&""))),ISNUMBER(MATCH(LEFT(TRIM(E8&""),FIND(" ",TRIM(E8&""))-1),설정_코드표!$J$2:$J$101,0)),ISNUMBER(MATCH(TRIM(RIGHT(SUBSTITUTE(TRIM(E8&"")," ",REPT(" ",60)),60)),설정_코드표!$F$2:$F$101,0))),INDEX(설정_코드표!$K$2:$K$101,MATCH(LEFT(TRIM(E8&""),FIND(" ",TRIM(E8&""))-1),설정_코드표!$J$2:$J$101,0))&" "&INDEX(설정_코드표!$G$2:$G$101,MATCH(TRIM(RIGHT(SUBSTITUTE(TRIM(E8&"")," ",REPT(" ",60)),60)),설정_코드표!$F$2:$F$101,0)),"⚠"&TRIM(E8&""))),"⚠"&TRIM(E8&"")) | N8: =IFERROR(IF(TRIM(F8&"")="","",IF(AND(ISNUMBER(FIND(" ",TRIM(F8&""))),ISNUMBER(MATCH(LEFT(TRIM(F8&""),FIND(" ",TRIM(F8&""))-1),설정_코드표!$J$2:$J$101,0)),ISNUMBER(MATCH(TRIM(RIGHT(SUBSTITUTE(TRIM(F8&"")," ",REPT(" ",60)),60)),설정_코드표!$F$2:$F$101,0))),INDEX(설정_코드표!$K$2:$K$101,MATCH(LEFT(TRIM(F8&""),FIND(" ",TRIM(F8&""))-1),설정_코드표!$J$2:$J$101,0))&" "&INDEX(설정_코드표!$G$2:$G$101,MATCH(TRIM(RIGHT(SUBSTITUTE(TRIM(F8&"")," ",REPT(" ",60)),60)),설정_코드표!$F$2:$F$101,0)),"⚠"&TRIM(F8&""))),"⚠"&TRIM(F8&"")) | O8: =IFERROR(IF(TRIM(G8&"")="","",IF(AND(ISNUMBER(FIND(" ",TRIM(G8&""))),ISNUMBER(MATCH(LEFT(TRIM(G8&""),FIND(" ",TRIM(G8&""))-1),설정_코드표!$J$2:$J$101,0)),ISNUMBER(MATCH(TRIM(RIGHT(SUBSTITUTE(TRIM(G8&"")," ",REPT(" ",60)),60)),설정_코드표!$F$2:$F$101,0))),INDEX(설정_코드표!$K$2:$K$101,MATCH(LEFT(TRIM(G8&""),FIND(" ",TRIM(G8&""))-1),설정_코드표!$J$2:$J$101,0))&" "&INDEX(설정_코드표!$G$2:$G$101,MATCH(TRIM(RIGHT(SUBSTITUTE(TRIM(G8&"")," ",REPT(" ",60)),60)),설정_코드표!$F$2:$F$101,0)),"⚠"&TRIM(G8&""))),"⚠"&TRIM(G8&"")) | P8: =IFERROR(IF(TRIM(H8&"")="","",IF(AND(ISNUMBER(FIND(" ",TRIM(H8&""))),ISNUMBER(MATCH(LEFT(TRIM(H8&""),FIND(" ",TRIM(H8&""))-1),설정_코드표!$J$2:$J$101,0)),ISNUMBER(MATCH(TRIM(RIGHT(SUBSTITUTE(TRIM(H8&"")," ",REPT(" ",60)),60)),설정_코드표!$F$2:$F$101,0))),INDEX(설정_코드표!$K$2:$K$101,MATCH(LEFT(TRIM(H8&""),FIND(" ",TRIM(H8&""))-1),설정_코드표!$J$2:$J$101,0))&" "&INDEX(설정_코드표!$G$2:$G$101,MATCH(TRIM(RIGHT(SUBSTITUTE(TRIM(H8&"")," ",REPT(" ",60)),60)),설정_코드표!$F$2:$F$101,0)),"⚠"&TRIM(H8&""))),"⚠"&TRIM(H8&"")) | Q8: =IFERROR(IF(TRIM(I8&"")="","",IF(AND(ISNUMBER(FIND(" ",TRIM(I8&""))),ISNUMBER(MATCH(LEFT(TRIM(I8&""),FIND(" ",TRIM(I8&""))-1),설정_코드표!$J$2:$J$101,0)),ISNUMBER(MATCH(TRIM(RIGHT(SUBSTITUTE(TRIM(I8&"")," ",REPT(" ",60)),60)),설정_코드표!$F$2:$F$101,0))),INDEX(설정_코드표!$K$2:$K$101,MATCH(LEFT(TRIM(I8&""),FIND(" ",TRIM(I8&""))-1),설정_코드표!$J$2:$J$101,0))&" "&INDEX(설정_코드표!$G$2:$G$101,MATCH(TRIM(RIGHT(SUBSTITUTE(TRIM(I8&"")," ",REPT(" ",60)),60)),설정_코드표!$F$2:$F$101,0)),"⚠"&TRIM(I8&""))),"⚠"&TRIM(I8&"")) | R8: =IFERROR(IF(TRIM(J8&"")="","",IF(AND(ISNUMBER(FIND(" ",TRIM(J8&""))),ISNUMBER(MATCH(LEFT(TRIM(J8&""),FIND(" ",TRIM(J8&""))-1),설정_코드표!$J$2:$J$101,0)),ISNUMBER(MATCH(TRIM(RIGHT(SUBSTITUTE(TRIM(J8&"")," ",REPT(" ",60)),60)),설정_코드표!$F$2:$F$101,0))),INDEX(설정_코드표!$K$2:$K$101,MATCH(LEFT(TRIM(J8&""),FIND(" ",TRIM(J8&""))-1),설정_코드표!$J$2:$J$101,0))&" "&INDEX(설정_코드표!$G$2:$G$101,MATCH(TRIM(RIGHT(SUBSTITUTE(TRIM(J8&"")," ",REPT(" ",60)),60)),설정_코드표!$F$2:$F$101,0)),"⚠"&TRIM(J8&""))),"⚠"&TRIM(J8&"")) | S8: =IF(K8="","",IFERROR(IF(AND(ROUND((VALUE(K8&"")-INT(VALUE(K8&"")))*100,0)>=1,ROUND((VALUE(K8&"")-INT(VALUE(K8&"")))*100,0)<=12,INT(VALUE(K8&""))>=1900),DATE(INT(VALUE(K8&"")),ROUND((VALUE(K8&"")-INT(VALUE(K8&"")))*100,0),1),K8&""),K8&"")) | T8: =COUNTIF(M8:R8,"⚠*")
M9: =IFERROR(IF(TRIM(E9&"")="","",IF(AND(ISNUMBER(FIND(" ",TRIM(E9&""))),ISNUMBER(MATCH(LEFT(TRIM(E9&""),FIND(" ",TRIM(E9&""))-1),설정_코드표!$J$2:$J$101,0)),ISNUMBER(MATCH(TRIM(RIGHT(SUBSTITUTE(TRIM(E9&"")," ",REPT(" ",60)),60)),설정_코드표!$F$2:$F$101,0))),INDEX(설정_코드표!$K$2:$K$101,MATCH(LEFT(TRIM(E9&""),FIND(" ",TRIM(E9&""))-1),설정_코드표!$J$2:$J$101,0))&" "&INDEX(설정_코드표!$G$2:$G$101,MATCH(TRIM(RIGHT(SUBSTITUTE(TRIM(E9&"")," ",REPT(" ",60)),60)),설정_코드표!$F$2:$F$101,0)),"⚠"&TRIM(E9&""))),"⚠"&TRIM(E9&"")) | N9: =IFERROR(IF(TRIM(F9&"")="","",IF(AND(ISNUMBER(FIND(" ",TRIM(F9&""))),ISNUMBER(MATCH(LEFT(TRIM(F9&""),FIND(" ",TRIM(F9&""))-1),설정_코드표!$J$2:$J$101,0)),ISNUMBER(MATCH(TRIM(RIGHT(SUBSTITUTE(TRIM(F9&"")," ",REPT(" ",60)),60)),설정_코드표!$F$2:$F$101,0))),INDEX(설정_코드표!$K$2:$K$101,MATCH(LEFT(TRIM(F9&""),FIND(" ",TRIM(F9&""))-1),설정_코드표!$J$2:$J$101,0))&" "&INDEX(설정_코드표!$G$2:$G$101,MATCH(TRIM(RIGHT(SUBSTITUTE(TRIM(F9&"")," ",REPT(" ",60)),60)),설정_코드표!$F$2:$F$101,0)),"⚠"&TRIM(F9&""))),"⚠"&TRIM(F9&"")) | O9: =IFERROR(IF(TRIM(G9&"")="","",IF(AND(ISNUMBER(FIND(" ",TRIM(G9&""))),ISNUMBER(MATCH(LEFT(TRIM(G9&""),FIND(" ",TRIM(G9&""))-1),설정_코드표!$J$2:$J$101,0)),ISNUMBER(MATCH(TRIM(RIGHT(SUBSTITUTE(TRIM(G9&"")," ",REPT(" ",60)),60)),설정_코드표!$F$2:$F$101,0))),INDEX(설정_코드표!$K$2:$K$101,MATCH(LEFT(TRIM(G9&""),FIND(" ",TRIM(G9&""))-1),설정_코드표!$J$2:$J$101,0))&" "&INDEX(설정_코드표!$G$2:$G$101,MATCH(TRIM(RIGHT(SUBSTITUTE(TRIM(G9&"")," ",REPT(" ",60)),60)),설정_코드표!$F$2:$F$101,0)),"⚠"&TRIM(G9&""))),"⚠"&TRIM(G9&"")) | P9: =IFERROR(IF(TRIM(H9&"")="","",IF(AND(ISNUMBER(FIND(" ",TRIM(H9&""))),ISNUMBER(MATCH(LEFT(TRIM(H9&""),FIND(" ",TRIM(H9&""))-1),설정_코드표!$J$2:$J$101,0)),ISNUMBER(MATCH(TRIM(RIGHT(SUBSTITUTE(TRIM(H9&"")," ",REPT(" ",60)),60)),설정_코드표!$F$2:$F$101,0))),INDEX(설정_코드표!$K$2:$K$101,MATCH(LEFT(TRIM(H9&""),FIND(" ",TRIM(H9&""))-1),설정_코드표!$J$2:$J$101,0))&" "&INDEX(설정_코드표!$G$2:$G$101,MATCH(TRIM(RIGHT(SUBSTITUTE(TRIM(H9&"")," ",REPT(" ",60)),60)),설정_코드표!$F$2:$F$101,0)),"⚠"&TRIM(H9&""))),"⚠"&TRIM(H9&"")) | Q9: =IFERROR(IF(TRIM(I9&"")="","",IF(AND(ISNUMBER(FIND(" ",TRIM(I9&""))),ISNUMBER(MATCH(LEFT(TRIM(I9&""),FIND(" ",TRIM(I9&""))-1),설정_코드표!$J$2:$J$101,0)),ISNUMBER(MATCH(TRIM(RIGHT(SUBSTITUTE(TRIM(I9&"")," ",REPT(" ",60)),60)),설정_코드표!$F$2:$F$101,0))),INDEX(설정_코드표!$K$2:$K$101,MATCH(LEFT(TRIM(I9&""),FIND(" ",TRIM(I9&""))-1),설정_코드표!$J$2:$J$101,0))&" "&INDEX(설정_코드표!$G$2:$G$101,MATCH(TRIM(RIGHT(SUBSTITUTE(TRIM(I9&"")," ",REPT(" ",60)),60)),설정_코드표!$F$2:$F$101,0)),"⚠"&TRIM(I9&""))),"⚠"&TRIM(I9&"")) | R9: =IFERROR(IF(TRIM(J9&"")="","",IF(AND(ISNUMBER(FIND(" ",TRIM(J9&""))),ISNUMBER(MATCH(LEFT(TRIM(J9&""),FIND(" ",TRIM(J9&""))-1),설정_코드표!$J$2:$J$101,0)),ISNUMBER(MATCH(TRIM(RIGHT(SUBSTITUTE(TRIM(J9&"")," ",REPT(" ",60)),60)),설정_코드표!$F$2:$F$101,0))),INDEX(설정_코드표!$K$2:$K$101,MATCH(LEFT(TRIM(J9&""),FIND(" ",TRIM(J9&""))-1),설정_코드표!$J$2:$J$101,0))&" "&INDEX(설정_코드표!$G$2:$G$101,MATCH(TRIM(RIGHT(SUBSTITUTE(TRIM(J9&"")," ",REPT(" ",60)),60)),설정_코드표!$F$2:$F$101,0)),"⚠"&TRIM(J9&""))),"⚠"&TRIM(J9&"")) | S9: =IF(K9="","",IFERROR(IF(AND(ROUND((VALUE(K9&"")-INT(VALUE(K9&"")))*100,0)>=1,ROUND((VALUE(K9&"")-INT(VALUE(K9&"")))*100,0)<=12,INT(VALUE(K9&""))>=1900),DATE(INT(VALUE(K9&"")),ROUND((VALUE(K9&"")-INT(VALUE(K9&"")))*100,0),1),K9&""),K9&"")) | T9: =COUNTIF(M9:R9,"⚠*")
M10: =IFERROR(IF(TRIM(E10&"")="","",IF(AND(ISNUMBER(FIND(" ",TRIM(E10&""))),ISNUMBER(MATCH(LEFT(TRIM(E10&""),FIND(" ",TRIM(E10&""))-1),설정_코드표!$J$2:$J$101,0)),ISNUMBER(MATCH(TRIM(RIGHT(SUBSTITUTE(TRIM(E10&"")," ",REPT(" ",60)),60)),설정_코드표!$F$2:$F$101,0))),INDEX(설정_코드표!$K$2:$K$101,MATCH(LEFT(TRIM(E10&""),FIND(" ",TRIM(E10&""))-1),설정_코드표!$J$2:$J$101,0))&" "&INDEX(설정_코드표!$G$2:$G$101,MATCH(TRIM(RIGHT(SUBSTITUTE(TRIM(E10&"")," ",REPT(" ",60)),60)),설정_코드표!$F$2:$F$101,0)),"⚠"&TRIM(E10&""))),"⚠"&TRIM(E10&"")) | N10: =IFERROR(IF(TRIM(F10&"")="","",IF(AND(ISNUMBER(FIND(" ",TRIM(F10&""))),ISNUMBER(MATCH(LEFT(TRIM(F10&""),FIND(" ",TRIM(F10&""))-1),설정_코드표!$J$2:$J$101,0)),ISNUMBER(MATCH(TRIM(RIGHT(SUBSTITUTE(TRIM(F10&"")," ",REPT(" ",60)),60)),설정_코드표!$F$2:$F$101,0))),INDEX(설정_코드표!$K$2:$K$101,MATCH(LEFT(TRIM(F10&""),FIND(" ",TRIM(F10&""))-1),설정_코드표!$J$2:$J$101,0))&" "&INDEX(설정_코드표!$G$2:$G$101,MATCH(TRIM(RIGHT(SUBSTITUTE(TRIM(F10&"")," ",REPT(" ",60)),60)),설정_코드표!$F$2:$F$101,0)),"⚠"&TRIM(F10&""))),"⚠"&TRIM(F10&"")) | O10: =IFERROR(IF(TRIM(G10&"")="","",IF(AND(ISNUMBER(FIND(" ",TRIM(G10&""))),ISNUMBER(MATCH(LEFT(TRIM(G10&""),FIND(" ",TRIM(G10&""))-1),설정_코드표!$J$2:$J$101,0)),ISNUMBER(MATCH(TRIM(RIGHT(SUBSTITUTE(TRIM(G10&"")," ",REPT(" ",60)),60)),설정_코드표!$F$2:$F$101,0))),INDEX(설정_코드표!$K$2:$K$101,MATCH(LEFT(TRIM(G10&""),FIND(" ",TRIM(G10&""))-1),설정_코드표!$J$2:$J$101,0))&" "&INDEX(설정_코드표!$G$2:$G$101,MATCH(TRIM(RIGHT(SUBSTITUTE(TRIM(G10&"")," ",REPT(" ",60)),60)),설정_코드표!$F$2:$F$101,0)),"⚠"&TRIM(G10&""))),"⚠"&TRIM(G10&"")) | P10: =IFERROR(IF(TRIM(H10&"")="","",IF(AND(ISNUMBER(FIND(" ",TRIM(H10&""))),ISNUMBER(MATCH(LEFT(TRIM(H10&""),FIND(" ",TRIM(H10&""))-1),설정_코드표!$J$2:$J$101,0)),ISNUMBER(MATCH(TRIM(RIGHT(SUBSTITUTE(TRIM(H10&"")," ",REPT(" ",60)),60)),설정_코드표!$F$2:$F$101,0))),INDEX(설정_코드표!$K$2:$K$101,MATCH(LEFT(TRIM(H10&""),FIND(" ",TRIM(H10&""))-1),설정_코드표!$J$2:$J$101,0))&" "&INDEX(설정_코드표!$G$2:$G$101,MATCH(TRIM(RIGHT(SUBSTITUTE(TRIM(H10&"")," ",REPT(" ",60)),60)),설정_코드표!$F$2:$F$101,0)),"⚠"&TRIM(H10&""))),"⚠"&TRIM(H10&"")) | Q10: =IFERROR(IF(TRIM(I10&"")="","",IF(AND(ISNUMBER(FIND(" ",TRIM(I10&""))),ISNUMBER(MATCH(LEFT(TRIM(I10&""),FIND(" ",TRIM(I10&""))-1),설정_코드표!$J$2:$J$101,0)),ISNUMBER(MATCH(TRIM(RIGHT(SUBSTITUTE(TRIM(I10&"")," ",REPT(" ",60)),60)),설정_코드표!$F$2:$F$101,0))),INDEX(설정_코드표!$K$2:$K$101,MATCH(LEFT(TRIM(I10&""),FIND(" ",TRIM(I10&""))-1),설정_코드표!$J$2:$J$101,0))&" "&INDEX(설정_코드표!$G$2:$G$101,MATCH(TRIM(RIGHT(SUBSTITUTE(TRIM(I10&"")," ",REPT(" ",60)),60)),설정_코드표!$F$2:$F$101,0)),"⚠"&TRIM(I10&""))),"⚠"&TRIM(I10&"")) | R10: =IFERROR(IF(TRIM(J10&"")="","",IF(AND(ISNUMBER(FIND(" ",TRIM(J10&""))),ISNUMBER(MATCH(LEFT(TRIM(J10&""),FIND(" ",TRIM(J10&""))-1),설정_코드표!$J$2:$J$101,0)),ISNUMBER(MATCH(TRIM(RIGHT(SUBSTITUTE(TRIM(J10&"")," ",REPT(" ",60)),60)),설정_코드표!$F$2:$F$101,0))),INDEX(설정_코드표!$K$2:$K$101,MATCH(LEFT(TRIM(J10&""),FIND(" ",TRIM(J10&""))-1),설정_코드표!$J$2:$J$101,0))&" "&INDEX(설정_코드표!$G$2:$G$101,MATCH(TRIM(RIGHT(SUBSTITUTE(TRIM(J10&"")," ",REPT(" ",60)),60)),설정_코드표!$F$2:$F$101,0)),"⚠"&TRIM(J10&""))),"⚠"&TRIM(J10&"")) | S10: =IF(K10="","",IFERROR(IF(AND(ROUND((VALUE(K10&"")-INT(VALUE(K10&"")))*100,0)>=1,ROUND((VALUE(K10&"")-INT(VALUE(K10&"")))*100,0)<=12,INT(VALUE(K10&""))>=1900),DATE(INT(VALUE(K10&"")),ROUND((VALUE(K10&"")-INT(VALUE(K10&"")))*100,0),1),K10&""),K10&"")) | T10: =COUNTIF(M10:R10,"⚠*")
M11: =IFERROR(IF(TRIM(E11&"")="","",IF(AND(ISNUMBER(FIND(" ",TRIM(E11&""))),ISNUMBER(MATCH(LEFT(TRIM(E11&""),FIND(" ",TRIM(E11&""))-1),설정_코드표!$J$2:$J$101,0)),ISNUMBER(MATCH(TRIM(RIGHT(SUBSTITUTE(TRIM(E11&"")," ",REPT(" ",60)),60)),설정_코드표!$F$2:$F$101,0))),INDEX(설정_코드표!$K$2:$K$101,MATCH(LEFT(TRIM(E11&""),FIND(" ",TRIM(E11&""))-1),설정_코드표!$J$2:$J$101,0))&" "&INDEX(설정_코드표!$G$2:$G$101,MATCH(TRIM(RIGHT(SUBSTITUTE(TRIM(E11&"")," ",REPT(" ",60)),60)),설정_코드표!$F$2:$F$101,0)),"⚠"&TRIM(E11&""))),"⚠"&TRIM(E11&"")) | N11: =IFERROR(IF(TRIM(F11&"")="","",IF(AND(ISNUMBER(FIND(" ",TRIM(F11&""))),ISNUMBER(MATCH(LEFT(TRIM(F11&""),FIND(" ",TRIM(F11&""))-1),설정_코드표!$J$2:$J$101,0)),ISNUMBER(MATCH(TRIM(RIGHT(SUBSTITUTE(TRIM(F11&"")," ",REPT(" ",60)),60)),설정_코드표!$F$2:$F$101,0))),INDEX(설정_코드표!$K$2:$K$101,MATCH(LEFT(TRIM(F11&""),FIND(" ",TRIM(F11&""))-1),설정_코드표!$J$2:$J$101,0))&" "&INDEX(설정_코드표!$G$2:$G$101,MATCH(TRIM(RIGHT(SUBSTITUTE(TRIM(F11&"")," ",REPT(" ",60)),60)),설정_코드표!$F$2:$F$101,0)),"⚠"&TRIM(F11&""))),"⚠"&TRIM(F11&"")) | O11: =IFERROR(IF(TRIM(G11&"")="","",IF(AND(ISNUMBER(FIND(" ",TRIM(G11&""))),ISNUMBER(MATCH(LEFT(TRIM(G11&""),FIND(" ",TRIM(G11&""))-1),설정_코드표!$J$2:$J$101,0)),ISNUMBER(MATCH(TRIM(RIGHT(SUBSTITUTE(TRIM(G11&"")," ",REPT(" ",60)),60)),설정_코드표!$F$2:$F$101,0))),INDEX(설정_코드표!$K$2:$K$101,MATCH(LEFT(TRIM(G11&""),FIND(" ",TRIM(G11&""))-1),설정_코드표!$J$2:$J$101,0))&" "&INDEX(설정_코드표!$G$2:$G$101,MATCH(TRIM(RIGHT(SUBSTITUTE(TRIM(G11&"")," ",REPT(" ",60)),60)),설정_코드표!$F$2:$F$101,0)),"⚠"&TRIM(G11&""))),"⚠"&TRIM(G11&"")) | P11: =IFERROR(IF(TRIM(H11&"")="","",IF(AND(ISNUMBER(FIND(" ",TRIM(H11&""))),ISNUMBER(MATCH(LEFT(TRIM(H11&""),FIND(" ",TRIM(H11&""))-1),설정_코드표!$J$2:$J$101,0)),ISNUMBER(MATCH(TRIM(RIGHT(SUBSTITUTE(TRIM(H11&"")," ",REPT(" ",60)),60)),설정_코드표!$F$2:$F$101,0))),INDEX(설정_코드표!$K$2:$K$101,MATCH(LEFT(TRIM(H11&""),FIND(" ",TRIM(H11&""))-1),설정_코드표!$J$2:$J$101,0))&" "&INDEX(설정_코드표!$G$2:$G$101,MATCH(TRIM(RIGHT(SUBSTITUTE(TRIM(H11&"")," ",REPT(" ",60)),60)),설정_코드표!$F$2:$F$101,0)),"⚠"&TRIM(H11&""))),"⚠"&TRIM(H11&"")) | Q11: =IFERROR(IF(TRIM(I11&"")="","",IF(AND(ISNUMBER(FIND(" ",TRIM(I11&""))),ISNUMBER(MATCH(LEFT(TRIM(I11&""),FIND(" ",TRIM(I11&""))-1),설정_코드표!$J$2:$J$101,0)),ISNUMBER(MATCH(TRIM(RIGHT(SUBSTITUTE(TRIM(I11&"")," ",REPT(" ",60)),60)),설정_코드표!$F$2:$F$101,0))),INDEX(설정_코드표!$K$2:$K$101,MATCH(LEFT(TRIM(I11&""),FIND(" ",TRIM(I11&""))-1),설정_코드표!$J$2:$J$101,0))&" "&INDEX(설정_코드표!$G$2:$G$101,MATCH(TRIM(RIGHT(SUBSTITUTE(TRIM(I11&"")," ",REPT(" ",60)),60)),설정_코드표!$F$2:$F$101,0)),"⚠"&TRIM(I11&""))),"⚠"&TRIM(I11&"")) | R11: =IFERROR(IF(TRIM(J11&"")="","",IF(AND(ISNUMBER(FIND(" ",TRIM(J11&""))),ISNUMBER(MATCH(LEFT(TRIM(J11&""),FIND(" ",TRIM(J11&""))-1),설정_코드표!$J$2:$J$101,0)),ISNUMBER(MATCH(TRIM(RIGHT(SUBSTITUTE(TRIM(J11&"")," ",REPT(" ",60)),60)),설정_코드표!$F$2:$F$101,0))),INDEX(설정_코드표!$K$2:$K$101,MATCH(LEFT(TRIM(J11&""),FIND(" ",TRIM(J11&""))-1),설정_코드표!$J$2:$J$101,0))&" "&INDEX(설정_코드표!$G$2:$G$101,MATCH(TRIM(RIGHT(SUBSTITUTE(TRIM(J11&"")," ",REPT(" ",60)),60)),설정_코드표!$F$2:$F$101,0)),"⚠"&TRIM(J11&""))),"⚠"&TRIM(J11&"")) | S11: =IF(K11="","",IFERROR(IF(AND(ROUND((VALUE(K11&"")-INT(VALUE(K11&"")))*100,0)>=1,ROUND((VALUE(K11&"")-INT(VALUE(K11&"")))*100,0)<=12,INT(VALUE(K11&""))>=1900),DATE(INT(VALUE(K11&"")),ROUND((VALUE(K11&"")-INT(VALUE(K11&"")))*100,0),1),K11&""),K11&"")) | T11: =COUNTIF(M11:R11,"⚠*")
M12: =IFERROR(IF(TRIM(E12&"")="","",IF(AND(ISNUMBER(FIND(" ",TRIM(E12&""))),ISNUMBER(MATCH(LEFT(TRIM(E12&""),FIND(" ",TRIM(E12&""))-1),설정_코드표!$J$2:$J$101,0)),ISNUMBER(MATCH(TRIM(RIGHT(SUBSTITUTE(TRIM(E12&"")," ",REPT(" ",60)),60)),설정_코드표!$F$2:$F$101,0))),INDEX(설정_코드표!$K$2:$K$101,MATCH(LEFT(TRIM(E12&""),FIND(" ",TRIM(E12&""))-1),설정_코드표!$J$2:$J$101,0))&" "&INDEX(설정_코드표!$G$2:$G$101,MATCH(TRIM(RIGHT(SUBSTITUTE(TRIM(E12&"")," ",REPT(" ",60)),60)),설정_코드표!$F$2:$F$101,0)),"⚠"&TRIM(E12&""))),"⚠"&TRIM(E12&"")) | N12: =IFERROR(IF(TRIM(F12&"")="","",IF(AND(ISNUMBER(FIND(" ",TRIM(F12&""))),ISNUMBER(MATCH(LEFT(TRIM(F12&""),FIND(" ",TRIM(F12&""))-1),설정_코드표!$J$2:$J$101,0)),ISNUMBER(MATCH(TRIM(RIGHT(SUBSTITUTE(TRIM(F12&"")," ",REPT(" ",60)),60)),설정_코드표!$F$2:$F$101,0))),INDEX(설정_코드표!$K$2:$K$101,MATCH(LEFT(TRIM(F12&""),FIND(" ",TRIM(F12&""))-1),설정_코드표!$J$2:$J$101,0))&" "&INDEX(설정_코드표!$G$2:$G$101,MATCH(TRIM(RIGHT(SUBSTITUTE(TRIM(F12&"")," ",REPT(" ",60)),60)),설정_코드표!$F$2:$F$101,0)),"⚠"&TRIM(F12&""))),"⚠"&TRIM(F12&"")) | O12: =IFERROR(IF(TRIM(G12&"")="","",IF(AND(ISNUMBER(FIND(" ",TRIM(G12&""))),ISNUMBER(MATCH(LEFT(TRIM(G12&""),FIND(" ",TRIM(G12&""))-1),설정_코드표!$J$2:$J$101,0)),ISNUMBER(MATCH(TRIM(RIGHT(SUBSTITUTE(TRIM(G12&"")," ",REPT(" ",60)),60)),설정_코드표!$F$2:$F$101,0))),INDEX(설정_코드표!$K$2:$K$101,MATCH(LEFT(TRIM(G12&""),FIND(" ",TRIM(G12&""))-1),설정_코드표!$J$2:$J$101,0))&" "&INDEX(설정_코드표!$G$2:$G$101,MATCH(TRIM(RIGHT(SUBSTITUTE(TRIM(G12&"")," ",REPT(" ",60)),60)),설정_코드표!$F$2:$F$101,0)),"⚠"&TRIM(G12&""))),"⚠"&TRIM(G12&"")) | P12: =IFERROR(IF(TRIM(H12&"")="","",IF(AND(ISNUMBER(FIND(" ",TRIM(H12&""))),ISNUMBER(MATCH(LEFT(TRIM(H12&""),FIND(" ",TRIM(H12&""))-1),설정_코드표!$J$2:$J$101,0)),ISNUMBER(MATCH(TRIM(RIGHT(SUBSTITUTE(TRIM(H12&"")," ",REPT(" ",60)),60)),설정_코드표!$F$2:$F$101,0))),INDEX(설정_코드표!$K$2:$K$101,MATCH(LEFT(TRIM(H12&""),FIND(" ",TRIM(H12&""))-1),설정_코드표!$J$2:$J$101,0))&" "&INDEX(설정_코드표!$G$2:$G$101,MATCH(TRIM(RIGHT(SUBSTITUTE(TRIM(H12&"")," ",REPT(" ",60)),60)),설정_코드표!$F$2:$F$101,0)),"⚠"&TRIM(H12&""))),"⚠"&TRIM(H12&"")) | Q12: =IFERROR(IF(TRIM(I12&"")="","",IF(AND(ISNUMBER(FIND(" ",TRIM(I12&""))),ISNUMBER(MATCH(LEFT(TRIM(I12&""),FIND(" ",TRIM(I12&""))-1),설정_코드표!$J$2:$J$101,0)),ISNUMBER(MATCH(TRIM(RIGHT(SUBSTITUTE(TRIM(I12&"")," ",REPT(" ",60)),60)),설정_코드표!$F$2:$F$101,0))),INDEX(설정_코드표!$K$2:$K$101,MATCH(LEFT(TRIM(I12&""),FIND(" ",TRIM(I12&""))-1),설정_코드표!$J$2:$J$101,0))&" "&INDEX(설정_코드표!$G$2:$G$101,MATCH(TRIM(RIGHT(SUBSTITUTE(TRIM(I12&"")," ",REPT(" ",60)),60)),설정_코드표!$F$2:$F$101,0)),"⚠"&TRIM(I12&""))),"⚠"&TRIM(I12&"")) | R12: =IFERROR(IF(TRIM(J12&"")="","",IF(AND(ISNUMBER(FIND(" ",TRIM(J12&""))),ISNUMBER(MATCH(LEFT(TRIM(J12&""),FIND(" ",TRIM(J12&""))-1),설정_코드표!$J$2:$J$101,0)),ISNUMBER(MATCH(TRIM(RIGHT(SUBSTITUTE(TRIM(J12&"")," ",REPT(" ",60)),60)),설정_코드표!$F$2:$F$101,0))),INDEX(설정_코드표!$K$2:$K$101,MATCH(LEFT(TRIM(J12&""),FIND(" ",TRIM(J12&""))-1),설정_코드표!$J$2:$J$101,0))&" "&INDEX(설정_코드표!$G$2:$G$101,MATCH(TRIM(RIGHT(SUBSTITUTE(TRIM(J12&"")," ",REPT(" ",60)),60)),설정_코드표!$F$2:$F$101,0)),"⚠"&TRIM(J12&""))),"⚠"&TRIM(J12&"")) | S12: =IF(K12="","",IFERROR(IF(AND(ROUND((VALUE(K12&"")-INT(VALUE(K12&"")))*100,0)>=1,ROUND((VALUE(K12&"")-INT(VALUE(K12&"")))*100,0)<=12,INT(VALUE(K12&""))>=1900),DATE(INT(VALUE(K12&"")),ROUND((VALUE(K12&"")-INT(VALUE(K12&"")))*100,0),1),K12&""),K12&"")) | T12: =COUNTIF(M12:R12,"⚠*")
M13: =IFERROR(IF(TRIM(E13&"")="","",IF(AND(ISNUMBER(FIND(" ",TRIM(E13&""))),ISNUMBER(MATCH(LEFT(TRIM(E13&""),FIND(" ",TRIM(E13&""))-1),설정_코드표!$J$2:$J$101,0)),ISNUMBER(MATCH(TRIM(RIGHT(SUBSTITUTE(TRIM(E13&"")," ",REPT(" ",60)),60)),설정_코드표!$F$2:$F$101,0))),INDEX(설정_코드표!$K$2:$K$101,MATCH(LEFT(TRIM(E13&""),FIND(" ",TRIM(E13&""))-1),설정_코드표!$J$2:$J$101,0))&" "&INDEX(설정_코드표!$G$2:$G$101,MATCH(TRIM(RIGHT(SUBSTITUTE(TRIM(E13&"")," ",REPT(" ",60)),60)),설정_코드표!$F$2:$F$101,0)),"⚠"&TRIM(E13&""))),"⚠"&TRIM(E13&"")) | N13: =IFERROR(IF(TRIM(F13&"")="","",IF(AND(ISNUMBER(FIND(" ",TRIM(F13&""))),ISNUMBER(MATCH(LEFT(TRIM(F13&""),FIND(" ",TRIM(F13&""))-1),설정_코드표!$J$2:$J$101,0)),ISNUMBER(MATCH(TRIM(RIGHT(SUBSTITUTE(TRIM(F13&"")," ",REPT(" ",60)),60)),설정_코드표!$F$2:$F$101,0))),INDEX(설정_코드표!$K$2:$K$101,MATCH(LEFT(TRIM(F13&""),FIND(" ",TRIM(F13&""))-1),설정_코드표!$J$2:$J$101,0))&" "&INDEX(설정_코드표!$G$2:$G$101,MATCH(TRIM(RIGHT(SUBSTITUTE(TRIM(F13&"")," ",REPT(" ",60)),60)),설정_코드표!$F$2:$F$101,0)),"⚠"&TRIM(F13&""))),"⚠"&TRIM(F13&"")) | O13: =IFERROR(IF(TRIM(G13&"")="","",IF(AND(ISNUMBER(FIND(" ",TRIM(G13&""))),ISNUMBER(MATCH(LEFT(TRIM(G13&""),FIND(" ",TRIM(G13&""))-1),설정_코드표!$J$2:$J$101,0)),ISNUMBER(MATCH(TRIM(RIGHT(SUBSTITUTE(TRIM(G13&"")," ",REPT(" ",60)),60)),설정_코드표!$F$2:$F$101,0))),INDEX(설정_코드표!$K$2:$K$101,MATCH(LEFT(TRIM(G13&""),FIND(" ",TRIM(G13&""))-1),설정_코드표!$J$2:$J$101,0))&" "&INDEX(설정_코드표!$G$2:$G$101,MATCH(TRIM(RIGHT(SUBSTITUTE(TRIM(G13&"")," ",REPT(" ",60)),60)),설정_코드표!$F$2:$F$101,0)),"⚠"&TRIM(G13&""))),"⚠"&TRIM(G13&"")) | P13: =IFERROR(IF(TRIM(H13&"")="","",IF(AND(ISNUMBER(FIND(" ",TRIM(H13&""))),ISNUMBER(MATCH(LEFT(TRIM(H13&""),FIND(" ",TRIM(H13&""))-1),설정_코드표!$J$2:$J$101,0)),ISNUMBER(MATCH(TRIM(RIGHT(SUBSTITUTE(TRIM(H13&"")," ",REPT(" ",60)),60)),설정_코드표!$F$2:$F$101,0))),INDEX(설정_코드표!$K$2:$K$101,MATCH(LEFT(TRIM(H13&""),FIND(" ",TRIM(H13&""))-1),설정_코드표!$J$2:$J$101,0))&" "&INDEX(설정_코드표!$G$2:$G$101,MATCH(TRIM(RIGHT(SUBSTITUTE(TRIM(H13&"")," ",REPT(" ",60)),60)),설정_코드표!$F$2:$F$101,0)),"⚠"&TRIM(H13&""))),"⚠"&TRIM(H13&"")) | Q13: =IFERROR(IF(TRIM(I13&"")="","",IF(AND(ISNUMBER(FIND(" ",TRIM(I13&""))),ISNUMBER(MATCH(LEFT(TRIM(I13&""),FIND(" ",TRIM(I13&""))-1),설정_코드표!$J$2:$J$101,0)),ISNUMBER(MATCH(TRIM(RIGHT(SUBSTITUTE(TRIM(I13&"")," ",REPT(" ",60)),60)),설정_코드표!$F$2:$F$101,0))),INDEX(설정_코드표!$K$2:$K$101,MATCH(LEFT(TRIM(I13&""),FIND(" ",TRIM(I13&""))-1),설정_코드표!$J$2:$J$101,0))&" "&INDEX(설정_코드표!$G$2:$G$101,MATCH(TRIM(RIGHT(SUBSTITUTE(TRIM(I13&"")," ",REPT(" ",60)),60)),설정_코드표!$F$2:$F$101,0)),"⚠"&TRIM(I13&""))),"⚠"&TRIM(I13&"")) | R13: =IFERROR(IF(TRIM(J13&"")="","",IF(AND(ISNUMBER(FIND(" ",TRIM(J13&""))),ISNUMBER(MATCH(LEFT(TRIM(J13&""),FIND(" ",TRIM(J13&""))-1),설정_코드표!$J$2:$J$101,0)),ISNUMBER(MATCH(TRIM(RIGHT(SUBSTITUTE(TRIM(J13&"")," ",REPT(" ",60)),60)),설정_코드표!$F$2:$F$101,0))),INDEX(설정_코드표!$K$2:$K$101,MATCH(LEFT(TRIM(J13&""),FIND(" ",TRIM(J13&""))-1),설정_코드표!$J$2:$J$101,0))&" "&INDEX(설정_코드표!$G$2:$G$101,MATCH(TRIM(RIGHT(SUBSTITUTE(TRIM(J13&"")," ",REPT(" ",60)),60)),설정_코드표!$F$2:$F$101,0)),"⚠"&TRIM(J13&""))),"⚠"&TRIM(J13&"")) | S13: =IF(K13="","",IFERROR(IF(AND(ROUND((VALUE(K13&"")-INT(VALUE(K13&"")))*100,0)>=1,ROUND((VALUE(K13&"")-INT(VALUE(K13&"")))*100,0)<=12,INT(VALUE(K13&""))>=1900),DATE(INT(VALUE(K13&"")),ROUND((VALUE(K13&"")-INT(VALUE(K13&"")))*100,0),1),K13&""),K13&"")) | T13: =COUNTIF(M13:R13,"⚠*")
M14: =IFERROR(IF(TRIM(E14&"")="","",IF(AND(ISNUMBER(FIND(" ",TRIM(E14&""))),ISNUMBER(MATCH(LEFT(TRIM(E14&""),FIND(" ",TRIM(E14&""))-1),설정_코드표!$J$2:$J$101,0)),ISNUMBER(MATCH(TRIM(RIGHT(SUBSTITUTE(TRIM(E14&"")," ",REPT(" ",60)),60)),설정_코드표!$F$2:$F$101,0))),INDEX(설정_코드표!$K$2:$K$101,MATCH(LEFT(TRIM(E14&""),FIND(" ",TRIM(E14&""))-1),설정_코드표!$J$2:$J$101,0))&" "&INDEX(설정_코드표!$G$2:$G$101,MATCH(TRIM(RIGHT(SUBSTITUTE(TRIM(E14&"")," ",REPT(" ",60)),60)),설정_코드표!$F$2:$F$101,0)),"⚠"&TRIM(E14&""))),"⚠"&TRIM(E14&"")) | N14: =IFERROR(IF(TRIM(F14&"")="","",IF(AND(ISNUMBER(FIND(" ",TRIM(F14&""))),ISNUMBER(MATCH(LEFT(TRIM(F14&""),FIND(" ",TRIM(F14&""))-1),설정_코드표!$J$2:$J$101,0)),ISNUMBER(MATCH(TRIM(RIGHT(SUBSTITUTE(TRIM(F14&"")," ",REPT(" ",60)),60)),설정_코드표!$F$2:$F$101,0))),INDEX(설정_코드표!$K$2:$K$101,MATCH(LEFT(TRIM(F14&""),FIND(" ",TRIM(F14&""))-1),설정_코드표!$J$2:$J$101,0))&" "&INDEX(설정_코드표!$G$2:$G$101,MATCH(TRIM(RIGHT(SUBSTITUTE(TRIM(F14&"")," ",REPT(" ",60)),60)),설정_코드표!$F$2:$F$101,0)),"⚠"&TRIM(F14&""))),"⚠"&TRIM(F14&"")) | O14: =IFERROR(IF(TRIM(G14&"")="","",IF(AND(ISNUMBER(FIND(" ",TRIM(G14&""))),ISNUMBER(MATCH(LEFT(TRIM(G14&""),FIND(" ",TRIM(G14&""))-1),설정_코드표!$J$2:$J$101,0)),ISNUMBER(MATCH(TRIM(RIGHT(SUBSTITUTE(TRIM(G14&"")," ",REPT(" ",60)),60)),설정_코드표!$F$2:$F$101,0))),INDEX(설정_코드표!$K$2:$K$101,MATCH(LEFT(TRIM(G14&""),FIND(" ",TRIM(G14&""))-1),설정_코드표!$J$2:$J$101,0))&" "&INDEX(설정_코드표!$G$2:$G$101,MATCH(TRIM(RIGHT(SUBSTITUTE(TRIM(G14&"")," ",REPT(" ",60)),60)),설정_코드표!$F$2:$F$101,0)),"⚠"&TRIM(G14&""))),"⚠"&TRIM(G14&"")) | P14: =IFERROR(IF(TRIM(H14&"")="","",IF(AND(ISNUMBER(FIND(" ",TRIM(H14&""))),ISNUMBER(MATCH(LEFT(TRIM(H14&""),FIND(" ",TRIM(H14&""))-1),설정_코드표!$J$2:$J$101,0)),ISNUMBER(MATCH(TRIM(RIGHT(SUBSTITUTE(TRIM(H14&"")," ",REPT(" ",60)),60)),설정_코드표!$F$2:$F$101,0))),INDEX(설정_코드표!$K$2:$K$101,MATCH(LEFT(TRIM(H14&""),FIND(" ",TRIM(H14&""))-1),설정_코드표!$J$2:$J$101,0))&" "&INDEX(설정_코드표!$G$2:$G$101,MATCH(TRIM(RIGHT(SUBSTITUTE(TRIM(H14&"")," ",REPT(" ",60)),60)),설정_코드표!$F$2:$F$101,0)),"⚠"&TRIM(H14&""))),"⚠"&TRIM(H14&"")) | Q14: =IFERROR(IF(TRIM(I14&"")="","",IF(AND(ISNUMBER(FIND(" ",TRIM(I14&""))),ISNUMBER(MATCH(LEFT(TRIM(I14&""),FIND(" ",TRIM(I14&""))-1),설정_코드표!$J$2:$J$101,0)),ISNUMBER(MATCH(TRIM(RIGHT(SUBSTITUTE(TRIM(I14&"")," ",REPT(" ",60)),60)),설정_코드표!$F$2:$F$101,0))),INDEX(설정_코드표!$K$2:$K$101,MATCH(LEFT(TRIM(I14&""),FIND(" ",TRIM(I14&""))-1),설정_코드표!$J$2:$J$101,0))&" "&INDEX(설정_코드표!$G$2:$G$101,MATCH(TRIM(RIGHT(SUBSTITUTE(TRIM(I14&"")," ",REPT(" ",60)),60)),설정_코드표!$F$2:$F$101,0)),"⚠"&TRIM(I14&""))),"⚠"&TRIM(I14&"")) | R14: =IFERROR(IF(TRIM(J14&"")="","",IF(AND(ISNUMBER(FIND(" ",TRIM(J14&""))),ISNUMBER(MATCH(LEFT(TRIM(J14&""),FIND(" ",TRIM(J14&""))-1),설정_코드표!$J$2:$J$101,0)),ISNUMBER(MATCH(TRIM(RIGHT(SUBSTITUTE(TRIM(J14&"")," ",REPT(" ",60)),60)),설정_코드표!$F$2:$F$101,0))),INDEX(설정_코드표!$K$2:$K$101,MATCH(LEFT(TRIM(J14&""),FIND(" ",TRIM(J14&""))-1),설정_코드표!$J$2:$J$101,0))&" "&INDEX(설정_코드표!$G$2:$G$101,MATCH(TRIM(RIGHT(SUBSTITUTE(TRIM(J14&"")," ",REPT(" ",60)),60)),설정_코드표!$F$2:$F$101,0)),"⚠"&TRIM(J14&""))),"⚠"&TRIM(J14&"")) | S14: =IF(K14="","",IFERROR(IF(AND(ROUND((VALUE(K14&"")-INT(VALUE(K14&"")))*100,0)>=1,ROUND((VALUE(K14&"")-INT(VALUE(K14&"")))*100,0)<=12,INT(VALUE(K14&""))>=1900),DATE(INT(VALUE(K14&"")),ROUND((VALUE(K14&"")-INT(VALUE(K14&"")))*100,0),1),K14&""),K14&"")) | T14: =COUNTIF(M14:R14,"⚠*")
M15: =IFERROR(IF(TRIM(E15&"")="","",IF(AND(ISNUMBER(FIND(" ",TRIM(E15&""))),ISNUMBER(MATCH(LEFT(TRIM(E15&""),FIND(" ",TRIM(E15&""))-1),설정_코드표!$J$2:$J$101,0)),ISNUMBER(MATCH(TRIM(RIGHT(SUBSTITUTE(TRIM(E15&"")," ",REPT(" ",60)),60)),설정_코드표!$F$2:$F$101,0))),INDEX(설정_코드표!$K$2:$K$101,MATCH(LEFT(TRIM(E15&""),FIND(" ",TRIM(E15&""))-1),설정_코드표!$J$2:$J$101,0))&" "&INDEX(설정_코드표!$G$2:$G$101,MATCH(TRIM(RIGHT(SUBSTITUTE(TRIM(E15&"")," ",REPT(" ",60)),60)),설정_코드표!$F$2:$F$101,0)),"⚠"&TRIM(E15&""))),"⚠"&TRIM(E15&"")) | N15: =IFERROR(IF(TRIM(F15&"")="","",IF(AND(ISNUMBER(FIND(" ",TRIM(F15&""))),ISNUMBER(MATCH(LEFT(TRIM(F15&""),FIND(" ",TRIM(F15&""))-1),설정_코드표!$J$2:$J$101,0)),ISNUMBER(MATCH(TRIM(RIGHT(SUBSTITUTE(TRIM(F15&"")," ",REPT(" ",60)),60)),설정_코드표!$F$2:$F$101,0))),INDEX(설정_코드표!$K$2:$K$101,MATCH(LEFT(TRIM(F15&""),FIND(" ",TRIM(F15&""))-1),설정_코드표!$J$2:$J$101,0))&" "&INDEX(설정_코드표!$G$2:$G$101,MATCH(TRIM(RIGHT(SUBSTITUTE(TRIM(F15&"")," ",REPT(" ",60)),60)),설정_코드표!$F$2:$F$101,0)),"⚠"&TRIM(F15&""))),"⚠"&TRIM(F15&"")) | O15: =IFERROR(IF(TRIM(G15&"")="","",IF(AND(ISNUMBER(FIND(" ",TRIM(G15&""))),ISNUMBER(MATCH(LEFT(TRIM(G15&""),FIND(" ",TRIM(G15&""))-1),설정_코드표!$J$2:$J$101,0)),ISNUMBER(MATCH(TRIM(RIGHT(SUBSTITUTE(TRIM(G15&"")," ",REPT(" ",60)),60)),설정_코드표!$F$2:$F$101,0))),INDEX(설정_코드표!$K$2:$K$101,MATCH(LEFT(TRIM(G15&""),FIND(" ",TRIM(G15&""))-1),설정_코드표!$J$2:$J$101,0))&" "&INDEX(설정_코드표!$G$2:$G$101,MATCH(TRIM(RIGHT(SUBSTITUTE(TRIM(G15&"")," ",REPT(" ",60)),60)),설정_코드표!$F$2:$F$101,0)),"⚠"&TRIM(G15&""))),"⚠"&TRIM(G15&"")) | P15: =IFERROR(IF(TRIM(H15&"")="","",IF(AND(ISNUMBER(FIND(" ",TRIM(H15&""))),ISNUMBER(MATCH(LEFT(TRIM(H15&""),FIND(" ",TRIM(H15&""))-1),설정_코드표!$J$2:$J$101,0)),ISNUMBER(MATCH(TRIM(RIGHT(SUBSTITUTE(TRIM(H15&"")," ",REPT(" ",60)),60)),설정_코드표!$F$2:$F$101,0))),INDEX(설정_코드표!$K$2:$K$101,MATCH(LEFT(TRIM(H15&""),FIND(" ",TRIM(H15&""))-1),설정_코드표!$J$2:$J$101,0))&" "&INDEX(설정_코드표!$G$2:$G$101,MATCH(TRIM(RIGHT(SUBSTITUTE(TRIM(H15&"")," ",REPT(" ",60)),60)),설정_코드표!$F$2:$F$101,0)),"⚠"&TRIM(H15&""))),"⚠"&TRIM(H15&"")) | Q15: =IFERROR(IF(TRIM(I15&"")="","",IF(AND(ISNUMBER(FIND(" ",TRIM(I15&""))),ISNUMBER(MATCH(LEFT(TRIM(I15&""),FIND(" ",TRIM(I15&""))-1),설정_코드표!$J$2:$J$101,0)),ISNUMBER(MATCH(TRIM(RIGHT(SUBSTITUTE(TRIM(I15&"")," ",REPT(" ",60)),60)),설정_코드표!$F$2:$F$101,0))),INDEX(설정_코드표!$K$2:$K$101,MATCH(LEFT(TRIM(I15&""),FIND(" ",TRIM(I15&""))-1),설정_코드표!$J$2:$J$101,0))&" "&INDEX(설정_코드표!$G$2:$G$101,MATCH(TRIM(RIGHT(SUBSTITUTE(TRIM(I15&"")," ",REPT(" ",60)),60)),설정_코드표!$F$2:$F$101,0)),"⚠"&TRIM(I15&""))),"⚠"&TRIM(I15&"")) | R15: =IFERROR(IF(TRIM(J15&"")="","",IF(AND(ISNUMBER(FIND(" ",TRIM(J15&""))),ISNUMBER(MATCH(LEFT(TRIM(J15&""),FIND(" ",TRIM(J15&""))-1),설정_코드표!$J$2:$J$101,0)),ISNUMBER(MATCH(TRIM(RIGHT(SUBSTITUTE(TRIM(J15&"")," ",REPT(" ",60)),60)),설정_코드표!$F$2:$F$101,0))),INDEX(설정_코드표!$K$2:$K$101,MATCH(LEFT(TRIM(J15&""),FIND(" ",TRIM(J15&""))-1),설정_코드표!$J$2:$J$101,0))&" "&INDEX(설정_코드표!$G$2:$G$101,MATCH(TRIM(RIGHT(SUBSTITUTE(TRIM(J15&"")," ",REPT(" ",60)),60)),설정_코드표!$F$2:$F$101,0)),"⚠"&TRIM(J15&""))),"⚠"&TRIM(J15&"")) | S15: =IF(K15="","",IFERROR(IF(AND(ROUND((VALUE(K15&"")-INT(VALUE(K15&"")))*100,0)>=1,ROUND((VALUE(K15&"")-INT(VALUE(K15&"")))*100,0)<=12,INT(VALUE(K15&""))>=1900),DATE(INT(VALUE(K15&"")),ROUND((VALUE(K15&"")-INT(VALUE(K15&"")))*100,0),1),K15&""),K15&"")) | T15: =COUNTIF(M15:R15,"⚠*")
M16: =IFERROR(IF(TRIM(E16&"")="","",IF(AND(ISNUMBER(FIND(" ",TRIM(E16&""))),ISNUMBER(MATCH(LEFT(TRIM(E16&""),FIND(" ",TRIM(E16&""))-1),설정_코드표!$J$2:$J$101,0)),ISNUMBER(MATCH(TRIM(RIGHT(SUBSTITUTE(TRIM(E16&"")," ",REPT(" ",60)),60)),설정_코드표!$F$2:$F$101,0))),INDEX(설정_코드표!$K$2:$K$101,MATCH(LEFT(TRIM(E16&""),FIND(" ",TRIM(E16&""))-1),설정_코드표!$J$2:$J$101,0))&" "&INDEX(설정_코드표!$G$2:$G$101,MATCH(TRIM(RIGHT(SUBSTITUTE(TRIM(E16&"")," ",REPT(" ",60)),60)),설정_코드표!$F$2:$F$101,0)),"⚠"&TRIM(E16&""))),"⚠"&TRIM(E16&"")) | N16: =IFERROR(IF(TRIM(F16&"")="","",IF(AND(ISNUMBER(FIND(" ",TRIM(F16&""))),ISNUMBER(MATCH(LEFT(TRIM(F16&""),FIND(" ",TRIM(F16&""))-1),설정_코드표!$J$2:$J$101,0)),ISNUMBER(MATCH(TRIM(RIGHT(SUBSTITUTE(TRIM(F16&"")," ",REPT(" ",60)),60)),설정_코드표!$F$2:$F$101,0))),INDEX(설정_코드표!$K$2:$K$101,MATCH(LEFT(TRIM(F16&""),FIND(" ",TRIM(F16&""))-1),설정_코드표!$J$2:$J$101,0))&" "&INDEX(설정_코드표!$G$2:$G$101,MATCH(TRIM(RIGHT(SUBSTITUTE(TRIM(F16&"")," ",REPT(" ",60)),60)),설정_코드표!$F$2:$F$101,0)),"⚠"&TRIM(F16&""))),"⚠"&TRIM(F16&"")) | O16: =IFERROR(IF(TRIM(G16&"")="","",IF(AND(ISNUMBER(FIND(" ",TRIM(G16&""))),ISNUMBER(MATCH(LEFT(TRIM(G16&""),FIND(" ",TRIM(G16&""))-1),설정_코드표!$J$2:$J$101,0)),ISNUMBER(MATCH(TRIM(RIGHT(SUBSTITUTE(TRIM(G16&"")," ",REPT(" ",60)),60)),설정_코드표!$F$2:$F$101,0))),INDEX(설정_코드표!$K$2:$K$101,MATCH(LEFT(TRIM(G16&""),FIND(" ",TRIM(G16&""))-1),설정_코드표!$J$2:$J$101,0))&" "&INDEX(설정_코드표!$G$2:$G$101,MATCH(TRIM(RIGHT(SUBSTITUTE(TRIM(G16&"")," ",REPT(" ",60)),60)),설정_코드표!$F$2:$F$101,0)),"⚠"&TRIM(G16&""))),"⚠"&TRIM(G16&"")) | P16: =IFERROR(IF(TRIM(H16&"")="","",IF(AND(ISNUMBER(FIND(" ",TRIM(H16&""))),ISNUMBER(MATCH(LEFT(TRIM(H16&""),FIND(" ",TRIM(H16&""))-1),설정_코드표!$J$2:$J$101,0)),ISNUMBER(MATCH(TRIM(RIGHT(SUBSTITUTE(TRIM(H16&"")," ",REPT(" ",60)),60)),설정_코드표!$F$2:$F$101,0))),INDEX(설정_코드표!$K$2:$K$101,MATCH(LEFT(TRIM(H16&""),FIND(" ",TRIM(H16&""))-1),설정_코드표!$J$2:$J$101,0))&" "&INDEX(설정_코드표!$G$2:$G$101,MATCH(TRIM(RIGHT(SUBSTITUTE(TRIM(H16&"")," ",REPT(" ",60)),60)),설정_코드표!$F$2:$F$101,0)),"⚠"&TRIM(H16&""))),"⚠"&TRIM(H16&"")) | Q16: =IFERROR(IF(TRIM(I16&"")="","",IF(AND(ISNUMBER(FIND(" ",TRIM(I16&""))),ISNUMBER(MATCH(LEFT(TRIM(I16&""),FIND(" ",TRIM(I16&""))-1),설정_코드표!$J$2:$J$101,0)),ISNUMBER(MATCH(TRIM(RIGHT(SUBSTITUTE(TRIM(I16&"")," ",REPT(" ",60)),60)),설정_코드표!$F$2:$F$101,0))),INDEX(설정_코드표!$K$2:$K$101,MATCH(LEFT(TRIM(I16&""),FIND(" ",TRIM(I16&""))-1),설정_코드표!$J$2:$J$101,0))&" "&INDEX(설정_코드표!$G$2:$G$101,MATCH(TRIM(RIGHT(SUBSTITUTE(TRIM(I16&"")," ",REPT(" ",60)),60)),설정_코드표!$F$2:$F$101,0)),"⚠"&TRIM(I16&""))),"⚠"&TRIM(I16&"")) | R16: =IFERROR(IF(TRIM(J16&"")="","",IF(AND(ISNUMBER(FIND(" ",TRIM(J16&""))),ISNUMBER(MATCH(LEFT(TRIM(J16&""),FIND(" ",TRIM(J16&""))-1),설정_코드표!$J$2:$J$101,0)),ISNUMBER(MATCH(TRIM(RIGHT(SUBSTITUTE(TRIM(J16&"")," ",REPT(" ",60)),60)),설정_코드표!$F$2:$F$101,0))),INDEX(설정_코드표!$K$2:$K$101,MATCH(LEFT(TRIM(J16&""),FIND(" ",TRIM(J16&""))-1),설정_코드표!$J$2:$J$101,0))&" "&INDEX(설정_코드표!$G$2:$G$101,MATCH(TRIM(RIGHT(SUBSTITUTE(TRIM(J16&"")," ",REPT(" ",60)),60)),설정_코드표!$F$2:$F$101,0)),"⚠"&TRIM(J16&""))),"⚠"&TRIM(J16&"")) | S16: =IF(K16="","",IFERROR(IF(AND(ROUND((VALUE(K16&"")-INT(VALUE(K16&"")))*100,0)>=1,ROUND((VALUE(K16&"")-INT(VALUE(K16&"")))*100,0)<=12,INT(VALUE(K16&""))>=1900),DATE(INT(VALUE(K16&"")),ROUND((VALUE(K16&"")-INT(VALUE(K16&"")))*100,0),1),K16&""),K16&"")) | T16: =COUNTIF(M16:R16,"⚠*")
M17: =IFERROR(IF(TRIM(E17&"")="","",IF(AND(ISNUMBER(FIND(" ",TRIM(E17&""))),ISNUMBER(MATCH(LEFT(TRIM(E17&""),FIND(" ",TRIM(E17&""))-1),설정_코드표!$J$2:$J$101,0)),ISNUMBER(MATCH(TRIM(RIGHT(SUBSTITUTE(TRIM(E17&"")," ",REPT(" ",60)),60)),설정_코드표!$F$2:$F$101,0))),INDEX(설정_코드표!$K$2:$K$101,MATCH(LEFT(TRIM(E17&""),FIND(" ",TRIM(E17&""))-1),설정_코드표!$J$2:$J$101,0))&" "&INDEX(설정_코드표!$G$2:$G$101,MATCH(TRIM(RIGHT(SUBSTITUTE(TRIM(E17&"")," ",REPT(" ",60)),60)),설정_코드표!$F$2:$F$101,0)),"⚠"&TRIM(E17&""))),"⚠"&TRIM(E17&"")) | N17: =IFERROR(IF(TRIM(F17&"")="","",IF(AND(ISNUMBER(FIND(" ",TRIM(F17&""))),ISNUMBER(MATCH(LEFT(TRIM(F17&""),FIND(" ",TRIM(F17&""))-1),설정_코드표!$J$2:$J$101,0)),ISNUMBER(MATCH(TRIM(RIGHT(SUBSTITUTE(TRIM(F17&"")," ",REPT(" ",60)),60)),설정_코드표!$F$2:$F$101,0))),INDEX(설정_코드표!$K$2:$K$101,MATCH(LEFT(TRIM(F17&""),FIND(" ",TRIM(F17&""))-1),설정_코드표!$J$2:$J$101,0))&" "&INDEX(설정_코드표!$G$2:$G$101,MATCH(TRIM(RIGHT(SUBSTITUTE(TRIM(F17&"")," ",REPT(" ",60)),60)),설정_코드표!$F$2:$F$101,0)),"⚠"&TRIM(F17&""))),"⚠"&TRIM(F17&"")) | O17: =IFERROR(IF(TRIM(G17&"")="","",IF(AND(ISNUMBER(FIND(" ",TRIM(G17&""))),ISNUMBER(MATCH(LEFT(TRIM(G17&""),FIND(" ",TRIM(G17&""))-1),설정_코드표!$J$2:$J$101,0)),ISNUMBER(MATCH(TRIM(RIGHT(SUBSTITUTE(TRIM(G17&"")," ",REPT(" ",60)),60)),설정_코드표!$F$2:$F$101,0))),INDEX(설정_코드표!$K$2:$K$101,MATCH(LEFT(TRIM(G17&""),FIND(" ",TRIM(G17&""))-1),설정_코드표!$J$2:$J$101,0))&" "&INDEX(설정_코드표!$G$2:$G$101,MATCH(TRIM(RIGHT(SUBSTITUTE(TRIM(G17&"")," ",REPT(" ",60)),60)),설정_코드표!$F$2:$F$101,0)),"⚠"&TRIM(G17&""))),"⚠"&TRIM(G17&"")) | P17: =IFERROR(IF(TRIM(H17&"")="","",IF(AND(ISNUMBER(FIND(" ",TRIM(H17&""))),ISNUMBER(MATCH(LEFT(TRIM(H17&""),FIND(" ",TRIM(H17&""))-1),설정_코드표!$J$2:$J$101,0)),ISNUMBER(MATCH(TRIM(RIGHT(SUBSTITUTE(TRIM(H17&"")," ",REPT(" ",60)),60)),설정_코드표!$F$2:$F$101,0))),INDEX(설정_코드표!$K$2:$K$101,MATCH(LEFT(TRIM(H17&""),FIND(" ",TRIM(H17&""))-1),설정_코드표!$J$2:$J$101,0))&" "&INDEX(설정_코드표!$G$2:$G$101,MATCH(TRIM(RIGHT(SUBSTITUTE(TRIM(H17&"")," ",REPT(" ",60)),60)),설정_코드표!$F$2:$F$101,0)),"⚠"&TRIM(H17&""))),"⚠"&TRIM(H17&"")) | Q17: =IFERROR(IF(TRIM(I17&"")="","",IF(AND(ISNUMBER(FIND(" ",TRIM(I17&""))),ISNUMBER(MATCH(LEFT(TRIM(I17&""),FIND(" ",TRIM(I17&""))-1),설정_코드표!$J$2:$J$101,0)),ISNUMBER(MATCH(TRIM(RIGHT(SUBSTITUTE(TRIM(I17&"")," ",REPT(" ",60)),60)),설정_코드표!$F$2:$F$101,0))),INDEX(설정_코드표!$K$2:$K$101,MATCH(LEFT(TRIM(I17&""),FIND(" ",TRIM(I17&""))-1),설정_코드표!$J$2:$J$101,0))&" "&INDEX(설정_코드표!$G$2:$G$101,MATCH(TRIM(RIGHT(SUBSTITUTE(TRIM(I17&"")," ",REPT(" ",60)),60)),설정_코드표!$F$2:$F$101,0)),"⚠"&TRIM(I17&""))),"⚠"&TRIM(I17&"")) | R17: =IFERROR(IF(TRIM(J17&"")="","",IF(AND(ISNUMBER(FIND(" ",TRIM(J17&""))),ISNUMBER(MATCH(LEFT(TRIM(J17&""),FIND(" ",TRIM(J17&""))-1),설정_코드표!$J$2:$J$101,0)),ISNUMBER(MATCH(TRIM(RIGHT(SUBSTITUTE(TRIM(J17&"")," ",REPT(" ",60)),60)),설정_코드표!$F$2:$F$101,0))),INDEX(설정_코드표!$K$2:$K$101,MATCH(LEFT(TRIM(J17&""),FIND(" ",TRIM(J17&""))-1),설정_코드표!$J$2:$J$101,0))&" "&INDEX(설정_코드표!$G$2:$G$101,MATCH(TRIM(RIGHT(SUBSTITUTE(TRIM(J17&"")," ",REPT(" ",60)),60)),설정_코드표!$F$2:$F$101,0)),"⚠"&TRIM(J17&""))),"⚠"&TRIM(J17&"")) | S17: =IF(K17="","",IFERROR(IF(AND(ROUND((VALUE(K17&"")-INT(VALUE(K17&"")))*100,0)>=1,ROUND((VALUE(K17&"")-INT(VALUE(K17&"")))*100,0)<=12,INT(VALUE(K17&""))>=1900),DATE(INT(VALUE(K17&"")),ROUND((VALUE(K17&"")-INT(VALUE(K17&"")))*100,0),1),K17&""),K17&"")) | T17: =COUNTIF(M17:R17,"⚠*")
... M402: =IFERROR(IF(TRIM(E402&"")="","",IF(AND(ISNUMBER(FIND(" ",TRIM(E402&""))),ISNUMBER(MATCH(LEFT(TRIM(E402&""),FIND(" ",TRIM(E402&""))-1),설정_코드표!$J$2:$J$101,0)),ISNUMBER(MATCH(TRIM(RIGHT(SUBSTITUTE(TRIM(E402&"")," ",REPT(" ",60)),60)),설정_코드표!$F$2:$F$101,0))),INDEX(설정_코드표!$K$2:$K$101,MATCH(LEFT(TRIM(E402&""),FIND(" ",TRIM(E402&""))-1),설정_코드표!$J$2:$J$101,0))&" "&INDEX(설정_코드표!$G$2:$G$101,MATCH(TRIM(RIGHT(SUBSTITUTE(TRIM(E402&"")," ",REPT(" ",60)),60)),설정_코드표!$F$2:$F$101,0)),"⚠"&TRIM(E402&""))),"⚠"&TRIM(E402&"")) | N402: =IFERROR(IF(TRIM(F402&"")="","",IF(AND(ISNUMBER(FIND(" ",TRIM(F402&""))),ISNUMBER(MATCH(LEFT(TRIM(F402&""),FIND(" ",TRIM(F402&""))-1),설정_코드표!$J$2:$J$101,0)),ISNUMBER(MATCH(TRIM(RIGHT(SUBSTITUTE(TRIM(F402&"")," ",REPT(" ",60)),60)),설정_코드표!$F$2:$F$101,0))),INDEX(설정_코드표!$K$2:$K$101,MATCH(LEFT(TRIM(F402&""),FIND(" ",TRIM(F402&""))-1),설정_코드표!$J$2:$J$101,0))&" "&INDEX(설정_코드표!$G$2:$G$101,MATCH(TRIM(RIGHT(SUBSTITUTE(TRIM(F402&"")," ",REPT(" ",60)),60)),설정_코드표!$F$2:$F$101,0)),"⚠"&TRIM(F402&""))),"⚠"&TRIM(F402&"")) | O402: =IFERROR(IF(TRIM(G402&"")="","",IF(AND(ISNUMBER(FIND(" ",TRIM(G402&""))),ISNUMBER(MATCH(LEFT(TRIM(G402&""),FIND(" ",TRIM(G402&""))-1),설정_코드표!$J$2:$J$101,0)),ISNUMBER(MATCH(TRIM(RIGHT(SUBSTITUTE(TRIM(G402&"")," ",REPT(" ",60)),60)),설정_코드표!$F$2:$F$101,0))),INDEX(설정_코드표!$K$2:$K$101,MATCH(LEFT(TRIM(G402&""),FIND(" ",TRIM(G402&""))-1),설정_코드표!$J$2:$J$101,0))&" "&INDEX(설정_코드표!$G$2:$G$101,MATCH(TRIM(RIGHT(SUBSTITUTE(TRIM(G402&"")," ",REPT(" ",60)),60)),설정_코드표!$F$2:$F$101,0)),"⚠"&TRIM(G402&""))),"⚠"&TRIM(G402&"")) | P402: =IFERROR(IF(TRIM(H402&"")="","",IF(AND(ISNUMBER(FIND(" ",TRIM(H402&""))),ISNUMBER(MATCH(LEFT(TRIM(H402&""),FIND(" ",TRIM(H402&""))-1),설정_코드표!$J$2:$J$101,0)),ISNUMBER(MATCH(TRIM(RIGHT(SUBSTITUTE(TRIM(H402&"")," ",REPT(" ",60)),60)),설정_코드표!$F$2:$F$101,0))),INDEX(설정_코드표!$K$2:$K$101,MATCH(LEFT(TRIM(H402&""),FIND(" ",TRIM(H402&""))-1),설정_코드표!$J$2:$J$101,0))&" "&INDEX(설정_코드표!$G$2:$G$101,MATCH(TRIM(RIGHT(SUBSTITUTE(TRIM(H402&"")," ",REPT(" ",60)),60)),설정_코드표!$F$2:$F$101,0)),"⚠"&TRIM(H402&""))),"⚠"&TRIM(H402&"")) | Q402: =IFERROR(IF(TRIM(I402&"")="","",IF(AND(ISNUMBER(FIND(" ",TRIM(I402&""))),ISNUMBER(MATCH(LEFT(TRIM(I402&""),FIND(" ",TRIM(I402&""))-1),설정_코드표!$J$2:$J$101,0)),ISNUMBER(MATCH(TRIM(RIGHT(SUBSTITUTE(TRIM(I402&"")," ",REPT(" ",60)),60)),설정_코드표!$F$2:$F$101,0))),INDEX(설정_코드표!$K$2:$K$101,MATCH(LEFT(TRIM(I402&""),FIND(" ",TRIM(I402&""))-1),설정_코드표!$J$2:$J$101,0))&" "&INDEX(설정_코드표!$G$2:$G$101,MATCH(TRIM(RIGHT(SUBSTITUTE(TRIM(I402&"")," ",REPT(" ",60)),60)),설정_코드표!$F$2:$F$101,0)),"⚠"&TRIM(I402&""))),"⚠"&TRIM(I402&"")) | R402: =IFERROR(IF(TRIM(J402&"")="","",IF(AND(ISNUMBER(FIND(" ",TRIM(J402&""))),ISNUMBER(MATCH(LEFT(TRIM(J402&""),FIND(" ",TRIM(J402&""))-1),설정_코드표!$J$2:$J$101,0)),ISNUMBER(MATCH(TRIM(RIGHT(SUBSTITUTE(TRIM(J402&"")," ",REPT(" ",60)),60)),설정_코드표!$F$2:$F$101,0))),INDEX(설정_코드표!$K$2:$K$101,MATCH(LEFT(TRIM(J402&""),FIND(" ",TRIM(J402&""))-1),설정_코드표!$J$2:$J$101,0))&" "&INDEX(설정_코드표!$G$2:$G$101,MATCH(TRIM(RIGHT(SUBSTITUTE(TRIM(J402&"")," ",REPT(" ",60)),60)),설정_코드표!$F$2:$F$101,0)),"⚠"&TRIM(J402&""))),"⚠"&TRIM(J402&"")) | S402: =IF(K402="","",IFERROR(IF(AND(ROUND((VALUE(K402&"")-INT(VALUE(K402&"")))*100,0)>=1,ROUND((VALUE(K402&"")-INT(VALUE(K402&"")))*100,0)<=12,INT(VALUE(K402&""))>=1900),DATE(INT(VALUE(K402&"")),ROUND((VALUE(K402&"")-INT(VALUE(K402&"")))*100,0),1),K402&""),K402&"")) | T402: =COUNTIF(M402:R402,"⚠*")

Sheet 입력_파견수련계획
A1: 연번 | B1: 모병원명 | C1: 수련 종별 (I/R) | D1: 수련 과목 | E1: 연차 | F1: 성명 | G1: 전공의 등록번호 | H1: 파견시작일 | I1: 파견종료일 | J1: 파견일수 | K1: 파견병원 | L1: 파견 과목 | M1: 파견근거 (모자/통합수련) | N1: 비고 | Q1: ↓ 자동 계산 (수정 금지) — 병원/과목은 코드표 기준으로 통일, 인식 불가는 ⚠ 표시
Q3: 키(등록번호) | R3: 모병원(정규화) | S3: 파견병원(정규화) | T3: 파견근거(정규화) | U3: 파견과목(정규화) | V3: 파견일수(계산) | W3: 급여기준월 겹침일수 | X3: 상태 | Y3: 키|상태 | Z3: 키|기준월 | AA3: 입력 오류 | AB3: 비고 다기관 시작 | AC3: 비고 다기관 종료 | AD3: 비고 다기관 기준월 겹침일수 | AE3: 키|다기관
A4: =IF(F4="","",ROW()-3) | B4: 한양대학교병원 | C4: R | D4: 내과 | E4: 3 | F4: 박ㅇㅇ | G4: 21-1111 | H4: 46144 | I4: 46265 | J4: =IF(AND(ISNUMBER(H4),ISNUMBER(I4)),I4-H4+1,"") | K4: 한양대구리병원 | L4: 내과 | M4: 모자 | O4: 2026.09.01-2026.09.30 다기관 파견 | Q4: =IF(TRIM(G4&"")="","",TRIM(G4&"")) | R4: =IF(TRIM(B4&"")="","",IFERROR(INDEX(설정_코드표!$K$2:$K$101,MATCH(TRIM(B4&""),설정_코드표!$J$2:$J$101,0)),"⚠"&TRIM(B4&""))) | S4: =IF(TRIM(K4&"")="","",IFERROR(INDEX(설정_코드표!$K$2:$K$101,MATCH(TRIM(K4&""),설정_코드표!$J$2:$J$101,0)),"⚠"&TRIM(K4&""))) | T4: =IF(TRIM(M4&"")="","",IF(ISNUMBER(MATCH(TRIM(M4&""),설정_코드표!$C$2:$C$11,0)),TRIM(M4&""),"⚠"&TRIM(M4&""))) | U4: =IF(TRIM(L4&"")="","",IFERROR(INDEX(설정_코드표!$G$2:$G$101,MATCH(TRIM(L4&""),설정_코드표!$F$2:$F$101,0)),"⚠"&TRIM(L4&""))) | V4: =IF(AND(ISNUMBER(H4),ISNUMBER(I4)),I4-H4+1,"") | W4: =IF(ISNUMBER(H4),MAX(0,MIN(IF(ISNUMBER(I4),I4,EOMONTH(출력_요약!$B$3,0)),EOMONTH(출력_요약!$B$3,0))-MAX(H4,출력_요약!$B$3)+1),0) | X4: =IF(OR(NOT(ISNUMBER(H4)),Q4=""),"",IF(TODAY()<H4,"파견예정",IF(AND(ISNUMBER(I4),TODAY()>I4),"파견종료","파견중"))) | Y4: =IF(OR(Q4="",X4=""),"",Q4&"|"&X4) | Z4: =IF(AND(Q4<>"",W4>0),Q4&"|월","") | AA4: =IF(COUNTA(B4:I4,K4:N4)=0,"",IF(Q4="","등록번호 없음",IF(LEFT(R4,1)="⚠","모병원명 미등록",IF(S4="","파견병원 입력",IF(LEFT(S4,1)="⚠","파견병원명 미등록",IF(LEFT(U4,1)="⚠","파견과목 미등록",IF(OR(T4="",LEFT(T4,1)="⚠"),"파견근거 확인",IF(NOT(AND(ISNUMBER(H4),ISNUMBER(I4))),"날짜 형식/누락",IF(I4<H4,"종료일<시작일",""))))))))) | AB4: =IF(ISNUMBER(SEARCH("다기관",TRIM(N4&" "&O4))),IFERROR(DATE(VALUE(MID(TRIM(N4&" "&O4),1,4)),VALUE(MID(TRIM(N4&" "&O4),6,2)),VALUE(MID(TRIM(N4&" "&O4),9,2))),IF(ISNUMBER(H4),H4,"")),"") | AC4: =IF(ISNUMBER(SEARCH("다기관",TRIM(N4&" "&O4))),IFERROR(DATE(VALUE(MID(TRIM(N4&" "&O4),12,4)),VALUE(MID(TRIM(N4&" "&O4),17,2)),VALUE(MID(TRIM(N4&" "&O4),20,2))),IF(ISNUMBER(I4),I4,"")),"") | AD4: =IF(AND(ISNUMBER(AB4),ISNUMBER(AC4)),MAX(0,MIN(AC4,EOMONTH(출력_요약!$B$3,0))-MAX(AB4,출력_요약!$B$3)+1),0) | AE4: =IF(AND(Q4<>"",ISNUMBER(AB4)),Q4&"|다기관","")
A5: =IF(F5="","",ROW()-3) | B5: 한양대학교병원 | C5: R | D5: 내과 | E5: 3 | F5: 박ㅇㅇ | G5: 21-1111 | H5: 46296 | I5: 46326 | J5: =IF(AND(ISNUMBER(H5),ISNUMBER(I5)),I5-H5+1,"") | K5: 한양대구리병원 | L5: 내과 | M5: 모자 | Q5: =IF(TRIM(G5&"")="","",TRIM(G5&"")) | R5: =IF(TRIM(B5&"")="","",IFERROR(INDEX(설정_코드표!$K$2:$K$101,MATCH(TRIM(B5&""),설정_코드표!$J$2:$J$101,0)),"⚠"&TRIM(B5&""))) | S5: =IF(TRIM(K5&"")="","",IFERROR(INDEX(설정_코드표!$K$2:$K$101,MATCH(TRIM(K5&""),설정_코드표!$J$2:$J$101,0)),"⚠"&TRIM(K5&""))) | T5: =IF(TRIM(M5&"")="","",IF(ISNUMBER(MATCH(TRIM(M5&""),설정_코드표!$C$2:$C$11,0)),TRIM(M5&""),"⚠"&TRIM(M5&""))) | U5: =IF(TRIM(L5&"")="","",IFERROR(INDEX(설정_코드표!$G$2:$G$101,MATCH(TRIM(L5&""),설정_코드표!$F$2:$F$101,0)),"⚠"&TRIM(L5&""))) | V5: =IF(AND(ISNUMBER(H5),ISNUMBER(I5)),I5-H5+1,"") | W5: =IF(ISNUMBER(H5),MAX(0,MIN(IF(ISNUMBER(I5),I5,EOMONTH(출력_요약!$B$3,0)),EOMONTH(출력_요약!$B$3,0))-MAX(H5,출력_요약!$B$3)+1),0) | X5: =IF(OR(NOT(ISNUMBER(H5)),Q5=""),"",IF(TODAY()<H5,"파견예정",IF(AND(ISNUMBER(I5),TODAY()>I5),"파견종료","파견중"))) | Y5: =IF(OR(Q5="",X5=""),"",Q5&"|"&X5) | Z5: =IF(AND(Q5<>"",W5>0),Q5&"|월","") | AA5: =IF(COUNTA(B5:I5,K5:N5)=0,"",IF(Q5="","등록번호 없음",IF(LEFT(R5,1)="⚠","모병원명 미등록",IF(S5="","파견병원 입력",IF(LEFT(S5,1)="⚠","파견병원명 미등록",IF(LEFT(U5,1)="⚠","파견과목 미등록",IF(OR(T5="",LEFT(T5,1)="⚠"),"파견근거 확인",IF(NOT(AND(ISNUMBER(H5),ISNUMBER(I5))),"날짜 형식/누락",IF(I5<H5,"종료일<시작일",""))))))))) | AB5: =IF(ISNUMBER(SEARCH("다기관",TRIM(N5&" "&O5))),IFERROR(DATE(VALUE(MID(TRIM(N5&" "&O5),1,4)),VALUE(MID(TRIM(N5&" "&O5),6,2)),VALUE(MID(TRIM(N5&" "&O5),9,2))),IF(ISNUMBER(H5),H5,"")),"") | AC5: =IF(ISNUMBER(SEARCH("다기관",TRIM(N5&" "&O5))),IFERROR(DATE(VALUE(MID(TRIM(N5&" "&O5),12,4)),VALUE(MID(TRIM(N5&" "&O5),17,2)),VALUE(MID(TRIM(N5&" "&O5),20,2))),IF(ISNUMBER(I5),I5,"")),"") | AD5: =IF(AND(ISNUMBER(AB5),ISNUMBER(AC5)),MAX(0,MIN(AC5,EOMONTH(출력_요약!$B$3,0))-MAX(AB5,출력_요약!$B$3)+1),0) | AE5: =IF(AND(Q5<>"",ISNUMBER(AB5)),Q5&"|다기관","")
A6: =IF(F6="","",ROW()-3) | B6: 한양대학교병원 | C6: R | D6: 가정의학과 | E6: 1 | F6: 김ㅇㅇ | G6: 11-1111 | H6: 46316 | I6: 46387 | J6: =IF(AND(ISNUMBER(H6),ISNUMBER(I6)),I6-H6+1,"") | K6: 한양대구리병원 | L6: 가정의학과 | M6: 통합수련 | Q6: =IF(TRIM(G6&"")="","",TRIM(G6&"")) | R6: =IF(TRIM(B6&"")="","",IFERROR(INDEX(설정_코드표!$K$2:$K$101,MATCH(TRIM(B6&""),설정_코드표!$J$2:$J$101,0)),"⚠"&TRIM(B6&""))) | S6: =IF(TRIM(K6&"")="","",IFERROR(INDEX(설정_코드표!$K$2:$K$101,MATCH(TRIM(K6&""),설정_코드표!$J$2:$J$101,0)),"⚠"&TRIM(K6&""))) | T6: =IF(TRIM(M6&"")="","",IF(ISNUMBER(MATCH(TRIM(M6&""),설정_코드표!$C$2:$C$11,0)),TRIM(M6&""),"⚠"&TRIM(M6&""))) | U6: =IF(TRIM(L6&"")="","",IFERROR(INDEX(설정_코드표!$G$2:$G$101,MATCH(TRIM(L6&""),설정_코드표!$F$2:$F$101,0)),"⚠"&TRIM(L6&""))) | V6: =IF(AND(ISNUMBER(H6),ISNUMBER(I6)),I6-H6+1,"") | W6: =IF(ISNUMBER(H6),MAX(0,MIN(IF(ISNUMBER(I6),I6,EOMONTH(출력_요약!$B$3,0)),EOMONTH(출력_요약!$B$3,0))-MAX(H6,출력_요약!$B$3)+1),0) | X6: =IF(OR(NOT(ISNUMBER(H6)),Q6=""),"",IF(TODAY()<H6,"파견예정",IF(AND(ISNUMBER(I6),TODAY()>I6),"파견종료","파견중"))) | Y6: =IF(OR(Q6="",X6=""),"",Q6&"|"&X6) | Z6: =IF(AND(Q6<>"",W6>0),Q6&"|월","") | AA6: =IF(COUNTA(B6:I6,K6:N6)=0,"",IF(Q6="","등록번호 없음",IF(LEFT(R6,1)="⚠","모병원명 미등록",IF(S6="","파견병원 입력",IF(LEFT(S6,1)="⚠","파견병원명 미등록",IF(LEFT(U6,1)="⚠","파견과목 미등록",IF(OR(T6="",LEFT(T6,1)="⚠"),"파견근거 확인",IF(NOT(AND(ISNUMBER(H6),ISNUMBER(I6))),"날짜 형식/누락",IF(I6<H6,"종료일<시작일",""))))))))) | AB6: =IF(ISNUMBER(SEARCH("다기관",TRIM(N6&" "&O6))),IFERROR(DATE(VALUE(MID(TRIM(N6&" "&O6),1,4)),VALUE(MID(TRIM(N6&" "&O6),6,2)),VALUE(MID(TRIM(N6&" "&O6),9,2))),IF(ISNUMBER(H6),H6,"")),"") | AC6: =IF(ISNUMBER(SEARCH("다기관",TRIM(N6&" "&O6))),IFERROR(DATE(VALUE(MID(TRIM(N6&" "&O6),12,4)),VALUE(MID(TRIM(N6&" "&O6),17,2)),VALUE(MID(TRIM(N6&" "&O6),20,2))),IF(ISNUMBER(I6),I6,"")),"") | AD6: =IF(AND(ISNUMBER(AB6),ISNUMBER(AC6)),MAX(0,MIN(AC6,EOMONTH(출력_요약!$B$3,0))-MAX(AB6,출력_요약!$B$3)+1),0) | AE6: =IF(AND(Q6<>"",ISNUMBER(AB6)),Q6&"|다기관","")
A7: =IF(F7="","",ROW()-3) | B7: 한양대학교병원 | C7: R | D7: 내과 | E7: 2 | F7: 이ㅇㅇ | G7: 11-1112 | H7: 46300 | I7: 46387 | J7: =IF(AND(ISNUMBER(H7),ISNUMBER(I7)),I7-H7+1,"") | K7: 에스중앙병원 | L7: 내과 | M7: 통합수련 | Q7: =IF(TRIM(G7&"")="","",TRIM(G7&"")) | R7: =IF(TRIM(B7&"")="","",IFERROR(INDEX(설정_코드표!$K$2:$K$101,MATCH(TRIM(B7&""),설정_코드표!$J$2:$J$101,0)),"⚠"&TRIM(B7&""))) | S7: =IF(TRIM(K7&"")="","",IFERROR(INDEX(설정_코드표!$K$2:$K$101,MATCH(TRIM(K7&""),설정_코드표!$J$2:$J$101,0)),"⚠"&TRIM(K7&""))) | T7: =IF(TRIM(M7&"")="","",IF(ISNUMBER(MATCH(TRIM(M7&""),설정_코드표!$C$2:$C$11,0)),TRIM(M7&""),"⚠"&TRIM(M7&""))) | U7: =IF(TRIM(L7&"")="","",IFERROR(INDEX(설정_코드표!$G$2:$G$101,MATCH(TRIM(L7&""),설정_코드표!$F$2:$F$101,0)),"⚠"&TRIM(L7&""))) | V7: =IF(AND(ISNUMBER(H7),ISNUMBER(I7)),I7-H7+1,"") | W7: =IF(ISNUMBER(H7),MAX(0,MIN(IF(ISNUMBER(I7),I7,EOMONTH(출력_요약!$B$3,0)),EOMONTH(출력_요약!$B$3,0))-MAX(H7,출력_요약!$B$3)+1),0) | X7: =IF(OR(NOT(ISNUMBER(H7)),Q7=""),"",IF(TODAY()<H7,"파견예정",IF(AND(ISNUMBER(I7),TODAY()>I7),"파견종료","파견중"))) | Y7: =IF(OR(Q7="",X7=""),"",Q7&"|"&X7) | Z7: =IF(AND(Q7<>"",W7>0),Q7&"|월","") | AA7: =IF(COUNTA(B7:I7,K7:N7)=0,"",IF(Q7="","등록번호 없음",IF(LEFT(R7,1)="⚠","모병원명 미등록",IF(S7="","파견병원 입력",IF(LEFT(S7,1)="⚠","파견병원명 미등록",IF(LEFT(U7,1)="⚠","파견과목 미등록",IF(OR(T7="",LEFT(T7,1)="⚠"),"파견근거 확인",IF(NOT(AND(ISNUMBER(H7),ISNUMBER(I7))),"날짜 형식/누락",IF(I7<H7,"종료일<시작일",""))))))))) | AB7: =IF(ISNUMBER(SEARCH("다기관",TRIM(N7&" "&O7))),IFERROR(DATE(VALUE(MID(TRIM(N7&" "&O7),1,4)),VALUE(MID(TRIM(N7&" "&O7),6,2)),VALUE(MID(TRIM(N7&" "&O7),9,2))),IF(ISNUMBER(H7),H7,"")),"") | AC7: =IF(ISNUMBER(SEARCH("다기관",TRIM(N7&" "&O7))),IFERROR(DATE(VALUE(MID(TRIM(N7&" "&O7),12,4)),VALUE(MID(TRIM(N7&" "&O7),17,2)),VALUE(MID(TRIM(N7&" "&O7),20,2))),IF(ISNUMBER(I7),I7,"")),"") | AD7: =IF(AND(ISNUMBER(AB7),ISNUMBER(AC7)),MAX(0,MIN(AC7,EOMONTH(출력_요약!$B$3,0))-MAX(AB7,출력_요약!$B$3)+1),0) | AE7: =IF(AND(Q7<>"",ISNUMBER(AB7)),Q7&"|다기관","")
A8: =IF(F8="","",ROW()-3) | B8: 한양대구리병원 | C8: R | D8: 마취통증의학과 | E8: 2 | F8: 정ㅇㅇ | G8: 11-1115 | H8: 46313 | I8: 46387 | J8: =IF(AND(ISNUMBER(H8),ISNUMBER(I8)),I8-H8+1,"") | K8: 한양대학교병원 | L8: 마취통증의학과 | M8: 모자 | Q8: =IF(TRIM(G8&"")="","",TRIM(G8&"")) | R8: =IF(TRIM(B8&"")="","",IFERROR(INDEX(설정_코드표!$K$2:$K$101,MATCH(TRIM(B8&""),설정_코드표!$J$2:$J$101,0)),"⚠"&TRIM(B8&""))) | S8: =IF(TRIM(K8&"")="","",IFERROR(INDEX(설정_코드표!$K$2:$K$101,MATCH(TRIM(K8&""),설정_코드표!$J$2:$J$101,0)),"⚠"&TRIM(K8&""))) | T8: =IF(TRIM(M8&"")="","",IF(ISNUMBER(MATCH(TRIM(M8&""),설정_코드표!$C$2:$C$11,0)),TRIM(M8&""),"⚠"&TRIM(M8&""))) | U8: =IF(TRIM(L8&"")="","",IFERROR(INDEX(설정_코드표!$G$2:$G$101,MATCH(TRIM(L8&""),설정_코드표!$F$2:$F$101,0)),"⚠"&TRIM(L8&""))) | V8: =IF(AND(ISNUMBER(H8),ISNUMBER(I8)),I8-H8+1,"") | W8: =IF(ISNUMBER(H8),MAX(0,MIN(IF(ISNUMBER(I8),I8,EOMONTH(출력_요약!$B$3,0)),EOMONTH(출력_요약!$B$3,0))-MAX(H8,출력_요약!$B$3)+1),0) | X8: =IF(OR(NOT(ISNUMBER(H8)),Q8=""),"",IF(TODAY()<H8,"파견예정",IF(AND(ISNUMBER(I8),TODAY()>I8),"파견종료","파견중"))) | Y8: =IF(OR(Q8="",X8=""),"",Q8&"|"&X8) | Z8: =IF(AND(Q8<>"",W8>0),Q8&"|월","") | AA8: =IF(COUNTA(B8:I8,K8:N8)=0,"",IF(Q8="","등록번호 없음",IF(LEFT(R8,1)="⚠","모병원명 미등록",IF(S8="","파견병원 입력",IF(LEFT(S8,1)="⚠","파견병원명 미등록",IF(LEFT(U8,1)="⚠","파견과목 미등록",IF(OR(T8="",LEFT(T8,1)="⚠"),"파견근거 확인",IF(NOT(AND(ISNUMBER(H8),ISNUMBER(I8))),"날짜 형식/누락",IF(I8<H8,"종료일<시작일",""))))))))) | AB8: =IF(ISNUMBER(SEARCH("다기관",TRIM(N8&" "&O8))),IFERROR(DATE(VALUE(MID(TRIM(N8&" "&O8),1,4)),VALUE(MID(TRIM(N8&" "&O8),6,2)),VALUE(MID(TRIM(N8&" "&O8),9,2))),IF(ISNUMBER(H8),H8,"")),"") | AC8: =IF(ISNUMBER(SEARCH("다기관",TRIM(N8&" "&O8))),IFERROR(DATE(VALUE(MID(TRIM(N8&" "&O8),12,4)),VALUE(MID(TRIM(N8&" "&O8),17,2)),VALUE(MID(TRIM(N8&" "&O8),20,2))),IF(ISNUMBER(I8),I8,"")),"") | AD8: =IF(AND(ISNUMBER(AB8),ISNUMBER(AC8)),MAX(0,MIN(AC8,EOMONTH(출력_요약!$B$3,0))-MAX(AB8,출력_요약!$B$3)+1),0) | AE8: =IF(AND(Q8<>"",ISNUMBER(AB8)),Q8&"|다기관","")
A9: =IF(F9="","",ROW()-3) | B9: 한양대학교병원 | C9: R | D9: 산부인과 | E9: 3 | F9: 최ㅇㅇ | G9: 11-1114 | H9: 46027 | I9: 46112 | J9: =IF(AND(ISNUMBER(H9),ISNUMBER(I9)),I9-H9+1,"") | K9: 창원 | L9: 산부인과 | M9: 다기관 | Q9: =IF(TRIM(G9&"")="","",TRIM(G9&"")) | R9: =IF(TRIM(B9&"")="","",IFERROR(INDEX(설정_코드표!$K$2:$K$101,MATCH(TRIM(B9&""),설정_코드표!$J$2:$J$101,0)),"⚠"&TRIM(B9&""))) | S9: =IF(TRIM(K9&"")="","",IFERROR(INDEX(설정_코드표!$K$2:$K$101,MATCH(TRIM(K9&""),설정_코드표!$J$2:$J$101,0)),"⚠"&TRIM(K9&""))) | T9: =IF(TRIM(M9&"")="","",IF(ISNUMBER(MATCH(TRIM(M9&""),설정_코드표!$C$2:$C$11,0)),TRIM(M9&""),"⚠"&TRIM(M9&""))) | U9: =IF(TRIM(L9&"")="","",IFERROR(INDEX(설정_코드표!$G$2:$G$101,MATCH(TRIM(L9&""),설정_코드표!$F$2:$F$101,0)),"⚠"&TRIM(L9&""))) | V9: =IF(AND(ISNUMBER(H9),ISNUMBER(I9)),I9-H9+1,"") | W9: =IF(ISNUMBER(H9),MAX(0,MIN(IF(ISNUMBER(I9),I9,EOMONTH(출력_요약!$B$3,0)),EOMONTH(출력_요약!$B$3,0))-MAX(H9,출력_요약!$B$3)+1),0) | X9: =IF(OR(NOT(ISNUMBER(H9)),Q9=""),"",IF(TODAY()<H9,"파견예정",IF(AND(ISNUMBER(I9),TODAY()>I9),"파견종료","파견중"))) | Y9: =IF(OR(Q9="",X9=""),"",Q9&"|"&X9) | Z9: =IF(AND(Q9<>"",W9>0),Q9&"|월","") | AA9: =IF(COUNTA(B9:I9,K9:N9)=0,"",IF(Q9="","등록번호 없음",IF(LEFT(R9,1)="⚠","모병원명 미등록",IF(S9="","파견병원 입력",IF(LEFT(S9,1)="⚠","파견병원명 미등록",IF(LEFT(U9,1)="⚠","파견과목 미등록",IF(OR(T9="",LEFT(T9,1)="⚠"),"파견근거 확인",IF(NOT(AND(ISNUMBER(H9),ISNUMBER(I9))),"날짜 형식/누락",IF(I9<H9,"종료일<시작일",""))))))))) | AB9: =IF(ISNUMBER(SEARCH("다기관",TRIM(N9&" "&O9))),IFERROR(DATE(VALUE(MID(TRIM(N9&" "&O9),1,4)),VALUE(MID(TRIM(N9&" "&O9),6,2)),VALUE(MID(TRIM(N9&" "&O9),9,2))),IF(ISNUMBER(H9),H9,"")),"") | AC9: =IF(ISNUMBER(SEARCH("다기관",TRIM(N9&" "&O9))),IFERROR(DATE(VALUE(MID(TRIM(N9&" "&O9),12,4)),VALUE(MID(TRIM(N9&" "&O9),17,2)),VALUE(MID(TRIM(N9&" "&O9),20,2))),IF(ISNUMBER(I9),I9,"")),"") | AD9: =IF(AND(ISNUMBER(AB9),ISNUMBER(AC9)),MAX(0,MIN(AC9,EOMONTH(출력_요약!$B$3,0))-MAX(AB9,출력_요약!$B$3)+1),0) | AE9: =IF(AND(Q9<>"",ISNUMBER(AB9)),Q9&"|다기관","")
A10: =IF(F10="","",ROW()-3) | B10: 한양대구리병원 | C10: I | D10: 인턴 | E10: 인턴 | F10: 박ㅇㅇ | G10: 22-2224 | H10: 46327 | I10: 46356 | J10: =IF(AND(ISNUMBER(H10),ISNUMBER(I10)),I10-H10+1,"") | K10: 한양대학교병원 | L10: 응급의학과 | M10: 모자 | Q10: =IF(TRIM(G10&"")="","",TRIM(G10&"")) | R10: =IF(TRIM(B10&"")="","",IFERROR(INDEX(설정_코드표!$K$2:$K$101,MATCH(TRIM(B10&""),설정_코드표!$J$2:$J$101,0)),"⚠"&TRIM(B10&""))) | S10: =IF(TRIM(K10&"")="","",IFERROR(INDEX(설정_코드표!$K$2:$K$101,MATCH(TRIM(K10&""),설정_코드표!$J$2:$J$101,0)),"⚠"&TRIM(K10&""))) | T10: =IF(TRIM(M10&"")="","",IF(ISNUMBER(MATCH(TRIM(M10&""),설정_코드표!$C$2:$C$11,0)),TRIM(M10&""),"⚠"&TRIM(M10&""))) | U10: =IF(TRIM(L10&"")="","",IFERROR(INDEX(설정_코드표!$G$2:$G$101,MATCH(TRIM(L10&""),설정_코드표!$F$2:$F$101,0)),"⚠"&TRIM(L10&""))) | V10: =IF(AND(ISNUMBER(H10),ISNUMBER(I10)),I10-H10+1,"") | W10: =IF(ISNUMBER(H10),MAX(0,MIN(IF(ISNUMBER(I10),I10,EOMONTH(출력_요약!$B$3,0)),EOMONTH(출력_요약!$B$3,0))-MAX(H10,출력_요약!$B$3)+1),0) | X10: =IF(OR(NOT(ISNUMBER(H10)),Q10=""),"",IF(TODAY()<H10,"파견예정",IF(AND(ISNUMBER(I10),TODAY()>I10),"파견종료","파견중"))) | Y10: =IF(OR(Q10="",X10=""),"",Q10&"|"&X10) | Z10: =IF(AND(Q10<>"",W10>0),Q10&"|월","") | AA10: =IF(COUNTA(B10:I10,K10:N10)=0,"",IF(Q10="","등록번호 없음",IF(LEFT(R10,1)="⚠","모병원명 미등록",IF(S10="","파견병원 입력",IF(LEFT(S10,1)="⚠","파견병원명 미등록",IF(LEFT(U10,1)="⚠","파견과목 미등록",IF(OR(T10="",LEFT(T10,1)="⚠"),"파견근거 확인",IF(NOT(AND(ISNUMBER(H10),ISNUMBER(I10))),"날짜 형식/누락",IF(I10<H10,"종료일<시작일",""))))))))) | AB10: =IF(ISNUMBER(SEARCH("다기관",TRIM(N10&" "&O10))),IFERROR(DATE(VALUE(MID(TRIM(N10&" "&O10),1,4)),VALUE(MID(TRIM(N10&" "&O10),6,2)),VALUE(MID(TRIM(N10&" "&O10),9,2))),IF(ISNUMBER(H10),H10,"")),"") | AC10: =IF(ISNUMBER(SEARCH("다기관",TRIM(N10&" "&O10))),IFERROR(DATE(VALUE(MID(TRIM(N10&" "&O10),12,4)),VALUE(MID(TRIM(N10&" "&O10),17,2)),VALUE(MID(TRIM(N10&" "&O10),20,2))),IF(ISNUMBER(I10),I10,"")),"") | AD10: =IF(AND(ISNUMBER(AB10),ISNUMBER(AC10)),MAX(0,MIN(AC10,EOMONTH(출력_요약!$B$3,0))-MAX(AB10,출력_요약!$B$3)+1),0) | AE10: =IF(AND(Q10<>"",ISNUMBER(AB10)),Q10&"|다기관","")
A11: =IF(F11="","",ROW()-3) | J11: =IF(AND(ISNUMBER(H11),ISNUMBER(I11)),I11-H11+1,"") | Q11: =IF(TRIM(G11&"")="","",TRIM(G11&"")) | R11: =IF(TRIM(B11&"")="","",IFERROR(INDEX(설정_코드표!$K$2:$K$101,MATCH(TRIM(B11&""),설정_코드표!$J$2:$J$101,0)),"⚠"&TRIM(B11&""))) | S11: =IF(TRIM(K11&"")="","",IFERROR(INDEX(설정_코드표!$K$2:$K$101,MATCH(TRIM(K11&""),설정_코드표!$J$2:$J$101,0)),"⚠"&TRIM(K11&""))) | T11: =IF(TRIM(M11&"")="","",IF(ISNUMBER(MATCH(TRIM(M11&""),설정_코드표!$C$2:$C$11,0)),TRIM(M11&""),"⚠"&TRIM(M11&""))) | U11: =IF(TRIM(L11&"")="","",IFERROR(INDEX(설정_코드표!$G$2:$G$101,MATCH(TRIM(L11&""),설정_코드표!$F$2:$F$101,0)),"⚠"&TRIM(L11&""))) | V11: =IF(AND(ISNUMBER(H11),ISNUMBER(I11)),I11-H11+1,"") | W11: =IF(ISNUMBER(H11),MAX(0,MIN(IF(ISNUMBER(I11),I11,EOMONTH(출력_요약!$B$3,0)),EOMONTH(출력_요약!$B$3,0))-MAX(H11,출력_요약!$B$3)+1),0) | X11: =IF(OR(NOT(ISNUMBER(H11)),Q11=""),"",IF(TODAY()<H11,"파견예정",IF(AND(ISNUMBER(I11),TODAY()>I11),"파견종료","파견중"))) | Y11: =IF(OR(Q11="",X11=""),"",Q11&"|"&X11) | Z11: =IF(AND(Q11<>"",W11>0),Q11&"|월","") | AA11: =IF(COUNTA(B11:I11,K11:N11)=0,"",IF(Q11="","등록번호 없음",IF(LEFT(R11,1)="⚠","모병원명 미등록",IF(S11="","파견병원 입력",IF(LEFT(S11,1)="⚠","파견병원명 미등록",IF(LEFT(U11,1)="⚠","파견과목 미등록",IF(OR(T11="",LEFT(T11,1)="⚠"),"파견근거 확인",IF(NOT(AND(ISNUMBER(H11),ISNUMBER(I11))),"날짜 형식/누락",IF(I11<H11,"종료일<시작일",""))))))))) | AB11: =IF(ISNUMBER(SEARCH("다기관",TRIM(N11&" "&O11))),IFERROR(DATE(VALUE(MID(TRIM(N11&" "&O11),1,4)),VALUE(MID(TRIM(N11&" "&O11),6,2)),VALUE(MID(TRIM(N11&" "&O11),9,2))),IF(ISNUMBER(H11),H11,"")),"") | AC11: =IF(ISNUMBER(SEARCH("다기관",TRIM(N11&" "&O11))),IFERROR(DATE(VALUE(MID(TRIM(N11&" "&O11),12,4)),VALUE(MID(TRIM(N11&" "&O11),17,2)),VALUE(MID(TRIM(N11&" "&O11),20,2))),IF(ISNUMBER(I11),I11,"")),"") | AD11: =IF(AND(ISNUMBER(AB11),ISNUMBER(AC11)),MAX(0,MIN(AC11,EOMONTH(출력_요약!$B$3,0))-MAX(AB11,출력_요약!$B$3)+1),0) | AE11: =IF(AND(Q11<>"",ISNUMBER(AB11)),Q11&"|다기관","")
A12: =IF(F12="","",ROW()-3) | J12: =IF(AND(ISNUMBER(H12),ISNUMBER(I12)),I12-H12+1,"") | Q12: =IF(TRIM(G12&"")="","",TRIM(G12&"")) | R12: =IF(TRIM(B12&"")="","",IFERROR(INDEX(설정_코드표!$K$2:$K$101,MATCH(TRIM(B12&""),설정_코드표!$J$2:$J$101,0)),"⚠"&TRIM(B12&""))) | S12: =IF(TRIM(K12&"")="","",IFERROR(INDEX(설정_코드표!$K$2:$K$101,MATCH(TRIM(K12&""),설정_코드표!$J$2:$J$101,0)),"⚠"&TRIM(K12&""))) | T12: =IF(TRIM(M12&"")="","",IF(ISNUMBER(MATCH(TRIM(M12&""),설정_코드표!$C$2:$C$11,0)),TRIM(M12&""),"⚠"&TRIM(M12&""))) | U12: =IF(TRIM(L12&"")="","",IFERROR(INDEX(설정_코드표!$G$2:$G$101,MATCH(TRIM(L12&""),설정_코드표!$F$2:$F$101,0)),"⚠"&TRIM(L12&""))) | V12: =IF(AND(ISNUMBER(H12),ISNUMBER(I12)),I12-H12+1,"") | W12: =IF(ISNUMBER(H12),MAX(0,MIN(IF(ISNUMBER(I12),I12,EOMONTH(출력_요약!$B$3,0)),EOMONTH(출력_요약!$B$3,0))-MAX(H12,출력_요약!$B$3)+1),0) | X12: =IF(OR(NOT(ISNUMBER(H12)),Q12=""),"",IF(TODAY()<H12,"파견예정",IF(AND(ISNUMBER(I12),TODAY()>I12),"파견종료","파견중"))) | Y12: =IF(OR(Q12="",X12=""),"",Q12&"|"&X12) | Z12: =IF(AND(Q12<>"",W12>0),Q12&"|월","") | AA12: =IF(COUNTA(B12:I12,K12:N12)=0,"",IF(Q12="","등록번호 없음",IF(LEFT(R12,1)="⚠","모병원명 미등록",IF(S12="","파견병원 입력",IF(LEFT(S12,1)="⚠","파견병원명 미등록",IF(LEFT(U12,1)="⚠","파견과목 미등록",IF(OR(T12="",LEFT(T12,1)="⚠"),"파견근거 확인",IF(NOT(AND(ISNUMBER(H12),ISNUMBER(I12))),"날짜 형식/누락",IF(I12<H12,"종료일<시작일",""))))))))) | AB12: =IF(ISNUMBER(SEARCH("다기관",TRIM(N12&" "&O12))),IFERROR(DATE(VALUE(MID(TRIM(N12&" "&O12),1,4)),VALUE(MID(TRIM(N12&" "&O12),6,2)),VALUE(MID(TRIM(N12&" "&O12),9,2))),IF(ISNUMBER(H12),H12,"")),"") | AC12: =IF(ISNUMBER(SEARCH("다기관",TRIM(N12&" "&O12))),IFERROR(DATE(VALUE(MID(TRIM(N12&" "&O12),12,4)),VALUE(MID(TRIM(N12&" "&O12),17,2)),VALUE(MID(TRIM(N12&" "&O12),20,2))),IF(ISNUMBER(I12),I12,"")),"") | AD12: =IF(AND(ISNUMBER(AB12),ISNUMBER(AC12)),MAX(0,MIN(AC12,EOMONTH(출력_요약!$B$3,0))-MAX(AB12,출력_요약!$B$3)+1),0) | AE12: =IF(AND(Q12<>"",ISNUMBER(AB12)),Q12&"|다기관","")
A13: =IF(F13="","",ROW()-3) | J13: =IF(AND(ISNUMBER(H13),ISNUMBER(I13)),I13-H13+1,"") | Q13: =IF(TRIM(G13&"")="","",TRIM(G13&"")) | R13: =IF(TRIM(B13&"")="","",IFERROR(INDEX(설정_코드표!$K$2:$K$101,MATCH(TRIM(B13&""),설정_코드표!$J$2:$J$101,0)),"⚠"&TRIM(B13&""))) | S13: =IF(TRIM(K13&"")="","",IFERROR(INDEX(설정_코드표!$K$2:$K$101,MATCH(TRIM(K13&""),설정_코드표!$J$2:$J$101,0)),"⚠"&TRIM(K13&""))) | T13: =IF(TRIM(M13&"")="","",IF(ISNUMBER(MATCH(TRIM(M13&""),설정_코드표!$C$2:$C$11,0)),TRIM(M13&""),"⚠"&TRIM(M13&""))) | U13: =IF(TRIM(L13&"")="","",IFERROR(INDEX(설정_코드표!$G$2:$G$101,MATCH(TRIM(L13&""),설정_코드표!$F$2:$F$101,0)),"⚠"&TRIM(L13&""))) | V13: =IF(AND(ISNUMBER(H13),ISNUMBER(I13)),I13-H13+1,"") | W13: =IF(ISNUMBER(H13),MAX(0,MIN(IF(ISNUMBER(I13),I13,EOMONTH(출력_요약!$B$3,0)),EOMONTH(출력_요약!$B$3,0))-MAX(H13,출력_요약!$B$3)+1),0) | X13: =IF(OR(NOT(ISNUMBER(H13)),Q13=""),"",IF(TODAY()<H13,"파견예정",IF(AND(ISNUMBER(I13),TODAY()>I13),"파견종료","파견중"))) | Y13: =IF(OR(Q13="",X13=""),"",Q13&"|"&X13) | Z13: =IF(AND(Q13<>"",W13>0),Q13&"|월","") | AA13: =IF(COUNTA(B13:I13,K13:N13)=0,"",IF(Q13="","등록번호 없음",IF(LEFT(R13,1)="⚠","모병원명 미등록",IF(S13="","파견병원 입력",IF(LEFT(S13,1)="⚠","파견병원명 미등록",IF(LEFT(U13,1)="⚠","파견과목 미등록",IF(OR(T13="",LEFT(T13,1)="⚠"),"파견근거 확인",IF(NOT(AND(ISNUMBER(H13),ISNUMBER(I13))),"날짜 형식/누락",IF(I13<H13,"종료일<시작일",""))))))))) | AB13: =IF(ISNUMBER(SEARCH("다기관",TRIM(N13&" "&O13))),IFERROR(DATE(VALUE(MID(TRIM(N13&" "&O13),1,4)),VALUE(MID(TRIM(N13&" "&O13),6,2)),VALUE(MID(TRIM(N13&" "&O13),9,2))),IF(ISNUMBER(H13),H13,"")),"") | AC13: =IF(ISNUMBER(SEARCH("다기관",TRIM(N13&" "&O13))),IFERROR(DATE(VALUE(MID(TRIM(N13&" "&O13),12,4)),VALUE(MID(TRIM(N13&" "&O13),17,2)),VALUE(MID(TRIM(N13&" "&O13),20,2))),IF(ISNUMBER(I13),I13,"")),"") | AD13: =IF(AND(ISNUMBER(AB13),ISNUMBER(AC13)),MAX(0,MIN(AC13,EOMONTH(출력_요약!$B$3,0))-MAX(AB13,출력_요약!$B$3)+1),0) | AE13: =IF(AND(Q13<>"",ISNUMBER(AB13)),Q13&"|다기관","")
A14: =IF(F14="","",ROW()-3) | J14: =IF(AND(ISNUMBER(H14),ISNUMBER(I14)),I14-H14+1,"") | Q14: =IF(TRIM(G14&"")="","",TRIM(G14&"")) | R14: =IF(TRIM(B14&"")="","",IFERROR(INDEX(설정_코드표!$K$2:$K$101,MATCH(TRIM(B14&""),설정_코드표!$J$2:$J$101,0)),"⚠"&TRIM(B14&""))) | S14: =IF(TRIM(K14&"")="","",IFERROR(INDEX(설정_코드표!$K$2:$K$101,MATCH(TRIM(K14&""),설정_코드표!$J$2:$J$101,0)),"⚠"&TRIM(K14&""))) | T14: =IF(TRIM(M14&"")="","",IF(ISNUMBER(MATCH(TRIM(M14&""),설정_코드표!$C$2:$C$11,0)),TRIM(M14&""),"⚠"&TRIM(M14&""))) | U14: =IF(TRIM(L14&"")="","",IFERROR(INDEX(설정_코드표!$G$2:$G$101,MATCH(TRIM(L14&""),설정_코드표!$F$2:$F$101,0)),"⚠"&TRIM(L14&""))) | V14: =IF(AND(ISNUMBER(H14),ISNUMBER(I14)),I14-H14+1,"") | W14: =IF(ISNUMBER(H14),MAX(0,MIN(IF(ISNUMBER(I14),I14,EOMONTH(출력_요약!$B$3,0)),EOMONTH(출력_요약!$B$3,0))-MAX(H14,출력_요약!$B$3)+1),0) | X14: =IF(OR(NOT(ISNUMBER(H14)),Q14=""),"",IF(TODAY()<H14,"파견예정",IF(AND(ISNUMBER(I14),TODAY()>I14),"파견종료","파견중"))) | Y14: =IF(OR(Q14="",X14=""),"",Q14&"|"&X14) | Z14: =IF(AND(Q14<>"",W14>0),Q14&"|월","") | AA14: =IF(COUNTA(B14:I14,K14:N14)=0,"",IF(Q14="","등록번호 없음",IF(LEFT(R14,1)="⚠","모병원명 미등록",IF(S14="","파견병원 입력",IF(LEFT(S14,1)="⚠","파견병원명 미등록",IF(LEFT(U14,1)="⚠","파견과목 미등록",IF(OR(T14="",LEFT(T14,1)="⚠"),"파견근거 확인",IF(NOT(AND(ISNUMBER(H14),ISNUMBER(I14))),"날짜 형식/누락",IF(I14<H14,"종료일<시작일",""))))))))) | AB14: =IF(ISNUMBER(SEARCH("다기관",TRIM(N14&" "&O14))),IFERROR(DATE(VALUE(MID(TRIM(N14&" "&O14),1,4)),VALUE(MID(TRIM(N14&" "&O14),6,2)),VALUE(MID(TRIM(N14&" "&O14),9,2))),IF(ISNUMBER(H14),H14,"")),"") | AC14: =IF(ISNUMBER(SEARCH("다기관",TRIM(N14&" "&O14))),IFERROR(DATE(VALUE(MID(TRIM(N14&" "&O14),12,4)),VALUE(MID(TRIM(N14&" "&O14),17,2)),VALUE(MID(TRIM(N14&" "&O14),20,2))),IF(ISNUMBER(I14),I14,"")),"") | AD14: =IF(AND(ISNUMBER(AB14),ISNUMBER(AC14)),MAX(0,MIN(AC14,EOMONTH(출력_요약!$B$3,0))-MAX(AB14,출력_요약!$B$3)+1),0) | AE14: =IF(AND(Q14<>"",ISNUMBER(AB14)),Q14&"|다기관","")
A15: =IF(F15="","",ROW()-3) | J15: =IF(AND(ISNUMBER(H15),ISNUMBER(I15)),I15-H15+1,"") | Q15: =IF(TRIM(G15&"")="","",TRIM(G15&"")) | R15: =IF(TRIM(B15&"")="","",IFERROR(INDEX(설정_코드표!$K$2:$K$101,MATCH(TRIM(B15&""),설정_코드표!$J$2:$J$101,0)),"⚠"&TRIM(B15&""))) | S15: =IF(TRIM(K15&"")="","",IFERROR(INDEX(설정_코드표!$K$2:$K$101,MATCH(TRIM(K15&""),설정_코드표!$J$2:$J$101,0)),"⚠"&TRIM(K15&""))) | T15: =IF(TRIM(M15&"")="","",IF(ISNUMBER(MATCH(TRIM(M15&""),설정_코드표!$C$2:$C$11,0)),TRIM(M15&""),"⚠"&TRIM(M15&""))) | U15: =IF(TRIM(L15&"")="","",IFERROR(INDEX(설정_코드표!$G$2:$G$101,MATCH(TRIM(L15&""),설정_코드표!$F$2:$F$101,0)),"⚠"&TRIM(L15&""))) | V15: =IF(AND(ISNUMBER(H15),ISNUMBER(I15)),I15-H15+1,"") | W15: =IF(ISNUMBER(H15),MAX(0,MIN(IF(ISNUMBER(I15),I15,EOMONTH(출력_요약!$B$3,0)),EOMONTH(출력_요약!$B$3,0))-MAX(H15,출력_요약!$B$3)+1),0) | X15: =IF(OR(NOT(ISNUMBER(H15)),Q15=""),"",IF(TODAY()<H15,"파견예정",IF(AND(ISNUMBER(I15),TODAY()>I15),"파견종료","파견중"))) | Y15: =IF(OR(Q15="",X15=""),"",Q15&"|"&X15) | Z15: =IF(AND(Q15<>"",W15>0),Q15&"|월","") | AA15: =IF(COUNTA(B15:I15,K15:N15)=0,"",IF(Q15="","등록번호 없음",IF(LEFT(R15,1)="⚠","모병원명 미등록",IF(S15="","파견병원 입력",IF(LEFT(S15,1)="⚠","파견병원명 미등록",IF(LEFT(U15,1)="⚠","파견과목 미등록",IF(OR(T15="",LEFT(T15,1)="⚠"),"파견근거 확인",IF(NOT(AND(ISNUMBER(H15),ISNUMBER(I15))),"날짜 형식/누락",IF(I15<H15,"종료일<시작일",""))))))))) | AB15: =IF(ISNUMBER(SEARCH("다기관",TRIM(N15&" "&O15))),IFERROR(DATE(VALUE(MID(TRIM(N15&" "&O15),1,4)),VALUE(MID(TRIM(N15&" "&O15),6,2)),VALUE(MID(TRIM(N15&" "&O15),9,2))),IF(ISNUMBER(H15),H15,"")),"") | AC15: =IF(ISNUMBER(SEARCH("다기관",TRIM(N15&" "&O15))),IFERROR(DATE(VALUE(MID(TRIM(N15&" "&O15),12,4)),VALUE(MID(TRIM(N15&" "&O15),17,2)),VALUE(MID(TRIM(N15&" "&O15),20,2))),IF(ISNUMBER(I15),I15,"")),"") | AD15: =IF(AND(ISNUMBER(AB15),ISNUMBER(AC15)),MAX(0,MIN(AC15,EOMONTH(출력_요약!$B$3,0))-MAX(AB15,출력_요약!$B$3)+1),0) | AE15: =IF(AND(Q15<>"",ISNUMBER(AB15)),Q15&"|다기관","")
A16: =IF(F16="","",ROW()-3) | J16: =IF(AND(ISNUMBER(H16),ISNUMBER(I16)),I16-H16+1,"") | Q16: =IF(TRIM(G16&"")="","",TRIM(G16&"")) | R16: =IF(TRIM(B16&"")="","",IFERROR(INDEX(설정_코드표!$K$2:$K$101,MATCH(TRIM(B16&""),설정_코드표!$J$2:$J$101,0)),"⚠"&TRIM(B16&""))) | S16: =IF(TRIM(K16&"")="","",IFERROR(INDEX(설정_코드표!$K$2:$K$101,MATCH(TRIM(K16&""),설정_코드표!$J$2:$J$101,0)),"⚠"&TRIM(K16&""))) | T16: =IF(TRIM(M16&"")="","",IF(ISNUMBER(MATCH(TRIM(M16&""),설정_코드표!$C$2:$C$11,0)),TRIM(M16&""),"⚠"&TRIM(M16&""))) | U16: =IF(TRIM(L16&"")="","",IFERROR(INDEX(설정_코드표!$G$2:$G$101,MATCH(TRIM(L16&""),설정_코드표!$F$2:$F$101,0)),"⚠"&TRIM(L16&""))) | V16: =IF(AND(ISNUMBER(H16),ISNUMBER(I16)),I16-H16+1,"") | W16: =IF(ISNUMBER(H16),MAX(0,MIN(IF(ISNUMBER(I16),I16,EOMONTH(출력_요약!$B$3,0)),EOMONTH(출력_요약!$B$3,0))-MAX(H16,출력_요약!$B$3)+1),0) | X16: =IF(OR(NOT(ISNUMBER(H16)),Q16=""),"",IF(TODAY()<H16,"파견예정",IF(AND(ISNUMBER(I16),TODAY()>I16),"파견종료","파견중"))) | Y16: =IF(OR(Q16="",X16=""),"",Q16&"|"&X16) | Z16: =IF(AND(Q16<>"",W16>0),Q16&"|월","") | AA16: =IF(COUNTA(B16:I16,K16:N16)=0,"",IF(Q16="","등록번호 없음",IF(LEFT(R16,1)="⚠","모병원명 미등록",IF(S16="","파견병원 입력",IF(LEFT(S16,1)="⚠","파견병원명 미등록",IF(LEFT(U16,1)="⚠","파견과목 미등록",IF(OR(T16="",LEFT(T16,1)="⚠"),"파견근거 확인",IF(NOT(AND(ISNUMBER(H16),ISNUMBER(I16))),"날짜 형식/누락",IF(I16<H16,"종료일<시작일",""))))))))) | AB16: =IF(ISNUMBER(SEARCH("다기관",TRIM(N16&" "&O16))),IFERROR(DATE(VALUE(MID(TRIM(N16&" "&O16),1,4)),VALUE(MID(TRIM(N16&" "&O16),6,2)),VALUE(MID(TRIM(N16&" "&O16),9,2))),IF(ISNUMBER(H16),H16,"")),"") | AC16: =IF(ISNUMBER(SEARCH("다기관",TRIM(N16&" "&O16))),IFERROR(DATE(VALUE(MID(TRIM(N16&" "&O16),12,4)),VALUE(MID(TRIM(N16&" "&O16),17,2)),VALUE(MID(TRIM(N16&" "&O16),20,2))),IF(ISNUMBER(I16),I16,"")),"") | AD16: =IF(AND(ISNUMBER(AB16),ISNUMBER(AC16)),MAX(0,MIN(AC16,EOMONTH(출력_요약!$B$3,0))-MAX(AB16,출력_요약!$B$3)+1),0) | AE16: =IF(AND(Q16<>"",ISNUMBER(AB16)),Q16&"|다기관","")
A17: =IF(F17="","",ROW()-3) | J17: =IF(AND(ISNUMBER(H17),ISNUMBER(I17)),I17-H17+1,"") | Q17: =IF(TRIM(G17&"")="","",TRIM(G17&"")) | R17: =IF(TRIM(B17&"")="","",IFERROR(INDEX(설정_코드표!$K$2:$K$101,MATCH(TRIM(B17&""),설정_코드표!$J$2:$J$101,0)),"⚠"&TRIM(B17&""))) | S17: =IF(TRIM(K17&"")="","",IFERROR(INDEX(설정_코드표!$K$2:$K$101,MATCH(TRIM(K17&""),설정_코드표!$J$2:$J$101,0)),"⚠"&TRIM(K17&""))) | T17: =IF(TRIM(M17&"")="","",IF(ISNUMBER(MATCH(TRIM(M17&""),설정_코드표!$C$2:$C$11,0)),TRIM(M17&""),"⚠"&TRIM(M17&""))) | U17: =IF(TRIM(L17&"")="","",IFERROR(INDEX(설정_코드표!$G$2:$G$101,MATCH(TRIM(L17&""),설정_코드표!$F$2:$F$101,0)),"⚠"&TRIM(L17&""))) | V17: =IF(AND(ISNUMBER(H17),ISNUMBER(I17)),I17-H17+1,"") | W17: =IF(ISNUMBER(H17),MAX(0,MIN(IF(ISNUMBER(I17),I17,EOMONTH(출력_요약!$B$3,0)),EOMONTH(출력_요약!$B$3,0))-MAX(H17,출력_요약!$B$3)+1),0) | X17: =IF(OR(NOT(ISNUMBER(H17)),Q17=""),"",IF(TODAY()<H17,"파견예정",IF(AND(ISNUMBER(I17),TODAY()>I17),"파견종료","파견중"))) | Y17: =IF(OR(Q17="",X17=""),"",Q17&"|"&X17) | Z17: =IF(AND(Q17<>"",W17>0),Q17&"|월","") | AA17: =IF(COUNTA(B17:I17,K17:N17)=0,"",IF(Q17="","등록번호 없음",IF(LEFT(R17,1)="⚠","모병원명 미등록",IF(S17="","파견병원 입력",IF(LEFT(S17,1)="⚠","파견병원명 미등록",IF(LEFT(U17,1)="⚠","파견과목 미등록",IF(OR(T17="",LEFT(T17,1)="⚠"),"파견근거 확인",IF(NOT(AND(ISNUMBER(H17),ISNUMBER(I17))),"날짜 형식/누락",IF(I17<H17,"종료일<시작일",""))))))))) | AB17: =IF(ISNUMBER(SEARCH("다기관",TRIM(N17&" "&O17))),IFERROR(DATE(VALUE(MID(TRIM(N17&" "&O17),1,4)),VALUE(MID(TRIM(N17&" "&O17),6,2)),VALUE(MID(TRIM(N17&" "&O17),9,2))),IF(ISNUMBER(H17),H17,"")),"") | AC17: =IF(ISNUMBER(SEARCH("다기관",TRIM(N17&" "&O17))),IFERROR(DATE(VALUE(MID(TRIM(N17&" "&O17),12,4)),VALUE(MID(TRIM(N17&" "&O17),17,2)),VALUE(MID(TRIM(N17&" "&O17),20,2))),IF(ISNUMBER(I17),I17,"")),"") | AD17: =IF(AND(ISNUMBER(AB17),ISNUMBER(AC17)),MAX(0,MIN(AC17,EOMONTH(출력_요약!$B$3,0))-MAX(AB17,출력_요약!$B$3)+1),0) | AE17: =IF(AND(Q17<>"",ISNUMBER(AB17)),Q17&"|다기관","")
A18: =IF(F18="","",ROW()-3) | J18: =IF(AND(ISNUMBER(H18),ISNUMBER(I18)),I18-H18+1,"") | Q18: =IF(TRIM(G18&"")="","",TRIM(G18&"")) | R18: =IF(TRIM(B18&"")="","",IFERROR(INDEX(설정_코드표!$K$2:$K$101,MATCH(TRIM(B18&""),설정_코드표!$J$2:$J$101,0)),"⚠"&TRIM(B18&""))) | S18: =IF(TRIM(K18&"")="","",IFERROR(INDEX(설정_코드표!$K$2:$K$101,MATCH(TRIM(K18&""),설정_코드표!$J$2:$J$101,0)),"⚠"&TRIM(K18&""))) | T18: =IF(TRIM(M18&"")="","",IF(ISNUMBER(MATCH(TRIM(M18&""),설정_코드표!$C$2:$C$11,0)),TRIM(M18&""),"⚠"&TRIM(M18&""))) | U18: =IF(TRIM(L18&"")="","",IFERROR(INDEX(설정_코드표!$G$2:$G$101,MATCH(TRIM(L18&""),설정_코드표!$F$2:$F$101,0)),"⚠"&TRIM(L18&""))) | V18: =IF(AND(ISNUMBER(H18),ISNUMBER(I18)),I18-H18+1,"") | W18: =IF(ISNUMBER(H18),MAX(0,MIN(IF(ISNUMBER(I18),I18,EOMONTH(출력_요약!$B$3,0)),EOMONTH(출력_요약!$B$3,0))-MAX(H18,출력_요약!$B$3)+1),0) | X18: =IF(OR(NOT(ISNUMBER(H18)),Q18=""),"",IF(TODAY()<H18,"파견예정",IF(AND(ISNUMBER(I18),TODAY()>I18),"파견종료","파견중"))) | Y18: =IF(OR(Q18="",X18=""),"",Q18&"|"&X18) | Z18: =IF(AND(Q18<>"",W18>0),Q18&"|월","") | AA18: =IF(COUNTA(B18:I18,K18:N18)=0,"",IF(Q18="","등록번호 없음",IF(LEFT(R18,1)="⚠","모병원명 미등록",IF(S18="","파견병원 입력",IF(LEFT(S18,1)="⚠","파견병원명 미등록",IF(LEFT(U18,1)="⚠","파견과목 미등록",IF(OR(T18="",LEFT(T18,1)="⚠"),"파견근거 확인",IF(NOT(AND(ISNUMBER(H18),ISNUMBER(I18))),"날짜 형식/누락",IF(I18<H18,"종료일<시작일",""))))))))) | AB18: =IF(ISNUMBER(SEARCH("다기관",TRIM(N18&" "&O18))),IFERROR(DATE(VALUE(MID(TRIM(N18&" "&O18),1,4)),VALUE(MID(TRIM(N18&" "&O18),6,2)),VALUE(MID(TRIM(N18&" "&O18),9,2))),IF(ISNUMBER(H18),H18,"")),"") | AC18: =IF(ISNUMBER(SEARCH("다기관",TRIM(N18&" "&O18))),IFERROR(DATE(VALUE(MID(TRIM(N18&" "&O18),12,4)),VALUE(MID(TRIM(N18&" "&O18),17,2)),VALUE(MID(TRIM(N18&" "&O18),20,2))),IF(ISNUMBER(I18),I18,"")),"") | AD18: =IF(AND(ISNUMBER(AB18),ISNUMBER(AC18)),MAX(0,MIN(AC18,EOMONTH(출력_요약!$B$3,0))-MAX(AB18,출력_요약!$B$3)+1),0) | AE18: =IF(AND(Q18<>"",ISNUMBER(AB18)),Q18&"|다기관","")
A19: =IF(F19="","",ROW()-3) | J19: =IF(AND(ISNUMBER(H19),ISNUMBER(I19)),I19-H19+1,"") | Q19: =IF(TRIM(G19&"")="","",TRIM(G19&"")) | R19: =IF(TRIM(B19&"")="","",IFERROR(INDEX(설정_코드표!$K$2:$K$101,MATCH(TRIM(B19&""),설정_코드표!$J$2:$J$101,0)),"⚠"&TRIM(B19&""))) | S19: =IF(TRIM(K19&"")="","",IFERROR(INDEX(설정_코드표!$K$2:$K$101,MATCH(TRIM(K19&""),설정_코드표!$J$2:$J$101,0)),"⚠"&TRIM(K19&""))) | T19: =IF(TRIM(M19&"")="","",IF(ISNUMBER(MATCH(TRIM(M19&""),설정_코드표!$C$2:$C$11,0)),TRIM(M19&""),"⚠"&TRIM(M19&""))) | U19: =IF(TRIM(L19&"")="","",IFERROR(INDEX(설정_코드표!$G$2:$G$101,MATCH(TRIM(L19&""),설정_코드표!$F$2:$F$101,0)),"⚠"&TRIM(L19&""))) | V19: =IF(AND(ISNUMBER(H19),ISNUMBER(I19)),I19-H19+1,"") | W19: =IF(ISNUMBER(H19),MAX(0,MIN(IF(ISNUMBER(I19),I19,EOMONTH(출력_요약!$B$3,0)),EOMONTH(출력_요약!$B$3,0))-MAX(H19,출력_요약!$B$3)+1),0) | X19: =IF(OR(NOT(ISNUMBER(H19)),Q19=""),"",IF(TODAY()<H19,"파견예정",IF(AND(ISNUMBER(I19),TODAY()>I19),"파견종료","파견중"))) | Y19: =IF(OR(Q19="",X19=""),"",Q19&"|"&X19) | Z19: =IF(AND(Q19<>"",W19>0),Q19&"|월","") | AA19: =IF(COUNTA(B19:I19,K19:N19)=0,"",IF(Q19="","등록번호 없음",IF(LEFT(R19,1)="⚠","모병원명 미등록",IF(S19="","파견병원 입력",IF(LEFT(S19,1)="⚠","파견병원명 미등록",IF(LEFT(U19,1)="⚠","파견과목 미등록",IF(OR(T19="",LEFT(T19,1)="⚠"),"파견근거 확인",IF(NOT(AND(ISNUMBER(H19),ISNUMBER(I19))),"날짜 형식/누락",IF(I19<H19,"종료일<시작일",""))))))))) | AB19: =IF(ISNUMBER(SEARCH("다기관",TRIM(N19&" "&O19))),IFERROR(DATE(VALUE(MID(TRIM(N19&" "&O19),1,4)),VALUE(MID(TRIM(N19&" "&O19),6,2)),VALUE(MID(TRIM(N19&" "&O19),9,2))),IF(ISNUMBER(H19),H19,"")),"") | AC19: =IF(ISNUMBER(SEARCH("다기관",TRIM(N19&" "&O19))),IFERROR(DATE(VALUE(MID(TRIM(N19&" "&O19),12,4)),VALUE(MID(TRIM(N19&" "&O19),17,2)),VALUE(MID(TRIM(N19&" "&O19),20,2))),IF(ISNUMBER(I19),I19,"")),"") | AD19: =IF(AND(ISNUMBER(AB19),ISNUMBER(AC19)),MAX(0,MIN(AC19,EOMONTH(출력_요약!$B$3,0))-MAX(AB19,출력_요약!$B$3)+1),0) | AE19: =IF(AND(Q19<>"",ISNUMBER(AB19)),Q19&"|다기관","")
A20: =IF(F20="","",ROW()-3) | J20: =IF(AND(ISNUMBER(H20),ISNUMBER(I20)),I20-H20+1,"") | Q20: =IF(TRIM(G20&"")="","",TRIM(G20&"")) | R20: =IF(TRIM(B20&"")="","",IFERROR(INDEX(설정_코드표!$K$2:$K$101,MATCH(TRIM(B20&""),설정_코드표!$J$2:$J$101,0)),"⚠"&TRIM(B20&""))) | S20: =IF(TRIM(K20&"")="","",IFERROR(INDEX(설정_코드표!$K$2:$K$101,MATCH(TRIM(K20&""),설정_코드표!$J$2:$J$101,0)),"⚠"&TRIM(K20&""))) | T20: =IF(TRIM(M20&"")="","",IF(ISNUMBER(MATCH(TRIM(M20&""),설정_코드표!$C$2:$C$11,0)),TRIM(M20&""),"⚠"&TRIM(M20&""))) | U20: =IF(TRIM(L20&"")="","",IFERROR(INDEX(설정_코드표!$G$2:$G$101,MATCH(TRIM(L20&""),설정_코드표!$F$2:$F$101,0)),"⚠"&TRIM(L20&""))) | V20: =IF(AND(ISNUMBER(H20),ISNUMBER(I20)),I20-H20+1,"") | W20: =IF(ISNUMBER(H20),MAX(0,MIN(IF(ISNUMBER(I20),I20,EOMONTH(출력_요약!$B$3,0)),EOMONTH(출력_요약!$B$3,0))-MAX(H20,출력_요약!$B$3)+1),0) | X20: =IF(OR(NOT(ISNUMBER(H20)),Q20=""),"",IF(TODAY()<H20,"파견예정",IF(AND(ISNUMBER(I20),TODAY()>I20),"파견종료","파견중"))) | Y20: =IF(OR(Q20="",X20=""),"",Q20&"|"&X20) | Z20: =IF(AND(Q20<>"",W20>0),Q20&"|월","") | AA20: =IF(COUNTA(B20:I20,K20:N20)=0,"",IF(Q20="","등록번호 없음",IF(LEFT(R20,1)="⚠","모병원명 미등록",IF(S20="","파견병원 입력",IF(LEFT(S20,1)="⚠","파견병원명 미등록",IF(LEFT(U20,1)="⚠","파견과목 미등록",IF(OR(T20="",LEFT(T20,1)="⚠"),"파견근거 확인",IF(NOT(AND(ISNUMBER(H20),ISNUMBER(I20))),"날짜 형식/누락",IF(I20<H20,"종료일<시작일",""))))))))) | AB20: =IF(ISNUMBER(SEARCH("다기관",TRIM(N20&" "&O20))),IFERROR(DATE(VALUE(MID(TRIM(N20&" "&O20),1,4)),VALUE(MID(TRIM(N20&" "&O20),6,2)),VALUE(MID(TRIM(N20&" "&O20),9,2))),IF(ISNUMBER(H20),H20,"")),"") | AC20: =IF(ISNUMBER(SEARCH("다기관",TRIM(N20&" "&O20))),IFERROR(DATE(VALUE(MID(TRIM(N20&" "&O20),12,4)),VALUE(MID(TRIM(N20&" "&O20),17,2)),VALUE(MID(TRIM(N20&" "&O20),20,2))),IF(ISNUMBER(I20),I20,"")),"") | AD20: =IF(AND(ISNUMBER(AB20),ISNUMBER(AC20)),MAX(0,MIN(AC20,EOMONTH(출력_요약!$B$3,0))-MAX(AB20,출력_요약!$B$3)+1),0) | AE20: =IF(AND(Q20<>"",ISNUMBER(AB20)),Q20&"|다기관","")
A21: =IF(F21="","",ROW()-3) | J21: =IF(AND(ISNUMBER(H21),ISNUMBER(I21)),I21-H21+1,"") | Q21: =IF(TRIM(G21&"")="","",TRIM(G21&"")) | R21: =IF(TRIM(B21&"")="","",IFERROR(INDEX(설정_코드표!$K$2:$K$101,MATCH(TRIM(B21&""),설정_코드표!$J$2:$J$101,0)),"⚠"&TRIM(B21&""))) | S21: =IF(TRIM(K21&"")="","",IFERROR(INDEX(설정_코드표!$K$2:$K$101,MATCH(TRIM(K21&""),설정_코드표!$J$2:$J$101,0)),"⚠"&TRIM(K21&""))) | T21: =IF(TRIM(M21&"")="","",IF(ISNUMBER(MATCH(TRIM(M21&""),설정_코드표!$C$2:$C$11,0)),TRIM(M21&""),"⚠"&TRIM(M21&""))) | U21: =IF(TRIM(L21&"")="","",IFERROR(INDEX(설정_코드표!$G$2:$G$101,MATCH(TRIM(L21&""),설정_코드표!$F$2:$F$101,0)),"⚠"&TRIM(L21&""))) | V21: =IF(AND(ISNUMBER(H21),ISNUMBER(I21)),I21-H21+1,"") | W21: =IF(ISNUMBER(H21),MAX(0,MIN(IF(ISNUMBER(I21),I21,EOMONTH(출력_요약!$B$3,0)),EOMONTH(출력_요약!$B$3,0))-MAX(H21,출력_요약!$B$3)+1),0) | X21: =IF(OR(NOT(ISNUMBER(H21)),Q21=""),"",IF(TODAY()<H21,"파견예정",IF(AND(ISNUMBER(I21),TODAY()>I21),"파견종료","파견중"))) | Y21: =IF(OR(Q21="",X21=""),"",Q21&"|"&X21) | Z21: =IF(AND(Q21<>"",W21>0),Q21&"|월","") | AA21: =IF(COUNTA(B21:I21,K21:N21)=0,"",IF(Q21="","등록번호 없음",IF(LEFT(R21,1)="⚠","모병원명 미등록",IF(S21="","파견병원 입력",IF(LEFT(S21,1)="⚠","파견병원명 미등록",IF(LEFT(U21,1)="⚠","파견과목 미등록",IF(OR(T21="",LEFT(T21,1)="⚠"),"파견근거 확인",IF(NOT(AND(ISNUMBER(H21),ISNUMBER(I21))),"날짜 형식/누락",IF(I21<H21,"종료일<시작일",""))))))))) | AB21: =IF(ISNUMBER(SEARCH("다기관",TRIM(N21&" "&O21))),IFERROR(DATE(VALUE(MID(TRIM(N21&" "&O21),1,4)),VALUE(MID(TRIM(N21&" "&O21),6,2)),VALUE(MID(TRIM(N21&" "&O21),9,2))),IF(ISNUMBER(H21),H21,"")),"") | AC21: =IF(ISNUMBER(SEARCH("다기관",TRIM(N21&" "&O21))),IFERROR(DATE(VALUE(MID(TRIM(N21&" "&O21),12,4)),VALUE(MID(TRIM(N21&" "&O21),17,2)),VALUE(MID(TRIM(N21&" "&O21),20,2))),IF(ISNUMBER(I21),I21,"")),"") | AD21: =IF(AND(ISNUMBER(AB21),ISNUMBER(AC21)),MAX(0,MIN(AC21,EOMONTH(출력_요약!$B$3,0))-MAX(AB21,출력_요약!$B$3)+1),0) | AE21: =IF(AND(Q21<>"",ISNUMBER(AB21)),Q21&"|다기관","")
A22: =IF(F22="","",ROW()-3) | J22: =IF(AND(ISNUMBER(H22),ISNUMBER(I22)),I22-H22+1,"") | Q22: =IF(TRIM(G22&"")="","",TRIM(G22&"")) | R22: =IF(TRIM(B22&"")="","",IFERROR(INDEX(설정_코드표!$K$2:$K$101,MATCH(TRIM(B22&""),설정_코드표!$J$2:$J$101,0)),"⚠"&TRIM(B22&""))) | S22: =IF(TRIM(K22&"")="","",IFERROR(INDEX(설정_코드표!$K$2:$K$101,MATCH(TRIM(K22&""),설정_코드표!$J$2:$J$101,0)),"⚠"&TRIM(K22&""))) | T22: =IF(TRIM(M22&"")="","",IF(ISNUMBER(MATCH(TRIM(M22&""),설정_코드표!$C$2:$C$11,0)),TRIM(M22&""),"⚠"&TRIM(M22&""))) | U22: =IF(TRIM(L22&"")="","",IFERROR(INDEX(설정_코드표!$G$2:$G$101,MATCH(TRIM(L22&""),설정_코드표!$F$2:$F$101,0)),"⚠"&TRIM(L22&""))) | V22: =IF(AND(ISNUMBER(H22),ISNUMBER(I22)),I22-H22+1,"") | W22: =IF(ISNUMBER(H22),MAX(0,MIN(IF(ISNUMBER(I22),I22,EOMONTH(출력_요약!$B$3,0)),EOMONTH(출력_요약!$B$3,0))-MAX(H22,출력_요약!$B$3)+1),0) | X22: =IF(OR(NOT(ISNUMBER(H22)),Q22=""),"",IF(TODAY()<H22,"파견예정",IF(AND(ISNUMBER(I22),TODAY()>I22),"파견종료","파견중"))) | Y22: =IF(OR(Q22="",X22=""),"",Q22&"|"&X22) | Z22: =IF(AND(Q22<>"",W22>0),Q22&"|월","") | AA22: =IF(COUNTA(B22:I22,K22:N22)=0,"",IF(Q22="","등록번호 없음",IF(LEFT(R22,1)="⚠","모병원명 미등록",IF(S22="","파견병원 입력",IF(LEFT(S22,1)="⚠","파견병원명 미등록",IF(LEFT(U22,1)="⚠","파견과목 미등록",IF(OR(T22="",LEFT(T22,1)="⚠"),"파견근거 확인",IF(NOT(AND(ISNUMBER(H22),ISNUMBER(I22))),"날짜 형식/누락",IF(I22<H22,"종료일<시작일",""))))))))) | AB22: =IF(ISNUMBER(SEARCH("다기관",TRIM(N22&" "&O22))),IFERROR(DATE(VALUE(MID(TRIM(N22&" "&O22),1,4)),VALUE(MID(TRIM(N22&" "&O22),6,2)),VALUE(MID(TRIM(N22&" "&O22),9,2))),IF(ISNUMBER(H22),H22,"")),"") | AC22: =IF(ISNUMBER(SEARCH("다기관",TRIM(N22&" "&O22))),IFERROR(DATE(VALUE(MID(TRIM(N22&" "&O22),12,4)),VALUE(MID(TRIM(N22&" "&O22),17,2)),VALUE(MID(TRIM(N22&" "&O22),20,2))),IF(ISNUMBER(I22),I22,"")),"") | AD22: =IF(AND(ISNUMBER(AB22),ISNUMBER(AC22)),MAX(0,MIN(AC22,EOMONTH(출력_요약!$B$3,0))-MAX(AB22,출력_요약!$B$3)+1),0) | AE22: =IF(AND(Q22<>"",ISNUMBER(AB22)),Q22&"|다기관","")
... A803: =IF(F803="","",ROW()-3) | J803: =IF(AND(ISNUMBER(H803),ISNUMBER(I803)),I803-H803+1,"") | Q803: =IF(TRIM(G803&"")="","",TRIM(G803&"")) | R803: =IF(TRIM(B803&"")="","",IFERROR(INDEX(설정_코드표!$K$2:$K$101,MATCH(TRIM(B803&""),설정_코드표!$J$2:$J$101,0)),"⚠"&TRIM(B803&""))) | S803: =IF(TRIM(K803&"")="","",IFERROR(INDEX(설정_코드표!$K$2:$K$101,MATCH(TRIM(K803&""),설정_코드표!$J$2:$J$101,0)),"⚠"&TRIM(K803&""))) | T803: =IF(TRIM(M803&"")="","",IF(ISNUMBER(MATCH(TRIM(M803&""),설정_코드표!$C$2:$C$11,0)),TRIM(M803&""),"⚠"&TRIM(M803&""))) | U803: =IF(TRIM(L803&"")="","",IFERROR(INDEX(설정_코드표!$G$2:$G$101,MATCH(TRIM(L803&""),설정_코드표!$F$2:$F$101,0)),"⚠"&TRIM(L803&""))) | V803: =IF(AND(ISNUMBER(H803),ISNUMBER(I803)),I803-H803+1,"") | W803: =IF(ISNUMBER(H803),MAX(0,MIN(IF(ISNUMBER(I803),I803,EOMONTH(출력_요약!$B$3,0)),EOMONTH(출력_요약!$B$3,0))-MAX(H803,출력_요약!$B$3)+1),0) | X803: =IF(OR(NOT(ISNUMBER(H803)),Q803=""),"",IF(TODAY()<H803,"파견예정",IF(AND(ISNUMBER(I803),TODAY()>I803),"파견종료","파견중"))) | Y803: =IF(OR(Q803="",X803=""),"",Q803&"|"&X803) | Z803: =IF(AND(Q803<>"",W803>0),Q803&"|월","") | AA803: =IF(COUNTA(B803:I803,K803:N803)=0,"",IF(Q803="","등록번호 없음",IF(LEFT(R803,1)="⚠","모병원명 미등록",IF(S803="","파견병원 입력",IF(LEFT(S803,1)="⚠","파견병원명 미등록",IF(LEFT(U803,1)="⚠","파견과목 미등록",IF(OR(T803="",LEFT(T803,1)="⚠"),"파견근거 확인",IF(NOT(AND(ISNUMBER(H803),ISNUMBER(I803))),"날짜 형식/누락",IF(I803<H803,"종료일<시작일",""))))))))) | AB803: =IF(ISNUMBER(SEARCH("다기관",TRIM(N803&" "&O803))),IFERROR(DATE(VALUE(MID(TRIM(N803&" "&O803),1,4)),VALUE(MID(TRIM(N803&" "&O803),6,2)),VALUE(MID(TRIM(N803&" "&O803),9,2))),IF(ISNUMBER(H803),H803,"")),"") | AC803: =IF(ISNUMBER(SEARCH("다기관",TRIM(N803&" "&O803))),IFERROR(DATE(VALUE(MID(TRIM(N803&" "&O803),12,4)),VALUE(MID(TRIM(N803&" "&O803),17,2)),VALUE(MID(TRIM(N803&" "&O803),20,2))),IF(ISNUMBER(I803),I803,"")),"") | AD803: =IF(AND(ISNUMBER(AB803),ISNUMBER(AC803)),MAX(0,MIN(AC803,EOMONTH(출력_요약!$B$3,0))-MAX(AB803,출력_요약!$B$3)+1),0) | AE803: =IF(AND(Q803<>"",ISNUMBER(AB803)),Q803&"|다기관","")

Sheet 입력_구리근무자명단
A1: 전공의(모.자 파견) 근무자 명단
A2: 2026년도
A3: 소속 | B3: 년차 | C3: 2026년9월 근무예정자 | D3: 9월 근무자 | E3: 근무 시작일자 (시작일자 작성) | F3: 근무 종료일자 (종료일자 작성) | G3: 9월 휴가 스케줄 (휴가일 작성) | H3: 비고 | I3: 2026년10월 근무예정자 | J3: 10월 근무자 | K3: 근무 시작일자 (시작일자 작성) | L3: 근무 종료일자 (종료일자 작성) | M3: 10월 휴가 스케줄 (휴가일 작성) | N3: 비고 | O3: 2026년11월 근무예정자 | P3: 11월 근무자 | Q3: 근무 시작일자 (시작일자 작성) | R3: 근무 종료일자 (종료일자 작성) | S3: 11월 휴가 스케줄 (휴가일 작성) | T3: 비고 | U3: 2026년12월 근무예정자 | V3: 12월 근무자 | W3: 근무 시작일자 (시작일자 작성) | X3: 근무 종료일자 (종료일자 작성) | Y3: 12월 휴가 스케줄 (휴가일 작성) | Z3: 비고 | AA3: 2027년1월 근무예정자 | AB3: 1월 근무자 | AC3: 근무 시작일자 (시작일자 작성) | AD3: 근무 종료일자 (종료일자 작성) | AE3: 1월 휴가 스케줄 (휴가일 작성) | AF3: 비고 | AG3: 2027년2월 근무예정자 | AH3: 2월 근무자 | AI3: 근무 시작일자 (시작일자 작성) | AJ3: 근무 종료일자 (종료일자 작성) | AK3: 2월 휴가 스케줄 (휴가일 작성) | AL3: 비고 | AM3: 2027년3월 근무예정자 | AN3: 3월 근무자 | AO3: 근무 시작일자 (시작일자 작성) | AP3: 근무 종료일자 (종료일자 작성) | AQ3: 3월 휴가 스케줄 (휴가일 작성) | AR3: 비고 | AS3: 2027년4월 근무예정자 | AT3: 4월 근무자 | AU3: 근무 시작일자 (시작일자 작성) | AV3: 근무 종료일자 (종료일자 작성) | AW3: 4월 휴가 스케줄 (휴가일 작성) | AX3: 비고 | AY3: 2027년5월 근무예정자 | AZ3: 5월 근무자 | BA3: 근무 시작일자 (시작일자 작성) | BB3: 근무 종료일자 (종료일자 작성) | BC3: 5월 휴가 스케줄 (휴가일 작성) | BD3: 비고 | BE3: 2027년6월 근무예정자 | BF3: 6월 근무자 | BG3: 근무 시작일자 (시작일자 작성) | BH3: 근무 종료일자 (종료일자 작성) | BI3: 6월 휴가 스케줄 (휴가일 작성) | BJ3: 비고 | BK3: 2027년7월 근무예정자 | BL3: 7월 근무자 | BM3: 근무 시작일자 (시작일자 작성) | BN3: 근무 종료일자 (종료일자 작성) | BO3: 7월 휴가 스케줄 (휴가일 작성) | BP3: 비고 | BQ3: 2027년8월 근무예정자 | BR3: 8월 근무자 | BS3: 근무 시작일자 (시작일자 작성) | BT3: 근무 종료일자 (종료일자 작성) | BU3: 8월 휴가 스케줄 (휴가일 작성) | BV3: 비고
A4: 내과 | B4: 3 | C4: 박ㅇㅇ | I4: 박ㅇㅇ | J4: 박ㅇㅇ | K4: 2026.10.01 | L4: 2026.10.31
A5: 가정의학과 | B5: 1 | I5: 김ㅇㅇ | J5: 김ㅇㅇ | K5: 2026.10.21 | L5: 2026.10.31
A6: 마취통증의학과 | B6: 2 | C6: 정ㅇㅇ | H6: 구리독자 | I6: 정ㅇㅇ | J6: 정ㅇㅇ | K6: 2026.10.01 | L6: 2026.10.17 | N6: 구리독자
A7: 외과 | B7: 1 | C7: 홍ㅇㅇ | H7: 구리독자 | I7: 홍ㅇㅇ | J7: 홍ㅇㅇ | K7: 2026.10.01 | L7: 2026.10.31 | N7: 구리독자
A8: 수련교육부 | B8: 인턴 | I8: 김ㅇㅇ | J8: 김ㅇㅇ | K8: 2026.10.01 | L8: 2026.10.31

Sheet 입력_전공의명단
A1: 번호 | B1: 사번 | C1: 이름 | D1: 성별 | E1: 생년월일 | F1: 수련과목 | G1: 연차 | H1: 근무지 | I1: 수련개시일 | J1: 전공의등록번호 | K1: 의사면허번호 | L1: 재직여부 | M1: 입사장소 | N1: 현재 근무병원 | O1: 현재 진료과 | P1: 파견근거 | Q1: 파견병원 | R1: 파견진료과 | S1: 파견시작일 | T1: 파견종료일 | U1: 파견상태 | V1: 파견기간(일) | W1: 종료까지(일) | X1: 급여기준월 파견일수 | Y1: 급여지급병원(기준월) | Z1: 점검 | AA1: 비고 | AB1: 기본자료행 | AC1: 인턴계획행 | AD1: 인턴 이번달 | AE1: 소속병원 | AF1: 파견기록행 | AG1: 기준월 근무병원 | AH1: 서울 근무일(기준월) | AI1: 구리 근무일(기준월) | AJ1: 기준월 대표파견행 | AK1: 다기관 기록행 | AL1: 다기관(비고 기재 기간) | AM1: 서울급여 순번 | AN1: 판정불가 순번 | AO1: 급여 판정 근거 | AP1: 이름|과 | AQ1: 구리명단행 | AR1: 구리 근무자명단 근무일(기준월)
A2: =IF(B2="","",ROW()-1) | B2: 2261212 | C2: =IF($AB2="","",IF(INDEX(입력_기본자료!$C$2:$C$1001,$AB2)="","",INDEX(입력_기본자료!$C$2:$C$1001,$AB2))) | D2: =IF($AB2="","",IF(INDEX(입력_기본자료!$J$2:$J$1001,$AB2)="","",INDEX(입력_기본자료!$J$2:$J$1001,$AB2))) | E2: =IF($AB2="","",IF(INDEX(입력_기본자료!$K$2:$K$1001,$AB2)="","",IF(NOT(ISNUMBER(INDEX(입력_기본자료!$K$2:$K$1001,$AB2))),INDEX(입력_기본자료!$K$2:$K$1001,$AB2),IF(INDEX(입력_기본자료!$K$2:$K$1001,$AB2)<1000000,INDEX(입력_기본자료!$K$2:$K$1001,$AB2),IF(AND(INDEX(입력_기본자료!$K$2:$K$1001,$AB2)>=10000101,INT(MOD(INDEX(입력_기본자료!$K$2:$K$1001,$AB2),10000)/100)>=1,INT(MOD(INDEX(입력_기본자료!$K$2:$K$1001,$AB2),10000)/100)<=12,MOD(INDEX(입력_기본자료!$K$2:$K$1001,$AB2),100)>=1,MOD(INDEX(입력_기본자료!$K$2:$K$1001,$AB2),100)<=31),DATE(INT(INDEX(입력_기본자료!$K$2:$K$1001,$AB2)/10000),INT(MOD(INDEX(입력_기본자료!$K$2:$K$1001,$AB2),10000)/100),MOD(INDEX(입력_기본자료!$K$2:$K$1001,$AB2),100)),INDEX(입력_기본자료!$K$2:$K$1001,$AB2)&""))))) | F2: =IF($AB2="","",IF(INDEX(입력_기본자료!$D$2:$D$1001,$AB2)="","",INDEX(입력_기본자료!$D$2:$D$1001,$AB2))) | G2: =IF($AB2="","",IF(INDEX(입력_기본자료!$E$2:$E$1001,$AB2)="","",INDEX(입력_기본자료!$E$2:$E$1001,$AB2))) | H2: =IF($AB2="","",IF(INDEX(입력_기본자료!$F$2:$F$1001,$AB2)="","",INDEX(입력_기본자료!$F$2:$F$1001,$AB2))) | I2: =IF($AB2="","",IF(INDEX(입력_기본자료!$G$2:$G$1001,$AB2)="","",IF(NOT(ISNUMBER(INDEX(입력_기본자료!$G$2:$G$1001,$AB2))),INDEX(입력_기본자료!$G$2:$G$1001,$AB2),IF(INDEX(입력_기본자료!$G$2:$G$1001,$AB2)<1000000,INDEX(입력_기본자료!$G$2:$G$1001,$AB2),IF(AND(INDEX(입력_기본자료!$G$2:$G$1001,$AB2)>=10000101,INT(MOD(INDEX(입력_기본자료!$G$2:$G$1001,$AB2),10000)/100)>=1,INT(MOD(INDEX(입력_기본자료!$G$2:$G$1001,$AB2),10000)/100)<=12,MOD(INDEX(입력_기본자료!$G$2:$G$1001,$AB2),100)>=1,MOD(INDEX(입력_기본자료!$G$2:$G$1001,$AB2),100)<=31),DATE(INT(INDEX(입력_기본자료!$G$2:$G$1001,$AB2)/10000),INT(MOD(INDEX(입력_기본자료!$G$2:$G$1001,$AB2),10000)/100),MOD(INDEX(입력_기본자료!$G$2:$G$1001,$AB2),100)),INDEX(입력_기본자료!$G$2:$G$1001,$AB2)&""))))) | J2: =IF($AB2="","",IF(INDEX(입력_기본자료!$H$2:$H$1001,$AB2)="","",INDEX(입력_기본자료!$H$2:$H$1001,$AB2))) | K2: =IF($AB2="","",IF(INDEX(입력_기본자료!$I$2:$I$1001,$AB2)="","",INDEX(입력_기본자료!$I$2:$I$1001,$AB2))) | L2: =IF($AB2="","",IF(INDEX(입력_기본자료!$A$2:$A$1001,$AB2)="","",INDEX(입력_기본자료!$A$2:$A$1001,$AB2))) | M2: 서울병원 | N2: =IF($B2="","",IF(AND($U2="파견중",$Q2<>""),$Q2,IF(AND($AD2<>"",LEFT($AD2,1)<>"⚠"),LEFT($AD2,FIND(" ",$AD2)-1),IF($H2="","",IF(RIGHT($H2,2)="병원",$H2,$H2&"병원"))))) | O2: =IF($B2="","",IF(AND($U2="파견중",$Q2<>""),IF($R2<>"",$R2,"파견과 미입력"),IF(AND($AD2<>"",LEFT($AD2,1)<>"⚠"),MID($AD2,FIND(" ",$AD2)+1,60),IF($F2="","",IF($F2="인턴","수련교육부(인턴)",$F2))))) | P2: =IF($B2="","",IF($AK2<>"",IF(AND(TODAY()>=INDEX(입력_파견수련계획!$AB$4:$AB$803,$AK2),OR(NOT(ISNUMBER(INDEX(입력_파견수련계획!$AC$4:$AC$803,$AK2))),TODAY()<=INDEX(입력_파견수련계획!$AC$4:$AC$803,$AK2))),"다기관",IF($AF2="","",INDEX(입력_파견수련계획!$T$4:$T$803,$AF2))),IF($AF2="","",INDEX(입력_파견수련계획!$T$4:$T$803,$AF2)))) | Q2: =IF($AF2="","",INDEX(입력_파견수련계획!$S$4:$S$803,$AF2)) | R2: =IF($AF2="","",INDEX(입력_파견수련계획!$U$4:$U$803,$AF2)) | S2: =IF($AF2="","",IF(INDEX(입력_파견수련계획!$H$4:$H$803,$AF2)="","",INDEX(입력_파견수련계획!$H$4:$H$803,$AF2))) | T2: =IF($AF2="","",IF(INDEX(입력_파견수련계획!$I$4:$I$803,$AF2)="","",INDEX(입력_파견수련계획!$I$4:$I$803,$AF2))) | U2: =IF($AF2="","",INDEX(입력_파견수련계획!$X$4:$X$803,$AF2)) | V2: =IF($AF2="","",INDEX(입력_파견수련계획!$V$4:$V$803,$AF2)) | W2: =IF(AND($U2="파견중",$T2<>""),$T2-TODAY(),"") | X2: =IF(OR($B2="",TRIM($J2&"")=""),"",SUMPRODUCT((입력_파견수련계획!$Q$4:$Q$803=TRIM($J2&""))*입력_파견수련계획!$W$4:$W$803)) | Y2: =IF($B2="","",IF($AG2="","",IF(IF(TRIM($J2&"")="",0,SUMPRODUCT((입력_파견수련계획!$Q$4:$Q$803=TRIM($J2&""))*입력_파견수련계획!$AD$4:$AD$803))>0,$AE2,IF(AND(N($X2)<=0,$AQ2=""),$AG2,IF($AH2+$AI2=DAY(EOMONTH(출력_요약!$B$3,0)),IF(AND($AH2>=출력_요약!$E$3,$AI2<출력_요약!$E$3),"서울병원",IF(AND($AI2>=출력_요약!$E$3,$AH2<출력_요약!$E$3),"구리병원","⚠15일 판정불가(서울 "&$AH2&"일/구리 "&$AI2&"일)")),IF($AJ2="",$AE2,IF(INDEX(입력_파견수련계획!$T$4:$T$803,$AJ2)="통합수련",INDEX(입력_파견수련계획!$S$4:$S$803,$AJ2),$AE2))))))) | Z2: =IF($B2="","",IF($AB2="","기본자료에 없는 사번",IF(COUNTIF($B$2:$B$401,$B2)>1,"중복 사번",IF($AE2="","소속(입사장소) 입력",IF(IF(TRIM($J2&"")="",0,SUMPRODUCT((입력_파견수련계획!$Q$4:$Q$803=TRIM($J2&""))*(입력_파견수련계획!$AA$4:$AA$803<>"")))>0,"파견수련계획 입력오류 확인",IF(LEFT($Y2,1)="⚠","서울·구리 15일 판정 불가(양쪽 모두 이상/미만)",IF(IF($AC2="",0,N(INDEX(입력_인턴근무계획!$T$3:$T$402,$AC2)))>0,"인턴계획 입력오류 확인",IF(AND($AQ2<>"",$AG2<>"구리병원",IF(TRIM($J2&"")="",0,SUMPRODUCT((입력_파견수련계획!$Q$4:$Q$803=TRIM($J2&""))*(입력_파견수련계획!$S$4:$S$803="구리병원")*입력_파견수련계획!$W$4:$W$803))=0),"구리 근무자명단에만 있음(파견수련계획 확인)",IF(AND($AC2<>"",$U2<>"파견중",$N2<>$AE2),"인턴 타지역 근무: 파견 여부 확인","정상"))))))))) | AA2: 예시 데이터 | AB2: =IF($B2="","",IFERROR(MATCH($B2,입력_기본자료!$B$2:$B$1001,0),IFERROR(MATCH($B2&"",입력_기본자료!$B$2:$B$1001,0),IFERROR(MATCH(VALUE($B2),입력_기본자료!$B$2:$B$1001,0),"")))) | AC2: =IF($B2="","",IFERROR(MATCH($B2,입력_인턴근무계획!$D$3:$D$402,0),IFERROR(MATCH($B2&"",입력_인턴근무계획!$D$3:$D$402,0),IFERROR(MATCH(VALUE($B2),입력_인턴근무계획!$D$3:$D$402,0),"")))) | AD2: =IF(OR($AC2="",출력_인턴현황!$G$3=""),"",INDEX(입력_인턴근무계획!$M$3:$R$402,$AC2,출력_인턴현황!$G$3)&"") | AE2: =IF($B2="","",IF($M2<>"",$M2,IF(IF($AQ2="",FALSE,INDEX(출력_구리근무자!$J$6:$J$305,$AQ2)="구리독자"),"구리병원",IF($AF2<>"",IF(LEFT(INDEX(입력_파견수련계획!$R$4:$R$803,$AF2),1)<>"⚠",INDEX(입력_파견수련계획!$R$4:$R$803,$AF2),IF($H2="","",IF(RIGHT($H2,2)="병원",$H2,$H2&"병원"))),IF($H2="","",IF(RIGHT($H2,2)="병원",$H2,$H2&"병원")))))) | AF2: =IF(OR($B2="",TRIM($J2&"")=""),"",IFERROR(MATCH(TRIM($J2&"")&"|파견중",입력_파견수련계획!$Y$4:$Y$803,0),IFERROR(MATCH(TRIM($J2&"")&"|파견예정",입력_파견수련계획!$Y$4:$Y$803,0),IFERROR(MATCH(TRIM($J2&"")&"|파견종료",입력_파견수련계획!$Y$4:$Y$803,0),"")))) | AG2: =IF($B2="","",IF(AND(IF(OR($AC2="",출력_인턴현황!$K$2=""),"",INDEX(입력_인턴근무계획!$M$3:$R$402,$AC2,출력_인턴현황!$K$2)&"")<>"",LEFT(IF(OR($AC2="",출력_인턴현황!$K$2=""),"",INDEX(입력_인턴근무계획!$M$3:$R$402,$AC2,출력_인턴현황!$K$2)&""),1)<>"⚠"),LEFT(IF(OR($AC2="",출력_인턴현황!$K$2=""),"",INDEX(입력_인턴근무계획!$M$3:$R$402,$AC2,출력_인턴현황!$K$2)&""),FIND(" ",IF(OR($AC2="",출력_인턴현황!$K$2=""),"",INDEX(입력_인턴근무계획!$M$3:$R$402,$AC2,출력_인턴현황!$K$2)&""))-1),$AE2)) | AH2: =IF($B2="","",IF($AQ2<>"",MAX(0,DAY(EOMONTH(출력_요약!$B$3,0))-N($AR2)),IF(TRIM($J2&"")="",0,SUMPRODUCT((입력_파견수련계획!$Q$4:$Q$803=TRIM($J2&""))*(입력_파견수련계획!$S$4:$S$803="서울병원")*입력_파견수련계획!$W$4:$W$803))+IF($AG2="서울병원",MAX(0,DAY(EOMONTH(출력_요약!$B$3,0))-N($X2)),0))) | AI2: =IF($B2="","",IF($AQ2<>"",N($AR2),IF(TRIM($J2&"")="",0,SUMPRODUCT((입력_파견수련계획!$Q$4:$Q$803=TRIM($J2&""))*(입력_파견수련계획!$S$4:$S$803="구리병원")*입력_파견수련계획!$W$4:$W$803))+IF($AG2="구리병원",MAX(0,DAY(EOMONTH(출력_요약!$B$3,0))-N($X2)),0))) | AJ2: =IF(OR($B2="",TRIM($J2&"")=""),"",IFERROR(MATCH(TRIM($J2&"")&"|월",입력_파견수련계획!$Z$4:$Z$803,0),"")) | AK2: =IF(OR($B2="",TRIM($J2&"")=""),"",IFERROR(MATCH(TRIM($J2&"")&"|다기관",입력_파견수련계획!$AE$4:$AE$803,0),"")) | AL2: =IF($AK2="","","다기관 "&TEXT(INDEX(입력_파견수련계획!$AB$4:$AB$803,$AK2),"yyyy-mm-dd")&"~"&IF(ISNUMBER(INDEX(입력_파견수련계획!$AC$4:$AC$803,$AK2)),TEXT(INDEX(입력_파견수련계획!$AC$4:$AC$803,$AK2),"yyyy-mm-dd"),"")) | AM2: =IF($Y2="서울병원",COUNTIF($Y$2:$Y2,"서울병원"),"") | AN2: =IF(LEFT($Y2,1)="⚠",COUNTIF($Y$2:$Y2,"⚠*"),"") | AO2: =IF(OR($B2="",$Y2=""),"",IF(IF(TRIM($J2&"")="",0,SUMPRODUCT((입력_파견수련계획!$Q$4:$Q$803=TRIM($J2&""))*입력_파견수련계획!$AD$4:$AD$803))>0,"다기관 기간 → 소속병원 지급",IF(AND(N($X2)<=0,$AQ2=""),"파견 없음 → 그 달 근무병원 지급",IF($AH2+$AI2=DAY(EOMONTH(출력_요약!$B$3,0)),"서울 "&$AH2&"일 / 구리 "&$AI2&"일"&IF($AQ2<>""," (구리 근무자명단 반영)","")&" → 15일 이상 근무 병원 지급","타 병원 포함 → "&IF($AJ2="","소속",INDEX(입력_파견수련계획!$T$4:$T$803,$AJ2))&" 규칙")))) | AP2: =IF($B2="","",$C2&"|"&$F2) | AQ2: =IF($B2="","",IFERROR(MATCH(ROW()-1,출력_구리근무자!$K$6:$K$305,0),"")) | AR2: =IF($AQ2="","",INDEX(출력_구리근무자!$H$6:$H$305,$AQ2))
A3: =IF(B3="","",ROW()-1) | B3: 2261213 | C3: =IF($AB3="","",IF(INDEX(입력_기본자료!$C$2:$C$1001,$AB3)="","",INDEX(입력_기본자료!$C$2:$C$1001,$AB3))) | D3: =IF($AB3="","",IF(INDEX(입력_기본자료!$J$2:$J$1001,$AB3)="","",INDEX(입력_기본자료!$J$2:$J$1001,$AB3))) | E3: =IF($AB3="","",IF(INDEX(입력_기본자료!$K$2:$K$1001,$AB3)="","",IF(NOT(ISNUMBER(INDEX(입력_기본자료!$K$2:$K$1001,$AB3))),INDEX(입력_기본자료!$K$2:$K$1001,$AB3),IF(INDEX(입력_기본자료!$K$2:$K$1001,$AB3)<1000000,INDEX(입력_기본자료!$K$2:$K$1001,$AB3),IF(AND(INDEX(입력_기본자료!$K$2:$K$1001,$AB3)>=10000101,INT(MOD(INDEX(입력_기본자료!$K$2:$K$1001,$AB3),10000)/100)>=1,INT(MOD(INDEX(입력_기본자료!$K$2:$K$1001,$AB3),10000)/100)<=12,MOD(INDEX(입력_기본자료!$K$2:$K$1001,$AB3),100)>=1,MOD(INDEX(입력_기본자료!$K$2:$K$1001,$AB3),100)<=31),DATE(INT(INDEX(입력_기본자료!$K$2:$K$1001,$AB3)/10000),INT(MOD(INDEX(입력_기본자료!$K$2:$K$1001,$AB3),10000)/100),MOD(INDEX(입력_기본자료!$K$2:$K$1001,$AB3),100)),INDEX(입력_기본자료!$K$2:$K$1001,$AB3)&""))))) | F3: =IF($AB3="","",IF(INDEX(입력_기본자료!$D$2:$D$1001,$AB3)="","",INDEX(입력_기본자료!$D$2:$D$1001,$AB3))) | G3: =IF($AB3="","",IF(INDEX(입력_기본자료!$E$2:$E$1001,$AB3)="","",INDEX(입력_기본자료!$E$2:$E$1001,$AB3))) | H3: =IF($AB3="","",IF(INDEX(입력_기본자료!$F$2:$F$1001,$AB3)="","",INDEX(입력_기본자료!$F$2:$F$1001,$AB3))) | I3: =IF($AB3="","",IF(INDEX(입력_기본자료!$G$2:$G$1001,$AB3)="","",IF(NOT(ISNUMBER(INDEX(입력_기본자료!$G$2:$G$1001,$AB3))),INDEX(입력_기본자료!$G$2:$G$1001,$AB3),IF(INDEX(입력_기본자료!$G$2:$G$1001,$AB3)<1000000,INDEX(입력_기본자료!$G$2:$G$1001,$AB3),IF(AND(INDEX(입력_기본자료!$G$2:$G$1001,$AB3)>=10000101,INT(MOD(INDEX(입력_기본자료!$G$2:$G$1001,$AB3),10000)/100)>=1,INT(MOD(INDEX(입력_기본자료!$G$2:$G$1001,$AB3),10000)/100)<=12,MOD(INDEX(입력_기본자료!$G$2:$G$1001,$AB3),100)>=1,MOD(INDEX(입력_기본자료!$G$2:$G$1001,$AB3),100)<=31),DATE(INT(INDEX(입력_기본자료!$G$2:$G$1001,$AB3)/10000),INT(MOD(INDEX(입력_기본자료!$G$2:$G$1001,$AB3),10000)/100),MOD(INDEX(입력_기본자료!$G$2:$G$1001,$AB3),100)),INDEX(입력_기본자료!$G$2:$G$1001,$AB3)&""))))) | J3: =IF($AB3="","",IF(INDEX(입력_기본자료!$H$2:$H$1001,$AB3)="","",INDEX(입력_기본자료!$H$2:$H$1001,$AB3))) | K3: =IF($AB3="","",IF(INDEX(입력_기본자료!$I$2:$I$1001,$AB3)="","",INDEX(입력_기본자료!$I$2:$I$1001,$AB3))) | L3: =IF($AB3="","",IF(INDEX(입력_기본자료!$A$2:$A$1001,$AB3)="","",INDEX(입력_기본자료!$A$2:$A$1001,$AB3))) | M3: 서울병원 | N3: =IF($B3="","",IF(AND($U3="파견중",$Q3<>""),$Q3,IF(AND($AD3<>"",LEFT($AD3,1)<>"⚠"),LEFT($AD3,FIND(" ",$AD3)-1),IF($H3="","",IF(RIGHT($H3,2)="병원",$H3,$H3&"병원"))))) | O3: =IF($B3="","",IF(AND($U3="파견중",$Q3<>""),IF($R3<>"",$R3,"파견과 미입력"),IF(AND($AD3<>"",LEFT($AD3,1)<>"⚠"),MID($AD3,FIND(" ",$AD3)+1,60),IF($F3="","",IF($F3="인턴","수련교육부(인턴)",$F3))))) | P3: =IF($B3="","",IF($AK3<>"",IF(AND(TODAY()>=INDEX(입력_파견수련계획!$AB$4:$AB$803,$AK3),OR(NOT(ISNUMBER(INDEX(입력_파견수련계획!$AC$4:$AC$803,$AK3))),TODAY()<=INDEX(입력_파견수련계획!$AC$4:$AC$803,$AK3))),"다기관",IF($AF3="","",INDEX(입력_파견수련계획!$T$4:$T$803,$AF3))),IF($AF3="","",INDEX(입력_파견수련계획!$T$4:$T$803,$AF3)))) | Q3: =IF($AF3="","",INDEX(입력_파견수련계획!$S$4:$S$803,$AF3)) | R3: =IF($AF3="","",INDEX(입력_파견수련계획!$U$4:$U$803,$AF3)) | S3: =IF($AF3="","",IF(INDEX(입력_파견수련계획!$H$4:$H$803,$AF3)="","",INDEX(입력_파견수련계획!$H$4:$H$803,$AF3))) | T3: =IF($AF3="","",IF(INDEX(입력_파견수련계획!$I$4:$I$803,$AF3)="","",INDEX(입력_파견수련계획!$I$4:$I$803,$AF3))) | U3: =IF($AF3="","",INDEX(입력_파견수련계획!$X$4:$X$803,$AF3)) | V3: =IF($AF3="","",INDEX(입력_파견수련계획!$V$4:$V$803,$AF3)) | W3: =IF(AND($U3="파견중",$T3<>""),$T3-TODAY(),"") | X3: =IF(OR($B3="",TRIM($J3&"")=""),"",SUMPRODUCT((입력_파견수련계획!$Q$4:$Q$803=TRIM($J3&""))*입력_파견수련계획!$W$4:$W$803)) | Y3: =IF($B3="","",IF($AG3="","",IF(IF(TRIM($J3&"")="",0,SUMPRODUCT((입력_파견수련계획!$Q$4:$Q$803=TRIM($J3&""))*입력_파견수련계획!$AD$4:$AD$803))>0,$AE3,IF(AND(N($X3)<=0,$AQ3=""),$AG3,IF($AH3+$AI3=DAY(EOMONTH(출력_요약!$B$3,0)),IF(AND($AH3>=출력_요약!$E$3,$AI3<출력_요약!$E$3),"서울병원",IF(AND($AI3>=출력_요약!$E$3,$AH3<출력_요약!$E$3),"구리병원","⚠15일 판정불가(서울 "&$AH3&"일/구리 "&$AI3&"일)")),IF($AJ3="",$AE3,IF(INDEX(입력_파견수련계획!$T$4:$T$803,$AJ3)="통합수련",INDEX(입력_파견수련계획!$S$4:$S$803,$AJ3),$AE3))))))) | Z3: =IF($B3="","",IF($AB3="","기본자료에 없는 사번",IF(COUNTIF($B$2:$B$401,$B3)>1,"중복 사번",IF($AE3="","소속(입사장소) 입력",IF(IF(TRIM($J3&"")="",0,SUMPRODUCT((입력_파견수련계획!$Q$4:$Q$803=TRIM($J3&""))*(입력_파견수련계획!$AA$4:$AA$803<>"")))>0,"파견수련계획 입력오류 확인",IF(LEFT($Y3,1)="⚠","서울·구리 15일 판정 불가(양쪽 모두 이상/미만)",IF(IF($AC3="",0,N(INDEX(입력_인턴근무계획!$T$3:$T$402,$AC3)))>0,"인턴계획 입력오류 확인",IF(AND($AQ3<>"",$AG3<>"구리병원",IF(TRIM($J3&"")="",0,SUMPRODUCT((입력_파견수련계획!$Q$4:$Q$803=TRIM($J3&""))*(입력_파견수련계획!$S$4:$S$803="구리병원")*입력_파견수련계획!$W$4:$W$803))=0),"구리 근무자명단에만 있음(파견수련계획 확인)",IF(AND($AC3<>"",$U3<>"파견중",$N3<>$AE3),"인턴 타지역 근무: 파견 여부 확인","정상"))))))))) | AA3: 예시 데이터 | AB3: =IF($B3="","",IFERROR(MATCH($B3,입력_기본자료!$B$2:$B$1001,0),IFERROR(MATCH($B3&"",입력_기본자료!$B$2:$B$1001,0),IFERROR(MATCH(VALUE($B3),입력_기본자료!$B$2:$B$1001,0),"")))) | AC3: =IF($B3="","",IFERROR(MATCH($B3,입력_인턴근무계획!$D$3:$D$402,0),IFERROR(MATCH($B3&"",입력_인턴근무계획!$D$3:$D$402,0),IFERROR(MATCH(VALUE($B3),입력_인턴근무계획!$D$3:$D$402,0),"")))) | AD3: =IF(OR($AC3="",출력_인턴현황!$G$3=""),"",INDEX(입력_인턴근무계획!$M$3:$R$402,$AC3,출력_인턴현황!$G$3)&"") | AE3: =IF($B3="","",IF($M3<>"",$M3,IF(IF($AQ3="",FALSE,INDEX(출력_구리근무자!$J$6:$J$305,$AQ3)="구리독자"),"구리병원",IF($AF3<>"",IF(LEFT(INDEX(입력_파견수련계획!$R$4:$R$803,$AF3),1)<>"⚠",INDEX(입력_파견수련계획!$R$4:$R$803,$AF3),IF($H3="","",IF(RIGHT($H3,2)="병원",$H3,$H3&"병원"))),IF($H3="","",IF(RIGHT($H3,2)="병원",$H3,$H3&"병원")))))) | AF3: =IF(OR($B3="",TRIM($J3&"")=""),"",IFERROR(MATCH(TRIM($J3&"")&"|파견중",입력_파견수련계획!$Y$4:$Y$803,0),IFERROR(MATCH(TRIM($J3&"")&"|파견예정",입력_파견수련계획!$Y$4:$Y$803,0),IFERROR(MATCH(TRIM($J3&"")&"|파견종료",입력_파견수련계획!$Y$4:$Y$803,0),"")))) | AG3: =IF($B3="","",IF(AND(IF(OR($AC3="",출력_인턴현황!$K$2=""),"",INDEX(입력_인턴근무계획!$M$3:$R$402,$AC3,출력_인턴현황!$K$2)&"")<>"",LEFT(IF(OR($AC3="",출력_인턴현황!$K$2=""),"",INDEX(입력_인턴근무계획!$M$3:$R$402,$AC3,출력_인턴현황!$K$2)&""),1)<>"⚠"),LEFT(IF(OR($AC3="",출력_인턴현황!$K$2=""),"",INDEX(입력_인턴근무계획!$M$3:$R$402,$AC3,출력_인턴현황!$K$2)&""),FIND(" ",IF(OR($AC3="",출력_인턴현황!$K$2=""),"",INDEX(입력_인턴근무계획!$M$3:$R$402,$AC3,출력_인턴현황!$K$2)&""))-1),$AE3)) | AH3: =IF($B3="","",IF($AQ3<>"",MAX(0,DAY(EOMONTH(출력_요약!$B$3,0))-N($AR3)),IF(TRIM($J3&"")="",0,SUMPRODUCT((입력_파견수련계획!$Q$4:$Q$803=TRIM($J3&""))*(입력_파견수련계획!$S$4:$S$803="서울병원")*입력_파견수련계획!$W$4:$W$803))+IF($AG3="서울병원",MAX(0,DAY(EOMONTH(출력_요약!$B$3,0))-N($X3)),0))) | AI3: =IF($B3="","",IF($AQ3<>"",N($AR3),IF(TRIM($J3&"")="",0,SUMPRODUCT((입력_파견수련계획!$Q$4:$Q$803=TRIM($J3&""))*(입력_파견수련계획!$S$4:$S$803="구리병원")*입력_파견수련계획!$W$4:$W$803))+IF($AG3="구리병원",MAX(0,DAY(EOMONTH(출력_요약!$B$3,0))-N($X3)),0))) | AJ3: =IF(OR($B3="",TRIM($J3&"")=""),"",IFERROR(MATCH(TRIM($J3&"")&"|월",입력_파견수련계획!$Z$4:$Z$803,0),"")) | AK3: =IF(OR($B3="",TRIM($J3&"")=""),"",IFERROR(MATCH(TRIM($J3&"")&"|다기관",입력_파견수련계획!$AE$4:$AE$803,0),"")) | AL3: =IF($AK3="","","다기관 "&TEXT(INDEX(입력_파견수련계획!$AB$4:$AB$803,$AK3),"yyyy-mm-dd")&"~"&IF(ISNUMBER(INDEX(입력_파견수련계획!$AC$4:$AC$803,$AK3)),TEXT(INDEX(입력_파견수련계획!$AC$4:$AC$803,$AK3),"yyyy-mm-dd"),"")) | AM3: =IF($Y3="서울병원",COUNTIF($Y$2:$Y3,"서울병원"),"") | AN3: =IF(LEFT($Y3,1)="⚠",COUNTIF($Y$2:$Y3,"⚠*"),"") | AO3: =IF(OR($B3="",$Y3=""),"",IF(IF(TRIM($J3&"")="",0,SUMPRODUCT((입력_파견수련계획!$Q$4:$Q$803=TRIM($J3&""))*입력_파견수련계획!$AD$4:$AD$803))>0,"다기관 기간 → 소속병원 지급",IF(AND(N($X3)<=0,$AQ3=""),"파견 없음 → 그 달 근무병원 지급",IF($AH3+$AI3=DAY(EOMONTH(출력_요약!$B$3,0)),"서울 "&$AH3&"일 / 구리 "&$AI3&"일"&IF($AQ3<>""," (구리 근무자명단 반영)","")&" → 15일 이상 근무 병원 지급","타 병원 포함 → "&IF($AJ3="","소속",INDEX(입력_파견수련계획!$T$4:$T$803,$AJ3))&" 규칙")))) | AP3: =IF($B3="","",$C3&"|"&$F3) | AQ3: =IF($B3="","",IFERROR(MATCH(ROW()-1,출력_구리근무자!$K$6:$K$305,0),"")) | AR3: =IF($AQ3="","",INDEX(출력_구리근무자!$H$6:$H$305,$AQ3))
A4: =IF(B4="","",ROW()-1) | B4: 2261214 | C4: =IF($AB4="","",IF(INDEX(입력_기본자료!$C$2:$C$1001,$AB4)="","",INDEX(입력_기본자료!$C$2:$C$1001,$AB4))) | D4: =IF($AB4="","",IF(INDEX(입력_기본자료!$J$2:$J$1001,$AB4)="","",INDEX(입력_기본자료!$J$2:$J$1001,$AB4))) | E4: =IF($AB4="","",IF(INDEX(입력_기본자료!$K$2:$K$1001,$AB4)="","",IF(NOT(ISNUMBER(INDEX(입력_기본자료!$K$2:$K$1001,$AB4))),INDEX(입력_기본자료!$K$2:$K$1001,$AB4),IF(INDEX(입력_기본자료!$K$2:$K$1001,$AB4)<1000000,INDEX(입력_기본자료!$K$2:$K$1001,$AB4),IF(AND(INDEX(입력_기본자료!$K$2:$K$1001,$AB4)>=10000101,INT(MOD(INDEX(입력_기본자료!$K$2:$K$1001,$AB4),10000)/100)>=1,INT(MOD(INDEX(입력_기본자료!$K$2:$K$1001,$AB4),10000)/100)<=12,MOD(INDEX(입력_기본자료!$K$2:$K$1001,$AB4),100)>=1,MOD(INDEX(입력_기본자료!$K$2:$K$1001,$AB4),100)<=31),DATE(INT(INDEX(입력_기본자료!$K$2:$K$1001,$AB4)/10000),INT(MOD(INDEX(입력_기본자료!$K$2:$K$1001,$AB4),10000)/100),MOD(INDEX(입력_기본자료!$K$2:$K$1001,$AB4),100)),INDEX(입력_기본자료!$K$2:$K$1001,$AB4)&""))))) | F4: =IF($AB4="","",IF(INDEX(입력_기본자료!$D$2:$D$1001,$AB4)="","",INDEX(입력_기본자료!$D$2:$D$1001,$AB4))) | G4: =IF($AB4="","",IF(INDEX(입력_기본자료!$E$2:$E$1001,$AB4)="","",INDEX(입력_기본자료!$E$2:$E$1001,$AB4))) | H4: =IF($AB4="","",IF(INDEX(입력_기본자료!$F$2:$F$1001,$AB4)="","",INDEX(입력_기본자료!$F$2:$F$1001,$AB4))) | I4: =IF($AB4="","",IF(INDEX(입력_기본자료!$G$2:$G$1001,$AB4)="","",IF(NOT(ISNUMBER(INDEX(입력_기본자료!$G$2:$G$1001,$AB4))),INDEX(입력_기본자료!$G$2:$G$1001,$AB4),IF(INDEX(입력_기본자료!$G$2:$G$1001,$AB4)<1000000,INDEX(입력_기본자료!$G$2:$G$1001,$AB4),IF(AND(INDEX(입력_기본자료!$G$2:$G$1001,$AB4)>=10000101,INT(MOD(INDEX(입력_기본자료!$G$2:$G$1001,$AB4),10000)/100)>=1,INT(MOD(INDEX(입력_기본자료!$G$2:$G$1001,$AB4),10000)/100)<=12,MOD(INDEX(입력_기본자료!$G$2:$G$1001,$AB4),100)>=1,MOD(INDEX(입력_기본자료!$G$2:$G$1001,$AB4),100)<=31),DATE(INT(INDEX(입력_기본자료!$G$2:$G$1001,$AB4)/10000),INT(MOD(INDEX(입력_기본자료!$G$2:$G$1001,$AB4),10000)/100),MOD(INDEX(입력_기본자료!$G$2:$G$1001,$AB4),100)),INDEX(입력_기본자료!$G$2:$G$1001,$AB4)&""))))) | J4: =IF($AB4="","",IF(INDEX(입력_기본자료!$H$2:$H$1001,$AB4)="","",INDEX(입력_기본자료!$H$2:$H$1001,$AB4))) | K4: =IF($AB4="","",IF(INDEX(입력_기본자료!$I$2:$I$1001,$AB4)="","",INDEX(입력_기본자료!$I$2:$I$1001,$AB4))) | L4: =IF($AB4="","",IF(INDEX(입력_기본자료!$A$2:$A$1001,$AB4)="","",INDEX(입력_기본자료!$A$2:$A$1001,$AB4))) | M4: 서울병원 | N4: =IF($B4="","",IF(AND($U4="파견중",$Q4<>""),$Q4,IF(AND($AD4<>"",LEFT($AD4,1)<>"⚠"),LEFT($AD4,FIND(" ",$AD4)-1),IF($H4="","",IF(RIGHT($H4,2)="병원",$H4,$H4&"병원"))))) | O4: =IF($B4="","",IF(AND($U4="파견중",$Q4<>""),IF($R4<>"",$R4,"파견과 미입력"),IF(AND($AD4<>"",LEFT($AD4,1)<>"⚠"),MID($AD4,FIND(" ",$AD4)+1,60),IF($F4="","",IF($F4="인턴","수련교육부(인턴)",$F4))))) | P4: =IF($B4="","",IF($AK4<>"",IF(AND(TODAY()>=INDEX(입력_파견수련계획!$AB$4:$AB$803,$AK4),OR(NOT(ISNUMBER(INDEX(입력_파견수련계획!$AC$4:$AC$803,$AK4))),TODAY()<=INDEX(입력_파견수련계획!$AC$4:$AC$803,$AK4))),"다기관",IF($AF4="","",INDEX(입력_파견수련계획!$T$4:$T$803,$AF4))),IF($AF4="","",INDEX(입력_파견수련계획!$T$4:$T$803,$AF4)))) | Q4: =IF($AF4="","",INDEX(입력_파견수련계획!$S$4:$S$803,$AF4)) | R4: =IF($AF4="","",INDEX(입력_파견수련계획!$U$4:$U$803,$AF4)) | S4: =IF($AF4="","",IF(INDEX(입력_파견수련계획!$H$4:$H$803,$AF4)="","",INDEX(입력_파견수련계획!$H$4:$H$803,$AF4))) | T4: =IF($AF4="","",IF(INDEX(입력_파견수련계획!$I$4:$I$803,$AF4)="","",INDEX(입력_파견수련계획!$I$4:$I$803,$AF4))) | U4: =IF($AF4="","",INDEX(입력_파견수련계획!$X$4:$X$803,$AF4)) | V4: =IF($AF4="","",INDEX(입력_파견수련계획!$V$4:$V$803,$AF4)) | W4: =IF(AND($U4="파견중",$T4<>""),$T4-TODAY(),"") | X4: =IF(OR($B4="",TRIM($J4&"")=""),"",SUMPRODUCT((입력_파견수련계획!$Q$4:$Q$803=TRIM($J4&""))*입력_파견수련계획!$W$4:$W$803)) | Y4: =IF($B4="","",IF($AG4="","",IF(IF(TRIM($J4&"")="",0,SUMPRODUCT((입력_파견수련계획!$Q$4:$Q$803=TRIM($J4&""))*입력_파견수련계획!$AD$4:$AD$803))>0,$AE4,IF(AND(N($X4)<=0,$AQ4=""),$AG4,IF($AH4+$AI4=DAY(EOMONTH(출력_요약!$B$3,0)),IF(AND($AH4>=출력_요약!$E$3,$AI4<출력_요약!$E$3),"서울병원",IF(AND($AI4>=출력_요약!$E$3,$AH4<출력_요약!$E$3),"구리병원","⚠15일 판정불가(서울 "&$AH4&"일/구리 "&$AI4&"일)")),IF($AJ4="",$AE4,IF(INDEX(입력_파견수련계획!$T$4:$T$803,$AJ4)="통합수련",INDEX(입력_파견수련계획!$S$4:$S$803,$AJ4),$AE4))))))) | Z4: =IF($B4="","",IF($AB4="","기본자료에 없는 사번",IF(COUNTIF($B$2:$B$401,$B4)>1,"중복 사번",IF($AE4="","소속(입사장소) 입력",IF(IF(TRIM($J4&"")="",0,SUMPRODUCT((입력_파견수련계획!$Q$4:$Q$803=TRIM($J4&""))*(입력_파견수련계획!$AA$4:$AA$803<>"")))>0,"파견수련계획 입력오류 확인",IF(LEFT($Y4,1)="⚠","서울·구리 15일 판정 불가(양쪽 모두 이상/미만)",IF(IF($AC4="",0,N(INDEX(입력_인턴근무계획!$T$3:$T$402,$AC4)))>0,"인턴계획 입력오류 확인",IF(AND($AQ4<>"",$AG4<>"구리병원",IF(TRIM($J4&"")="",0,SUMPRODUCT((입력_파견수련계획!$Q$4:$Q$803=TRIM($J4&""))*(입력_파견수련계획!$S$4:$S$803="구리병원")*입력_파견수련계획!$W$4:$W$803))=0),"구리 근무자명단에만 있음(파견수련계획 확인)",IF(AND($AC4<>"",$U4<>"파견중",$N4<>$AE4),"인턴 타지역 근무: 파견 여부 확인","정상"))))))))) | AA4: 예시 데이터 | AB4: =IF($B4="","",IFERROR(MATCH($B4,입력_기본자료!$B$2:$B$1001,0),IFERROR(MATCH($B4&"",입력_기본자료!$B$2:$B$1001,0),IFERROR(MATCH(VALUE($B4),입력_기본자료!$B$2:$B$1001,0),"")))) | AC4: =IF($B4="","",IFERROR(MATCH($B4,입력_인턴근무계획!$D$3:$D$402,0),IFERROR(MATCH($B4&"",입력_인턴근무계획!$D$3:$D$402,0),IFERROR(MATCH(VALUE($B4),입력_인턴근무계획!$D$3:$D$402,0),"")))) | AD4: =IF(OR($AC4="",출력_인턴현황!$G$3=""),"",INDEX(입력_인턴근무계획!$M$3:$R$402,$AC4,출력_인턴현황!$G$3)&"") | AE4: =IF($B4="","",IF($M4<>"",$M4,IF(IF($AQ4="",FALSE,INDEX(출력_구리근무자!$J$6:$J$305,$AQ4)="구리독자"),"구리병원",IF($AF4<>"",IF(LEFT(INDEX(입력_파견수련계획!$R$4:$R$803,$AF4),1)<>"⚠",INDEX(입력_파견수련계획!$R$4:$R$803,$AF4),IF($H4="","",IF(RIGHT($H4,2)="병원",$H4,$H4&"병원"))),IF($H4="","",IF(RIGHT($H4,2)="병원",$H4,$H4&"병원")))))) | AF4: =IF(OR($B4="",TRIM($J4&"")=""),"",IFERROR(MATCH(TRIM($J4&"")&"|파견중",입력_파견수련계획!$Y$4:$Y$803,0),IFERROR(MATCH(TRIM($J4&"")&"|파견예정",입력_파견수련계획!$Y$4:$Y$803,0),IFERROR(MATCH(TRIM($J4&"")&"|파견종료",입력_파견수련계획!$Y$4:$Y$803,0),"")))) | AG4: =IF($B4="","",IF(AND(IF(OR($AC4="",출력_인턴현황!$K$2=""),"",INDEX(입력_인턴근무계획!$M$3:$R$402,$AC4,출력_인턴현황!$K$2)&"")<>"",LEFT(IF(OR($AC4="",출력_인턴현황!$K$2=""),"",INDEX(입력_인턴근무계획!$M$3:$R$402,$AC4,출력_인턴현황!$K$2)&""),1)<>"⚠"),LEFT(IF(OR($AC4="",출력_인턴현황!$K$2=""),"",INDEX(입력_인턴근무계획!$M$3:$R$402,$AC4,출력_인턴현황!$K$2)&""),FIND(" ",IF(OR($AC4="",출력_인턴현황!$K$2=""),"",INDEX(입력_인턴근무계획!$M$3:$R$402,$AC4,출력_인턴현황!$K$2)&""))-1),$AE4)) | AH4: =IF($B4="","",IF($AQ4<>"",MAX(0,DAY(EOMONTH(출력_요약!$B$3,0))-N($AR4)),IF(TRIM($J4&"")="",0,SUMPRODUCT((입력_파견수련계획!$Q$4:$Q$803=TRIM($J4&""))*(입력_파견수련계획!$S$4:$S$803="서울병원")*입력_파견수련계획!$W$4:$W$803))+IF($AG4="서울병원",MAX(0,DAY(EOMONTH(출력_요약!$B$3,0))-N($X4)),0))) | AI4: =IF($B4="","",IF($AQ4<>"",N($AR4),IF(TRIM($J4&"")="",0,SUMPRODUCT((입력_파견수련계획!$Q$4:$Q$803=TRIM($J4&""))*(입력_파견수련계획!$S$4:$S$803="구리병원")*입력_파견수련계획!$W$4:$W$803))+IF($AG4="구리병원",MAX(0,DAY(EOMONTH(출력_요약!$B$3,0))-N($X4)),0))) | AJ4: =IF(OR($B4="",TRIM($J4&"")=""),"",IFERROR(MATCH(TRIM($J4&"")&"|월",입력_파견수련계획!$Z$4:$Z$803,0),"")) | AK4: =IF(OR($B4="",TRIM($J4&"")=""),"",IFERROR(MATCH(TRIM($J4&"")&"|다기관",입력_파견수련계획!$AE$4:$AE$803,0),"")) | AL4: =IF($AK4="","","다기관 "&TEXT(INDEX(입력_파견수련계획!$AB$4:$AB$803,$AK4),"yyyy-mm-dd")&"~"&IF(ISNUMBER(INDEX(입력_파견수련계획!$AC$4:$AC$803,$AK4)),TEXT(INDEX(입력_파견수련계획!$AC$4:$AC$803,$AK4),"yyyy-mm-dd"),"")) | AM4: =IF($Y4="서울병원",COUNTIF($Y$2:$Y4,"서울병원"),"") | AN4: =IF(LEFT($Y4,1)="⚠",COUNTIF($Y$2:$Y4,"⚠*"),"") | AO4: =IF(OR($B4="",$Y4=""),"",IF(IF(TRIM($J4&"")="",0,SUMPRODUCT((입력_파견수련계획!$Q$4:$Q$803=TRIM($J4&""))*입력_파견수련계획!$AD$4:$AD$803))>0,"다기관 기간 → 소속병원 지급",IF(AND(N($X4)<=0,$AQ4=""),"파견 없음 → 그 달 근무병원 지급",IF($AH4+$AI4=DAY(EOMONTH(출력_요약!$B$3,0)),"서울 "&$AH4&"일 / 구리 "&$AI4&"일"&IF($AQ4<>""," (구리 근무자명단 반영)","")&" → 15일 이상 근무 병원 지급","타 병원 포함 → "&IF($AJ4="","소속",INDEX(입력_파견수련계획!$T$4:$T$803,$AJ4))&" 규칙")))) | AP4: =IF($B4="","",$C4&"|"&$F4) | AQ4: =IF($B4="","",IFERROR(MATCH(ROW()-1,출력_구리근무자!$K$6:$K$305,0),"")) | AR4: =IF($AQ4="","",INDEX(출력_구리근무자!$H$6:$H$305,$AQ4))
A5: =IF(B5="","",ROW()-1) | B5: 2261215 | C5: =IF($AB5="","",IF(INDEX(입력_기본자료!$C$2:$C$1001,$AB5)="","",INDEX(입력_기본자료!$C$2:$C$1001,$AB5))) | D5: =IF($AB5="","",IF(INDEX(입력_기본자료!$J$2:$J$1001,$AB5)="","",INDEX(입력_기본자료!$J$2:$J$1001,$AB5))) | E5: =IF($AB5="","",IF(INDEX(입력_기본자료!$K$2:$K$1001,$AB5)="","",IF(NOT(ISNUMBER(INDEX(입력_기본자료!$K$2:$K$1001,$AB5))),INDEX(입력_기본자료!$K$2:$K$1001,$AB5),IF(INDEX(입력_기본자료!$K$2:$K$1001,$AB5)<1000000,INDEX(입력_기본자료!$K$2:$K$1001,$AB5),IF(AND(INDEX(입력_기본자료!$K$2:$K$1001,$AB5)>=10000101,INT(MOD(INDEX(입력_기본자료!$K$2:$K$1001,$AB5),10000)/100)>=1,INT(MOD(INDEX(입력_기본자료!$K$2:$K$1001,$AB5),10000)/100)<=12,MOD(INDEX(입력_기본자료!$K$2:$K$1001,$AB5),100)>=1,MOD(INDEX(입력_기본자료!$K$2:$K$1001,$AB5),100)<=31),DATE(INT(INDEX(입력_기본자료!$K$2:$K$1001,$AB5)/10000),INT(MOD(INDEX(입력_기본자료!$K$2:$K$1001,$AB5),10000)/100),MOD(INDEX(입력_기본자료!$K$2:$K$1001,$AB5),100)),INDEX(입력_기본자료!$K$2:$K$1001,$AB5)&""))))) | F5: =IF($AB5="","",IF(INDEX(입력_기본자료!$D$2:$D$1001,$AB5)="","",INDEX(입력_기본자료!$D$2:$D$1001,$AB5))) | G5: =IF($AB5="","",IF(INDEX(입력_기본자료!$E$2:$E$1001,$AB5)="","",INDEX(입력_기본자료!$E$2:$E$1001,$AB5))) | H5: =IF($AB5="","",IF(INDEX(입력_기본자료!$F$2:$F$1001,$AB5)="","",INDEX(입력_기본자료!$F$2:$F$1001,$AB5))) | I5: =IF($AB5="","",IF(INDEX(입력_기본자료!$G$2:$G$1001,$AB5)="","",IF(NOT(ISNUMBER(INDEX(입력_기본자료!$G$2:$G$1001,$AB5))),INDEX(입력_기본자료!$G$2:$G$1001,$AB5),IF(INDEX(입력_기본자료!$G$2:$G$1001,$AB5)<1000000,INDEX(입력_기본자료!$G$2:$G$1001,$AB5),IF(AND(INDEX(입력_기본자료!$G$2:$G$1001,$AB5)>=10000101,INT(MOD(INDEX(입력_기본자료!$G$2:$G$1001,$AB5),10000)/100)>=1,INT(MOD(INDEX(입력_기본자료!$G$2:$G$1001,$AB5),10000)/100)<=12,MOD(INDEX(입력_기본자료!$G$2:$G$1001,$AB5),100)>=1,MOD(INDEX(입력_기본자료!$G$2:$G$1001,$AB5),100)<=31),DATE(INT(INDEX(입력_기본자료!$G$2:$G$1001,$AB5)/10000),INT(MOD(INDEX(입력_기본자료!$G$2:$G$1001,$AB5),10000)/100),MOD(INDEX(입력_기본자료!$G$2:$G$1001,$AB5),100)),INDEX(입력_기본자료!$G$2:$G$1001,$AB5)&""))))) | J5: =IF($AB5="","",IF(INDEX(입력_기본자료!$H$2:$H$1001,$AB5)="","",INDEX(입력_기본자료!$H$2:$H$1001,$AB5))) | K5: =IF($AB5="","",IF(INDEX(입력_기본자료!$I$2:$I$1001,$AB5)="","",INDEX(입력_기본자료!$I$2:$I$1001,$AB5))) | L5: =IF($AB5="","",IF(INDEX(입력_기본자료!$A$2:$A$1001,$AB5)="","",INDEX(입력_기본자료!$A$2:$A$1001,$AB5))) | M5: 서울병원 | N5: =IF($B5="","",IF(AND($U5="파견중",$Q5<>""),$Q5,IF(AND($AD5<>"",LEFT($AD5,1)<>"⚠"),LEFT($AD5,FIND(" ",$AD5)-1),IF($H5="","",IF(RIGHT($H5,2)="병원",$H5,$H5&"병원"))))) | O5: =IF($B5="","",IF(AND($U5="파견중",$Q5<>""),IF($R5<>"",$R5,"파견과 미입력"),IF(AND($AD5<>"",LEFT($AD5,1)<>"⚠"),MID($AD5,FIND(" ",$AD5)+1,60),IF($F5="","",IF($F5="인턴","수련교육부(인턴)",$F5))))) | P5: =IF($B5="","",IF($AK5<>"",IF(AND(TODAY()>=INDEX(입력_파견수련계획!$AB$4:$AB$803,$AK5),OR(NOT(ISNUMBER(INDEX(입력_파견수련계획!$AC$4:$AC$803,$AK5))),TODAY()<=INDEX(입력_파견수련계획!$AC$4:$AC$803,$AK5))),"다기관",IF($AF5="","",INDEX(입력_파견수련계획!$T$4:$T$803,$AF5))),IF($AF5="","",INDEX(입력_파견수련계획!$T$4:$T$803,$AF5)))) | Q5: =IF($AF5="","",INDEX(입력_파견수련계획!$S$4:$S$803,$AF5)) | R5: =IF($AF5="","",INDEX(입력_파견수련계획!$U$4:$U$803,$AF5)) | S5: =IF($AF5="","",IF(INDEX(입력_파견수련계획!$H$4:$H$803,$AF5)="","",INDEX(입력_파견수련계획!$H$4:$H$803,$AF5))) | T5: =IF($AF5="","",IF(INDEX(입력_파견수련계획!$I$4:$I$803,$AF5)="","",INDEX(입력_파견수련계획!$I$4:$I$803,$AF5))) | U5: =IF($AF5="","",INDEX(입력_파견수련계획!$X$4:$X$803,$AF5)) | V5: =IF($AF5="","",INDEX(입력_파견수련계획!$V$4:$V$803,$AF5)) | W5: =IF(AND($U5="파견중",$T5<>""),$T5-TODAY(),"") | X5: =IF(OR($B5="",TRIM($J5&"")=""),"",SUMPRODUCT((입력_파견수련계획!$Q$4:$Q$803=TRIM($J5&""))*입력_파견수련계획!$W$4:$W$803)) | Y5: =IF($B5="","",IF($AG5="","",IF(IF(TRIM($J5&"")="",0,SUMPRODUCT((입력_파견수련계획!$Q$4:$Q$803=TRIM($J5&""))*입력_파견수련계획!$AD$4:$AD$803))>0,$AE5,IF(AND(N($X5)<=0,$AQ5=""),$AG5,IF($AH5+$AI5=DAY(EOMONTH(출력_요약!$B$3,0)),IF(AND($AH5>=출력_요약!$E$3,$AI5<출력_요약!$E$3),"서울병원",IF(AND($AI5>=출력_요약!$E$3,$AH5<출력_요약!$E$3),"구리병원","⚠15일 판정불가(서울 "&$AH5&"일/구리 "&$AI5&"일)")),IF($AJ5="",$AE5,IF(INDEX(입력_파견수련계획!$T$4:$T$803,$AJ5)="통합수련",INDEX(입력_파견수련계획!$S$4:$S$803,$AJ5),$AE5))))))) | Z5: =IF($B5="","",IF($AB5="","기본자료에 없는 사번",IF(COUNTIF($B$2:$B$401,$B5)>1,"중복 사번",IF($AE5="","소속(입사장소) 입력",IF(IF(TRIM($J5&"")="",0,SUMPRODUCT((입력_파견수련계획!$Q$4:$Q$803=TRIM($J5&""))*(입력_파견수련계획!$AA$4:$AA$803<>"")))>0,"파견수련계획 입력오류 확인",IF(LEFT($Y5,1)="⚠","서울·구리 15일 판정 불가(양쪽 모두 이상/미만)",IF(IF($AC5="",0,N(INDEX(입력_인턴근무계획!$T$3:$T$402,$AC5)))>0,"인턴계획 입력오류 확인",IF(AND($AQ5<>"",$AG5<>"구리병원",IF(TRIM($J5&"")="",0,SUMPRODUCT((입력_파견수련계획!$Q$4:$Q$803=TRIM($J5&""))*(입력_파견수련계획!$S$4:$S$803="구리병원")*입력_파견수련계획!$W$4:$W$803))=0),"구리 근무자명단에만 있음(파견수련계획 확인)",IF(AND($AC5<>"",$U5<>"파견중",$N5<>$AE5),"인턴 타지역 근무: 파견 여부 확인","정상"))))))))) | AA5: 예시 데이터(종료됨) | AB5: =IF($B5="","",IFERROR(MATCH($B5,입력_기본자료!$B$2:$B$1001,0),IFERROR(MATCH($B5&"",입력_기본자료!$B$2:$B$1001,0),IFERROR(MATCH(VALUE($B5),입력_기본자료!$B$2:$B$1001,0),"")))) | AC5: =IF($B5="","",IFERROR(MATCH($B5,입력_인턴근무계획!$D$3:$D$402,0),IFERROR(MATCH($B5&"",입력_인턴근무계획!$D$3:$D$402,0),IFERROR(MATCH(VALUE($B5),입력_인턴근무계획!$D$3:$D$402,0),"")))) | AD5: =IF(OR($AC5="",출력_인턴현황!$G$3=""),"",INDEX(입력_인턴근무계획!$M$3:$R$402,$AC5,출력_인턴현황!$G$3)&"") | AE5: =IF($B5="","",IF($M5<>"",$M5,IF(IF($AQ5="",FALSE,INDEX(출력_구리근무자!$J$6:$J$305,$AQ5)="구리독자"),"구리병원",IF($AF5<>"",IF(LEFT(INDEX(입력_파견수련계획!$R$4:$R$803,$AF5),1)<>"⚠",INDEX(입력_파견수련계획!$R$4:$R$803,$AF5),IF($H5="","",IF(RIGHT($H5,2)="병원",$H5,$H5&"병원"))),IF($H5="","",IF(RIGHT($H5,2)="병원",$H5,$H5&"병원")))))) | AF5: =IF(OR($B5="",TRIM($J5&"")=""),"",IFERROR(MATCH(TRIM($J5&"")&"|파견중",입력_파견수련계획!$Y$4:$Y$803,0),IFERROR(MATCH(TRIM($J5&"")&"|파견예정",입력_파견수련계획!$Y$4:$Y$803,0),IFERROR(MATCH(TRIM($J5&"")&"|파견종료",입력_파견수련계획!$Y$4:$Y$803,0),"")))) | AG5: =IF($B5="","",IF(AND(IF(OR($AC5="",출력_인턴현황!$K$2=""),"",INDEX(입력_인턴근무계획!$M$3:$R$402,$AC5,출력_인턴현황!$K$2)&"")<>"",LEFT(IF(OR($AC5="",출력_인턴현황!$K$2=""),"",INDEX(입력_인턴근무계획!$M$3:$R$402,$AC5,출력_인턴현황!$K$2)&""),1)<>"⚠"),LEFT(IF(OR($AC5="",출력_인턴현황!$K$2=""),"",INDEX(입력_인턴근무계획!$M$3:$R$402,$AC5,출력_인턴현황!$K$2)&""),FIND(" ",IF(OR($AC5="",출력_인턴현황!$K$2=""),"",INDEX(입력_인턴근무계획!$M$3:$R$402,$AC5,출력_인턴현황!$K$2)&""))-1),$AE5)) | AH5: =IF($B5="","",IF($AQ5<>"",MAX(0,DAY(EOMONTH(출력_요약!$B$3,0))-N($AR5)),IF(TRIM($J5&"")="",0,SUMPRODUCT((입력_파견수련계획!$Q$4:$Q$803=TRIM($J5&""))*(입력_파견수련계획!$S$4:$S$803="서울병원")*입력_파견수련계획!$W$4:$W$803))+IF($AG5="서울병원",MAX(0,DAY(EOMONTH(출력_요약!$B$3,0))-N($X5)),0))) | AI5: =IF($B5="","",IF($AQ5<>"",N($AR5),IF(TRIM($J5&"")="",0,SUMPRODUCT((입력_파견수련계획!$Q$4:$Q$803=TRIM($J5&""))*(입력_파견수련계획!$S$4:$S$803="구리병원")*입력_파견수련계획!$W$4:$W$803))+IF($AG5="구리병원",MAX(0,DAY(EOMONTH(출력_요약!$B$3,0))-N($X5)),0))) | AJ5: =IF(OR($B5="",TRIM($J5&"")=""),"",IFERROR(MATCH(TRIM($J5&"")&"|월",입력_파견수련계획!$Z$4:$Z$803,0),"")) | AK5: =IF(OR($B5="",TRIM($J5&"")=""),"",IFERROR(MATCH(TRIM($J5&"")&"|다기관",입력_파견수련계획!$AE$4:$AE$803,0),"")) | AL5: =IF($AK5="","","다기관 "&TEXT(INDEX(입력_파견수련계획!$AB$4:$AB$803,$AK5),"yyyy-mm-dd")&"~"&IF(ISNUMBER(INDEX(입력_파견수련계획!$AC$4:$AC$803,$AK5)),TEXT(INDEX(입력_파견수련계획!$AC$4:$AC$803,$AK5),"yyyy-mm-dd"),"")) | AM5: =IF($Y5="서울병원",COUNTIF($Y$2:$Y5,"서울병원"),"") | AN5: =IF(LEFT($Y5,1)="⚠",COUNTIF($Y$2:$Y5,"⚠*"),"") | AO5: =IF(OR($B5="",$Y5=""),"",IF(IF(TRIM($J5&"")="",0,SUMPRODUCT((입력_파견수련계획!$Q$4:$Q$803=TRIM($J5&""))*입력_파견수련계획!$AD$4:$AD$803))>0,"다기관 기간 → 소속병원 지급",IF(AND(N($X5)<=0,$AQ5=""),"파견 없음 → 그 달 근무병원 지급",IF($AH5+$AI5=DAY(EOMONTH(출력_요약!$B$3,0)),"서울 "&$AH5&"일 / 구리 "&$AI5&"일"&IF($AQ5<>""," (구리 근무자명단 반영)","")&" → 15일 이상 근무 병원 지급","타 병원 포함 → "&IF($AJ5="","소속",INDEX(입력_파견수련계획!$T$4:$T$803,$AJ5))&" 규칙")))) | AP5: =IF($B5="","",$C5&"|"&$F5) | AQ5: =IF($B5="","",IFERROR(MATCH(ROW()-1,출력_구리근무자!$K$6:$K$305,0),"")) | AR5: =IF($AQ5="","",INDEX(출력_구리근무자!$H$6:$H$305,$AQ5))
A6: =IF(B6="","",ROW()-1) | B6: 2261216 | C6: =IF($AB6="","",IF(INDEX(입력_기본자료!$C$2:$C$1001,$AB6)="","",INDEX(입력_기본자료!$C$2:$C$1001,$AB6))) | D6: =IF($AB6="","",IF(INDEX(입력_기본자료!$J$2:$J$1001,$AB6)="","",INDEX(입력_기본자료!$J$2:$J$1001,$AB6))) | E6: =IF($AB6="","",IF(INDEX(입력_기본자료!$K$2:$K$1001,$AB6)="","",IF(NOT(ISNUMBER(INDEX(입력_기본자료!$K$2:$K$1001,$AB6))),INDEX(입력_기본자료!$K$2:$K$1001,$AB6),IF(INDEX(입력_기본자료!$K$2:$K$1001,$AB6)<1000000,INDEX(입력_기본자료!$K$2:$K$1001,$AB6),IF(AND(INDEX(입력_기본자료!$K$2:$K$1001,$AB6)>=10000101,INT(MOD(INDEX(입력_기본자료!$K$2:$K$1001,$AB6),10000)/100)>=1,INT(MOD(INDEX(입력_기본자료!$K$2:$K$1001,$AB6),10000)/100)<=12,MOD(INDEX(입력_기본자료!$K$2:$K$1001,$AB6),100)>=1,MOD(INDEX(입력_기본자료!$K$2:$K$1001,$AB6),100)<=31),DATE(INT(INDEX(입력_기본자료!$K$2:$K$1001,$AB6)/10000),INT(MOD(INDEX(입력_기본자료!$K$2:$K$1001,$AB6),10000)/100),MOD(INDEX(입력_기본자료!$K$2:$K$1001,$AB6),100)),INDEX(입력_기본자료!$K$2:$K$1001,$AB6)&""))))) | F6: =IF($AB6="","",IF(INDEX(입력_기본자료!$D$2:$D$1001,$AB6)="","",INDEX(입력_기본자료!$D$2:$D$1001,$AB6))) | G6: =IF($AB6="","",IF(INDEX(입력_기본자료!$E$2:$E$1001,$AB6)="","",INDEX(입력_기본자료!$E$2:$E$1001,$AB6))) | H6: =IF($AB6="","",IF(INDEX(입력_기본자료!$F$2:$F$1001,$AB6)="","",INDEX(입력_기본자료!$F$2:$F$1001,$AB6))) | I6: =IF($AB6="","",IF(INDEX(입력_기본자료!$G$2:$G$1001,$AB6)="","",IF(NOT(ISNUMBER(INDEX(입력_기본자료!$G$2:$G$1001,$AB6))),INDEX(입력_기본자료!$G$2:$G$1001,$AB6),IF(INDEX(입력_기본자료!$G$2:$G$1001,$AB6)<1000000,INDEX(입력_기본자료!$G$2:$G$1001,$AB6),IF(AND(INDEX(입력_기본자료!$G$2:$G$1001,$AB6)>=10000101,INT(MOD(INDEX(입력_기본자료!$G$2:$G$1001,$AB6),10000)/100)>=1,INT(MOD(INDEX(입력_기본자료!$G$2:$G$1001,$AB6),10000)/100)<=12,MOD(INDEX(입력_기본자료!$G$2:$G$1001,$AB6),100)>=1,MOD(INDEX(입력_기본자료!$G$2:$G$1001,$AB6),100)<=31),DATE(INT(INDEX(입력_기본자료!$G$2:$G$1001,$AB6)/10000),INT(MOD(INDEX(입력_기본자료!$G$2:$G$1001,$AB6),10000)/100),MOD(INDEX(입력_기본자료!$G$2:$G$1001,$AB6),100)),INDEX(입력_기본자료!$G$2:$G$1001,$AB6)&""))))) | J6: =IF($AB6="","",IF(INDEX(입력_기본자료!$H$2:$H$1001,$AB6)="","",INDEX(입력_기본자료!$H$2:$H$1001,$AB6))) | K6: =IF($AB6="","",IF(INDEX(입력_기본자료!$I$2:$I$1001,$AB6)="","",INDEX(입력_기본자료!$I$2:$I$1001,$AB6))) | L6: =IF($AB6="","",IF(INDEX(입력_기본자료!$A$2:$A$1001,$AB6)="","",INDEX(입력_기본자료!$A$2:$A$1001,$AB6))) | M6: 구리병원 | N6: =IF($B6="","",IF(AND($U6="파견중",$Q6<>""),$Q6,IF(AND($AD6<>"",LEFT($AD6,1)<>"⚠"),LEFT($AD6,FIND(" ",$AD6)-1),IF($H6="","",IF(RIGHT($H6,2)="병원",$H6,$H6&"병원"))))) | O6: =IF($B6="","",IF(AND($U6="파견중",$Q6<>""),IF($R6<>"",$R6,"파견과 미입력"),IF(AND($AD6<>"",LEFT($AD6,1)<>"⚠"),MID($AD6,FIND(" ",$AD6)+1,60),IF($F6="","",IF($F6="인턴","수련교육부(인턴)",$F6))))) | P6: =IF($B6="","",IF($AK6<>"",IF(AND(TODAY()>=INDEX(입력_파견수련계획!$AB$4:$AB$803,$AK6),OR(NOT(ISNUMBER(INDEX(입력_파견수련계획!$AC$4:$AC$803,$AK6))),TODAY()<=INDEX(입력_파견수련계획!$AC$4:$AC$803,$AK6))),"다기관",IF($AF6="","",INDEX(입력_파견수련계획!$T$4:$T$803,$AF6))),IF($AF6="","",INDEX(입력_파견수련계획!$T$4:$T$803,$AF6)))) | Q6: =IF($AF6="","",INDEX(입력_파견수련계획!$S$4:$S$803,$AF6)) | R6: =IF($AF6="","",INDEX(입력_파견수련계획!$U$4:$U$803,$AF6)) | S6: =IF($AF6="","",IF(INDEX(입력_파견수련계획!$H$4:$H$803,$AF6)="","",INDEX(입력_파견수련계획!$H$4:$H$803,$AF6))) | T6: =IF($AF6="","",IF(INDEX(입력_파견수련계획!$I$4:$I$803,$AF6)="","",INDEX(입력_파견수련계획!$I$4:$I$803,$AF6))) | U6: =IF($AF6="","",INDEX(입력_파견수련계획!$X$4:$X$803,$AF6)) | V6: =IF($AF6="","",INDEX(입력_파견수련계획!$V$4:$V$803,$AF6)) | W6: =IF(AND($U6="파견중",$T6<>""),$T6-TODAY(),"") | X6: =IF(OR($B6="",TRIM($J6&"")=""),"",SUMPRODUCT((입력_파견수련계획!$Q$4:$Q$803=TRIM($J6&""))*입력_파견수련계획!$W$4:$W$803)) | Y6: =IF($B6="","",IF($AG6="","",IF(IF(TRIM($J6&"")="",0,SUMPRODUCT((입력_파견수련계획!$Q$4:$Q$803=TRIM($J6&""))*입력_파견수련계획!$AD$4:$AD$803))>0,$AE6,IF(AND(N($X6)<=0,$AQ6=""),$AG6,IF($AH6+$AI6=DAY(EOMONTH(출력_요약!$B$3,0)),IF(AND($AH6>=출력_요약!$E$3,$AI6<출력_요약!$E$3),"서울병원",IF(AND($AI6>=출력_요약!$E$3,$AH6<출력_요약!$E$3),"구리병원","⚠15일 판정불가(서울 "&$AH6&"일/구리 "&$AI6&"일)")),IF($AJ6="",$AE6,IF(INDEX(입력_파견수련계획!$T$4:$T$803,$AJ6)="통합수련",INDEX(입력_파견수련계획!$S$4:$S$803,$AJ6),$AE6))))))) | Z6: =IF($B6="","",IF($AB6="","기본자료에 없는 사번",IF(COUNTIF($B$2:$B$401,$B6)>1,"중복 사번",IF($AE6="","소속(입사장소) 입력",IF(IF(TRIM($J6&"")="",0,SUMPRODUCT((입력_파견수련계획!$Q$4:$Q$803=TRIM($J6&""))*(입력_파견수련계획!$AA$4:$AA$803<>"")))>0,"파견수련계획 입력오류 확인",IF(LEFT($Y6,1)="⚠","서울·구리 15일 판정 불가(양쪽 모두 이상/미만)",IF(IF($AC6="",0,N(INDEX(입력_인턴근무계획!$T$3:$T$402,$AC6)))>0,"인턴계획 입력오류 확인",IF(AND($AQ6<>"",$AG6<>"구리병원",IF(TRIM($J6&"")="",0,SUMPRODUCT((입력_파견수련계획!$Q$4:$Q$803=TRIM($J6&""))*(입력_파견수련계획!$S$4:$S$803="구리병원")*입력_파견수련계획!$W$4:$W$803))=0),"구리 근무자명단에만 있음(파견수련계획 확인)",IF(AND($AC6<>"",$U6<>"파견중",$N6<>$AE6),"인턴 타지역 근무: 파견 여부 확인","정상"))))))))) | AA6: 예시 데이터 | AB6: =IF($B6="","",IFERROR(MATCH($B6,입력_기본자료!$B$2:$B$1001,0),IFERROR(MATCH($B6&"",입력_기본자료!$B$2:$B$1001,0),IFERROR(MATCH(VALUE($B6),입력_기본자료!$B$2:$B$1001,0),"")))) | AC6: =IF($B6="","",IFERROR(MATCH($B6,입력_인턴근무계획!$D$3:$D$402,0),IFERROR(MATCH($B6&"",입력_인턴근무계획!$D$3:$D$402,0),IFERROR(MATCH(VALUE($B6),입력_인턴근무계획!$D$3:$D$402,0),"")))) | AD6: =IF(OR($AC6="",출력_인턴현황!$G$3=""),"",INDEX(입력_인턴근무계획!$M$3:$R$402,$AC6,출력_인턴현황!$G$3)&"") | AE6: =IF($B6="","",IF($M6<>"",$M6,IF(IF($AQ6="",FALSE,INDEX(출력_구리근무자!$J$6:$J$305,$AQ6)="구리독자"),"구리병원",IF($AF6<>"",IF(LEFT(INDEX(입력_파견수련계획!$R$4:$R$803,$AF6),1)<>"⚠",INDEX(입력_파견수련계획!$R$4:$R$803,$AF6),IF($H6="","",IF(RIGHT($H6,2)="병원",$H6,$H6&"병원"))),IF($H6="","",IF(RIGHT($H6,2)="병원",$H6,$H6&"병원")))))) | AF6: =IF(OR($B6="",TRIM($J6&"")=""),"",IFERROR(MATCH(TRIM($J6&"")&"|파견중",입력_파견수련계획!$Y$4:$Y$803,0),IFERROR(MATCH(TRIM($J6&"")&"|파견예정",입력_파견수련계획!$Y$4:$Y$803,0),IFERROR(MATCH(TRIM($J6&"")&"|파견종료",입력_파견수련계획!$Y$4:$Y$803,0),"")))) | AG6: =IF($B6="","",IF(AND(IF(OR($AC6="",출력_인턴현황!$K$2=""),"",INDEX(입력_인턴근무계획!$M$3:$R$402,$AC6,출력_인턴현황!$K$2)&"")<>"",LEFT(IF(OR($AC6="",출력_인턴현황!$K$2=""),"",INDEX(입력_인턴근무계획!$M$3:$R$402,$AC6,출력_인턴현황!$K$2)&""),1)<>"⚠"),LEFT(IF(OR($AC6="",출력_인턴현황!$K$2=""),"",INDEX(입력_인턴근무계획!$M$3:$R$402,$AC6,출력_인턴현황!$K$2)&""),FIND(" ",IF(OR($AC6="",출력_인턴현황!$K$2=""),"",INDEX(입력_인턴근무계획!$M$3:$R$402,$AC6,출력_인턴현황!$K$2)&""))-1),$AE6)) | AH6: =IF($B6="","",IF($AQ6<>"",MAX(0,DAY(EOMONTH(출력_요약!$B$3,0))-N($AR6)),IF(TRIM($J6&"")="",0,SUMPRODUCT((입력_파견수련계획!$Q$4:$Q$803=TRIM($J6&""))*(입력_파견수련계획!$S$4:$S$803="서울병원")*입력_파견수련계획!$W$4:$W$803))+IF($AG6="서울병원",MAX(0,DAY(EOMONTH(출력_요약!$B$3,0))-N($X6)),0))) | AI6: =IF($B6="","",IF($AQ6<>"",N($AR6),IF(TRIM($J6&"")="",0,SUMPRODUCT((입력_파견수련계획!$Q$4:$Q$803=TRIM($J6&""))*(입력_파견수련계획!$S$4:$S$803="구리병원")*입력_파견수련계획!$W$4:$W$803))+IF($AG6="구리병원",MAX(0,DAY(EOMONTH(출력_요약!$B$3,0))-N($X6)),0))) | AJ6: =IF(OR($B6="",TRIM($J6&"")=""),"",IFERROR(MATCH(TRIM($J6&"")&"|월",입력_파견수련계획!$Z$4:$Z$803,0),"")) | AK6: =IF(OR($B6="",TRIM($J6&"")=""),"",IFERROR(MATCH(TRIM($J6&"")&"|다기관",입력_파견수련계획!$AE$4:$AE$803,0),"")) | AL6: =IF($AK6="","","다기관 "&TEXT(INDEX(입력_파견수련계획!$AB$4:$AB$803,$AK6),"yyyy-mm-dd")&"~"&IF(ISNUMBER(INDEX(입력_파견수련계획!$AC$4:$AC$803,$AK6)),TEXT(INDEX(입력_파견수련계획!$AC$4:$AC$803,$AK6),"yyyy-mm-dd"),"")) | AM6: =IF($Y6="서울병원",COUNTIF($Y$2:$Y6,"서울병원"),"") | AN6: =IF(LEFT($Y6,1)="⚠",COUNTIF($Y$2:$Y6,"⚠*"),"") | AO6: =IF(OR($B6="",$Y6=""),"",IF(IF(TRIM($J6&"")="",0,SUMPRODUCT((입력_파견수련계획!$Q$4:$Q$803=TRIM($J6&""))*입력_파견수련계획!$AD$4:$AD$803))>0,"다기관 기간 → 소속병원 지급",IF(AND(N($X6)<=0,$AQ6=""),"파견 없음 → 그 달 근무병원 지급",IF($AH6+$AI6=DAY(EOMONTH(출력_요약!$B$3,0)),"서울 "&$AH6&"일 / 구리 "&$AI6&"일"&IF($AQ6<>""," (구리 근무자명단 반영)","")&" → 15일 이상 근무 병원 지급","타 병원 포함 → "&IF($AJ6="","소속",INDEX(입력_파견수련계획!$T$4:$T$803,$AJ6))&" 규칙")))) | AP6: =IF($B6="","",$C6&"|"&$F6) | AQ6: =IF($B6="","",IFERROR(MATCH(ROW()-1,출력_구리근무자!$K$6:$K$305,0),"")) | AR6: =IF($AQ6="","",INDEX(출력_구리근무자!$H$6:$H$305,$AQ6))
A7: =IF(B7="","",ROW()-1) | B7: 222222 | C7: =IF($AB7="","",IF(INDEX(입력_기본자료!$C$2:$C$1001,$AB7)="","",INDEX(입력_기본자료!$C$2:$C$1001,$AB7))) | D7: =IF($AB7="","",IF(INDEX(입력_기본자료!$J$2:$J$1001,$AB7)="","",INDEX(입력_기본자료!$J$2:$J$1001,$AB7))) | E7: =IF($AB7="","",IF(INDEX(입력_기본자료!$K$2:$K$1001,$AB7)="","",IF(NOT(ISNUMBER(INDEX(입력_기본자료!$K$2:$K$1001,$AB7))),INDEX(입력_기본자료!$K$2:$K$1001,$AB7),IF(INDEX(입력_기본자료!$K$2:$K$1001,$AB7)<1000000,INDEX(입력_기본자료!$K$2:$K$1001,$AB7),IF(AND(INDEX(입력_기본자료!$K$2:$K$1001,$AB7)>=10000101,INT(MOD(INDEX(입력_기본자료!$K$2:$K$1001,$AB7),10000)/100)>=1,INT(MOD(INDEX(입력_기본자료!$K$2:$K$1001,$AB7),10000)/100)<=12,MOD(INDEX(입력_기본자료!$K$2:$K$1001,$AB7),100)>=1,MOD(INDEX(입력_기본자료!$K$2:$K$1001,$AB7),100)<=31),DATE(INT(INDEX(입력_기본자료!$K$2:$K$1001,$AB7)/10000),INT(MOD(INDEX(입력_기본자료!$K$2:$K$1001,$AB7),10000)/100),MOD(INDEX(입력_기본자료!$K$2:$K$1001,$AB7),100)),INDEX(입력_기본자료!$K$2:$K$1001,$AB7)&""))))) | F7: =IF($AB7="","",IF(INDEX(입력_기본자료!$D$2:$D$1001,$AB7)="","",INDEX(입력_기본자료!$D$2:$D$1001,$AB7))) | G7: =IF($AB7="","",IF(INDEX(입력_기본자료!$E$2:$E$1001,$AB7)="","",INDEX(입력_기본자료!$E$2:$E$1001,$AB7))) | H7: =IF($AB7="","",IF(INDEX(입력_기본자료!$F$2:$F$1001,$AB7)="","",INDEX(입력_기본자료!$F$2:$F$1001,$AB7))) | I7: =IF($AB7="","",IF(INDEX(입력_기본자료!$G$2:$G$1001,$AB7)="","",IF(NOT(ISNUMBER(INDEX(입력_기본자료!$G$2:$G$1001,$AB7))),INDEX(입력_기본자료!$G$2:$G$1001,$AB7),IF(INDEX(입력_기본자료!$G$2:$G$1001,$AB7)<1000000,INDEX(입력_기본자료!$G$2:$G$1001,$AB7),IF(AND(INDEX(입력_기본자료!$G$2:$G$1001,$AB7)>=10000101,INT(MOD(INDEX(입력_기본자료!$G$2:$G$1001,$AB7),10000)/100)>=1,INT(MOD(INDEX(입력_기본자료!$G$2:$G$1001,$AB7),10000)/100)<=12,MOD(INDEX(입력_기본자료!$G$2:$G$1001,$AB7),100)>=1,MOD(INDEX(입력_기본자료!$G$2:$G$1001,$AB7),100)<=31),DATE(INT(INDEX(입력_기본자료!$G$2:$G$1001,$AB7)/10000),INT(MOD(INDEX(입력_기본자료!$G$2:$G$1001,$AB7),10000)/100),MOD(INDEX(입력_기본자료!$G$2:$G$1001,$AB7),100)),INDEX(입력_기본자료!$G$2:$G$1001,$AB7)&""))))) | J7: =IF($AB7="","",IF(INDEX(입력_기본자료!$H$2:$H$1001,$AB7)="","",INDEX(입력_기본자료!$H$2:$H$1001,$AB7))) | K7: =IF($AB7="","",IF(INDEX(입력_기본자료!$I$2:$I$1001,$AB7)="","",INDEX(입력_기본자료!$I$2:$I$1001,$AB7))) | L7: =IF($AB7="","",IF(INDEX(입력_기본자료!$A$2:$A$1001,$AB7)="","",INDEX(입력_기본자료!$A$2:$A$1001,$AB7))) | M7: 서울병원 | N7: =IF($B7="","",IF(AND($U7="파견중",$Q7<>""),$Q7,IF(AND($AD7<>"",LEFT($AD7,1)<>"⚠"),LEFT($AD7,FIND(" ",$AD7)-1),IF($H7="","",IF(RIGHT($H7,2)="병원",$H7,$H7&"병원"))))) | O7: =IF($B7="","",IF(AND($U7="파견중",$Q7<>""),IF($R7<>"",$R7,"파견과 미입력"),IF(AND($AD7<>"",LEFT($AD7,1)<>"⚠"),MID($AD7,FIND(" ",$AD7)+1,60),IF($F7="","",IF($F7="인턴","수련교육부(인턴)",$F7))))) | P7: =IF($B7="","",IF($AK7<>"",IF(AND(TODAY()>=INDEX(입력_파견수련계획!$AB$4:$AB$803,$AK7),OR(NOT(ISNUMBER(INDEX(입력_파견수련계획!$AC$4:$AC$803,$AK7))),TODAY()<=INDEX(입력_파견수련계획!$AC$4:$AC$803,$AK7))),"다기관",IF($AF7="","",INDEX(입력_파견수련계획!$T$4:$T$803,$AF7))),IF($AF7="","",INDEX(입력_파견수련계획!$T$4:$T$803,$AF7)))) | Q7: =IF($AF7="","",INDEX(입력_파견수련계획!$S$4:$S$803,$AF7)) | R7: =IF($AF7="","",INDEX(입력_파견수련계획!$U$4:$U$803,$AF7)) | S7: =IF($AF7="","",IF(INDEX(입력_파견수련계획!$H$4:$H$803,$AF7)="","",INDEX(입력_파견수련계획!$H$4:$H$803,$AF7))) | T7: =IF($AF7="","",IF(INDEX(입력_파견수련계획!$I$4:$I$803,$AF7)="","",INDEX(입력_파견수련계획!$I$4:$I$803,$AF7))) | U7: =IF($AF7="","",INDEX(입력_파견수련계획!$X$4:$X$803,$AF7)) | V7: =IF($AF7="","",INDEX(입력_파견수련계획!$V$4:$V$803,$AF7)) | W7: =IF(AND($U7="파견중",$T7<>""),$T7-TODAY(),"") | X7: =IF(OR($B7="",TRIM($J7&"")=""),"",SUMPRODUCT((입력_파견수련계획!$Q$4:$Q$803=TRIM($J7&""))*입력_파견수련계획!$W$4:$W$803)) | Y7: =IF($B7="","",IF($AG7="","",IF(IF(TRIM($J7&"")="",0,SUMPRODUCT((입력_파견수련계획!$Q$4:$Q$803=TRIM($J7&""))*입력_파견수련계획!$AD$4:$AD$803))>0,$AE7,IF(AND(N($X7)<=0,$AQ7=""),$AG7,IF($AH7+$AI7=DAY(EOMONTH(출력_요약!$B$3,0)),IF(AND($AH7>=출력_요약!$E$3,$AI7<출력_요약!$E$3),"서울병원",IF(AND($AI7>=출력_요약!$E$3,$AH7<출력_요약!$E$3),"구리병원","⚠15일 판정불가(서울 "&$AH7&"일/구리 "&$AI7&"일)")),IF($AJ7="",$AE7,IF(INDEX(입력_파견수련계획!$T$4:$T$803,$AJ7)="통합수련",INDEX(입력_파견수련계획!$S$4:$S$803,$AJ7),$AE7))))))) | Z7: =IF($B7="","",IF($AB7="","기본자료에 없는 사번",IF(COUNTIF($B$2:$B$401,$B7)>1,"중복 사번",IF($AE7="","소속(입사장소) 입력",IF(IF(TRIM($J7&"")="",0,SUMPRODUCT((입력_파견수련계획!$Q$4:$Q$803=TRIM($J7&""))*(입력_파견수련계획!$AA$4:$AA$803<>"")))>0,"파견수련계획 입력오류 확인",IF(LEFT($Y7,1)="⚠","서울·구리 15일 판정 불가(양쪽 모두 이상/미만)",IF(IF($AC7="",0,N(INDEX(입력_인턴근무계획!$T$3:$T$402,$AC7)))>0,"인턴계획 입력오류 확인",IF(AND($AQ7<>"",$AG7<>"구리병원",IF(TRIM($J7&"")="",0,SUMPRODUCT((입력_파견수련계획!$Q$4:$Q$803=TRIM($J7&""))*(입력_파견수련계획!$S$4:$S$803="구리병원")*입력_파견수련계획!$W$4:$W$803))=0),"구리 근무자명단에만 있음(파견수련계획 확인)",IF(AND($AC7<>"",$U7<>"파견중",$N7<>$AE7),"인턴 타지역 근무: 파견 여부 확인","정상"))))))))) | AA7: 예시 데이터(인턴) | AB7: =IF($B7="","",IFERROR(MATCH($B7,입력_기본자료!$B$2:$B$1001,0),IFERROR(MATCH($B7&"",입력_기본자료!$B$2:$B$1001,0),IFERROR(MATCH(VALUE($B7),입력_기본자료!$B$2:$B$1001,0),"")))) | AC7: =IF($B7="","",IFERROR(MATCH($B7,입력_인턴근무계획!$D$3:$D$402,0),IFERROR(MATCH($B7&"",입력_인턴근무계획!$D$3:$D$402,0),IFERROR(MATCH(VALUE($B7),입력_인턴근무계획!$D$3:$D$402,0),"")))) | AD7: =IF(OR($AC7="",출력_인턴현황!$G$3=""),"",INDEX(입력_인턴근무계획!$M$3:$R$402,$AC7,출력_인턴현황!$G$3)&"") | AE7: =IF($B7="","",IF($M7<>"",$M7,IF(IF($AQ7="",FALSE,INDEX(출력_구리근무자!$J$6:$J$305,$AQ7)="구리독자"),"구리병원",IF($AF7<>"",IF(LEFT(INDEX(입력_파견수련계획!$R$4:$R$803,$AF7),1)<>"⚠",INDEX(입력_파견수련계획!$R$4:$R$803,$AF7),IF($H7="","",IF(RIGHT($H7,2)="병원",$H7,$H7&"병원"))),IF($H7="","",IF(RIGHT($H7,2)="병원",$H7,$H7&"병원")))))) | AF7: =IF(OR($B7="",TRIM($J7&"")=""),"",IFERROR(MATCH(TRIM($J7&"")&"|파견중",입력_파견수련계획!$Y$4:$Y$803,0),IFERROR(MATCH(TRIM($J7&"")&"|파견예정",입력_파견수련계획!$Y$4:$Y$803,0),IFERROR(MATCH(TRIM($J7&"")&"|파견종료",입력_파견수련계획!$Y$4:$Y$803,0),"")))) | AG7: =IF($B7="","",IF(AND(IF(OR($AC7="",출력_인턴현황!$K$2=""),"",INDEX(입력_인턴근무계획!$M$3:$R$402,$AC7,출력_인턴현황!$K$2)&"")<>"",LEFT(IF(OR($AC7="",출력_인턴현황!$K$2=""),"",INDEX(입력_인턴근무계획!$M$3:$R$402,$AC7,출력_인턴현황!$K$2)&""),1)<>"⚠"),LEFT(IF(OR($AC7="",출력_인턴현황!$K$2=""),"",INDEX(입력_인턴근무계획!$M$3:$R$402,$AC7,출력_인턴현황!$K$2)&""),FIND(" ",IF(OR($AC7="",출력_인턴현황!$K$2=""),"",INDEX(입력_인턴근무계획!$M$3:$R$402,$AC7,출력_인턴현황!$K$2)&""))-1),$AE7)) | AH7: =IF($B7="","",IF($AQ7<>"",MAX(0,DAY(EOMONTH(출력_요약!$B$3,0))-N($AR7)),IF(TRIM($J7&"")="",0,SUMPRODUCT((입력_파견수련계획!$Q$4:$Q$803=TRIM($J7&""))*(입력_파견수련계획!$S$4:$S$803="서울병원")*입력_파견수련계획!$W$4:$W$803))+IF($AG7="서울병원",MAX(0,DAY(EOMONTH(출력_요약!$B$3,0))-N($X7)),0))) | AI7: =IF($B7="","",IF($AQ7<>"",N($AR7),IF(TRIM($J7&"")="",0,SUMPRODUCT((입력_파견수련계획!$Q$4:$Q$803=TRIM($J7&""))*(입력_파견수련계획!$S$4:$S$803="구리병원")*입력_파견수련계획!$W$4:$W$803))+IF($AG7="구리병원",MAX(0,DAY(EOMONTH(출력_요약!$B$3,0))-N($X7)),0))) | AJ7: =IF(OR($B7="",TRIM($J7&"")=""),"",IFERROR(MATCH(TRIM($J7&"")&"|월",입력_파견수련계획!$Z$4:$Z$803,0),"")) | AK7: =IF(OR($B7="",TRIM($J7&"")=""),"",IFERROR(MATCH(TRIM($J7&"")&"|다기관",입력_파견수련계획!$AE$4:$AE$803,0),"")) | AL7: =IF($AK7="","","다기관 "&TEXT(INDEX(입력_파견수련계획!$AB$4:$AB$803,$AK7),"yyyy-mm-dd")&"~"&IF(ISNUMBER(INDEX(입력_파견수련계획!$AC$4:$AC$803,$AK7)),TEXT(INDEX(입력_파견수련계획!$AC$4:$AC$803,$AK7),"yyyy-mm-dd"),"")) | AM7: =IF($Y7="서울병원",COUNTIF($Y$2:$Y7,"서울병원"),"") | AN7: =IF(LEFT($Y7,1)="⚠",COUNTIF($Y$2:$Y7,"⚠*"),"") | AO7: =IF(OR($B7="",$Y7=""),"",IF(IF(TRIM($J7&"")="",0,SUMPRODUCT((입력_파견수련계획!$Q$4:$Q$803=TRIM($J7&""))*입력_파견수련계획!$AD$4:$AD$803))>0,"다기관 기간 → 소속병원 지급",IF(AND(N($X7)<=0,$AQ7=""),"파견 없음 → 그 달 근무병원 지급",IF($AH7+$AI7=DAY(EOMONTH(출력_요약!$B$3,0)),"서울 "&$AH7&"일 / 구리 "&$AI7&"일"&IF($AQ7<>""," (구리 근무자명단 반영)","")&" → 15일 이상 근무 병원 지급","타 병원 포함 → "&IF($AJ7="","소속",INDEX(입력_파견수련계획!$T$4:$T$803,$AJ7))&" 규칙")))) | AP7: =IF($B7="","",$C7&"|"&$F7) | AQ7: =IF($B7="","",IFERROR(MATCH(ROW()-1,출력_구리근무자!$K$6:$K$305,0),"")) | AR7: =IF($AQ7="","",INDEX(출력_구리근무자!$H$6:$H$305,$AQ7))
A8: =IF(B8="","",ROW()-1) | B8: 222223 | C8: =IF($AB8="","",IF(INDEX(입력_기본자료!$C$2:$C$1001,$AB8)="","",INDEX(입력_기본자료!$C$2:$C$1001,$AB8))) | D8: =IF($AB8="","",IF(INDEX(입력_기본자료!$J$2:$J$1001,$AB8)="","",INDEX(입력_기본자료!$J$2:$J$1001,$AB8))) | E8: =IF($AB8="","",IF(INDEX(입력_기본자료!$K$2:$K$1001,$AB8)="","",IF(NOT(ISNUMBER(INDEX(입력_기본자료!$K$2:$K$1001,$AB8))),INDEX(입력_기본자료!$K$2:$K$1001,$AB8),IF(INDEX(입력_기본자료!$K$2:$K$1001,$AB8)<1000000,INDEX(입력_기본자료!$K$2:$K$1001,$AB8),IF(AND(INDEX(입력_기본자료!$K$2:$K$1001,$AB8)>=10000101,INT(MOD(INDEX(입력_기본자료!$K$2:$K$1001,$AB8),10000)/100)>=1,INT(MOD(INDEX(입력_기본자료!$K$2:$K$1001,$AB8),10000)/100)<=12,MOD(INDEX(입력_기본자료!$K$2:$K$1001,$AB8),100)>=1,MOD(INDEX(입력_기본자료!$K$2:$K$1001,$AB8),100)<=31),DATE(INT(INDEX(입력_기본자료!$K$2:$K$1001,$AB8)/10000),INT(MOD(INDEX(입력_기본자료!$K$2:$K$1001,$AB8),10000)/100),MOD(INDEX(입력_기본자료!$K$2:$K$1001,$AB8),100)),INDEX(입력_기본자료!$K$2:$K$1001,$AB8)&""))))) | F8: =IF($AB8="","",IF(INDEX(입력_기본자료!$D$2:$D$1001,$AB8)="","",INDEX(입력_기본자료!$D$2:$D$1001,$AB8))) | G8: =IF($AB8="","",IF(INDEX(입력_기본자료!$E$2:$E$1001,$AB8)="","",INDEX(입력_기본자료!$E$2:$E$1001,$AB8))) | H8: =IF($AB8="","",IF(INDEX(입력_기본자료!$F$2:$F$1001,$AB8)="","",INDEX(입력_기본자료!$F$2:$F$1001,$AB8))) | I8: =IF($AB8="","",IF(INDEX(입력_기본자료!$G$2:$G$1001,$AB8)="","",IF(NOT(ISNUMBER(INDEX(입력_기본자료!$G$2:$G$1001,$AB8))),INDEX(입력_기본자료!$G$2:$G$1001,$AB8),IF(INDEX(입력_기본자료!$G$2:$G$1001,$AB8)<1000000,INDEX(입력_기본자료!$G$2:$G$1001,$AB8),IF(AND(INDEX(입력_기본자료!$G$2:$G$1001,$AB8)>=10000101,INT(MOD(INDEX(입력_기본자료!$G$2:$G$1001,$AB8),10000)/100)>=1,INT(MOD(INDEX(입력_기본자료!$G$2:$G$1001,$AB8),10000)/100)<=12,MOD(INDEX(입력_기본자료!$G$2:$G$1001,$AB8),100)>=1,MOD(INDEX(입력_기본자료!$G$2:$G$1001,$AB8),100)<=31),DATE(INT(INDEX(입력_기본자료!$G$2:$G$1001,$AB8)/10000),INT(MOD(INDEX(입력_기본자료!$G$2:$G$1001,$AB8),10000)/100),MOD(INDEX(입력_기본자료!$G$2:$G$1001,$AB8),100)),INDEX(입력_기본자료!$G$2:$G$1001,$AB8)&""))))) | J8: =IF($AB8="","",IF(INDEX(입력_기본자료!$H$2:$H$1001,$AB8)="","",INDEX(입력_기본자료!$H$2:$H$1001,$AB8))) | K8: =IF($AB8="","",IF(INDEX(입력_기본자료!$I$2:$I$1001,$AB8)="","",INDEX(입력_기본자료!$I$2:$I$1001,$AB8))) | L8: =IF($AB8="","",IF(INDEX(입력_기본자료!$A$2:$A$1001,$AB8)="","",INDEX(입력_기본자료!$A$2:$A$1001,$AB8))) | M8: 서울병원 | N8: =IF($B8="","",IF(AND($U8="파견중",$Q8<>""),$Q8,IF(AND($AD8<>"",LEFT($AD8,1)<>"⚠"),LEFT($AD8,FIND(" ",$AD8)-1),IF($H8="","",IF(RIGHT($H8,2)="병원",$H8,$H8&"병원"))))) | O8: =IF($B8="","",IF(AND($U8="파견중",$Q8<>""),IF($R8<>"",$R8,"파견과 미입력"),IF(AND($AD8<>"",LEFT($AD8,1)<>"⚠"),MID($AD8,FIND(" ",$AD8)+1,60),IF($F8="","",IF($F8="인턴","수련교육부(인턴)",$F8))))) | P8: =IF($B8="","",IF($AK8<>"",IF(AND(TODAY()>=INDEX(입력_파견수련계획!$AB$4:$AB$803,$AK8),OR(NOT(ISNUMBER(INDEX(입력_파견수련계획!$AC$4:$AC$803,$AK8))),TODAY()<=INDEX(입력_파견수련계획!$AC$4:$AC$803,$AK8))),"다기관",IF($AF8="","",INDEX(입력_파견수련계획!$T$4:$T$803,$AF8))),IF($AF8="","",INDEX(입력_파견수련계획!$T$4:$T$803,$AF8)))) | Q8: =IF($AF8="","",INDEX(입력_파견수련계획!$S$4:$S$803,$AF8)) | R8: =IF($AF8="","",INDEX(입력_파견수련계획!$U$4:$U$803,$AF8)) | S8: =IF($AF8="","",IF(INDEX(입력_파견수련계획!$H$4:$H$803,$AF8)="","",INDEX(입력_파견수련계획!$H$4:$H$803,$AF8))) | T8: =IF($AF8="","",IF(INDEX(입력_파견수련계획!$I$4:$I$803,$AF8)="","",INDEX(입력_파견수련계획!$I$4:$I$803,$AF8))) | U8: =IF($AF8="","",INDEX(입력_파견수련계획!$X$4:$X$803,$AF8)) | V8: =IF($AF8="","",INDEX(입력_파견수련계획!$V$4:$V$803,$AF8)) | W8: =IF(AND($U8="파견중",$T8<>""),$T8-TODAY(),"") | X8: =IF(OR($B8="",TRIM($J8&"")=""),"",SUMPRODUCT((입력_파견수련계획!$Q$4:$Q$803=TRIM($J8&""))*입력_파견수련계획!$W$4:$W$803)) | Y8: =IF($B8="","",IF($AG8="","",IF(IF(TRIM($J8&"")="",0,SUMPRODUCT((입력_파견수련계획!$Q$4:$Q$803=TRIM($J8&""))*입력_파견수련계획!$AD$4:$AD$803))>0,$AE8,IF(AND(N($X8)<=0,$AQ8=""),$AG8,IF($AH8+$AI8=DAY(EOMONTH(출력_요약!$B$3,0)),IF(AND($AH8>=출력_요약!$E$3,$AI8<출력_요약!$E$3),"서울병원",IF(AND($AI8>=출력_요약!$E$3,$AH8<출력_요약!$E$3),"구리병원","⚠15일 판정불가(서울 "&$AH8&"일/구리 "&$AI8&"일)")),IF($AJ8="",$AE8,IF(INDEX(입력_파견수련계획!$T$4:$T$803,$AJ8)="통합수련",INDEX(입력_파견수련계획!$S$4:$S$803,$AJ8),$AE8))))))) | Z8: =IF($B8="","",IF($AB8="","기본자료에 없는 사번",IF(COUNTIF($B$2:$B$401,$B8)>1,"중복 사번",IF($AE8="","소속(입사장소) 입력",IF(IF(TRIM($J8&"")="",0,SUMPRODUCT((입력_파견수련계획!$Q$4:$Q$803=TRIM($J8&""))*(입력_파견수련계획!$AA$4:$AA$803<>"")))>0,"파견수련계획 입력오류 확인",IF(LEFT($Y8,1)="⚠","서울·구리 15일 판정 불가(양쪽 모두 이상/미만)",IF(IF($AC8="",0,N(INDEX(입력_인턴근무계획!$T$3:$T$402,$AC8)))>0,"인턴계획 입력오류 확인",IF(AND($AQ8<>"",$AG8<>"구리병원",IF(TRIM($J8&"")="",0,SUMPRODUCT((입력_파견수련계획!$Q$4:$Q$803=TRIM($J8&""))*(입력_파견수련계획!$S$4:$S$803="구리병원")*입력_파견수련계획!$W$4:$W$803))=0),"구리 근무자명단에만 있음(파견수련계획 확인)",IF(AND($AC8<>"",$U8<>"파견중",$N8<>$AE8),"인턴 타지역 근무: 파견 여부 확인","정상"))))))))) | AA8: 예시 데이터(인턴) | AB8: =IF($B8="","",IFERROR(MATCH($B8,입력_기본자료!$B$2:$B$1001,0),IFERROR(MATCH($B8&"",입력_기본자료!$B$2:$B$1001,0),IFERROR(MATCH(VALUE($B8),입력_기본자료!$B$2:$B$1001,0),"")))) | AC8: =IF($B8="","",IFERROR(MATCH($B8,입력_인턴근무계획!$D$3:$D$402,0),IFERROR(MATCH($B8&"",입력_인턴근무계획!$D$3:$D$402,0),IFERROR(MATCH(VALUE($B8),입력_인턴근무계획!$D$3:$D$402,0),"")))) | AD8: =IF(OR($AC8="",출력_인턴현황!$G$3=""),"",INDEX(입력_인턴근무계획!$M$3:$R$402,$AC8,출력_인턴현황!$G$3)&"") | AE8: =IF($B8="","",IF($M8<>"",$M8,IF(IF($AQ8="",FALSE,INDEX(출력_구리근무자!$J$6:$J$305,$AQ8)="구리독자"),"구리병원",IF($AF8<>"",IF(LEFT(INDEX(입력_파견수련계획!$R$4:$R$803,$AF8),1)<>"⚠",INDEX(입력_파견수련계획!$R$4:$R$803,$AF8),IF($H8="","",IF(RIGHT($H8,2)="병원",$H8,$H8&"병원"))),IF($H8="","",IF(RIGHT($H8,2)="병원",$H8,$H8&"병원")))))) | AF8: =IF(OR($B8="",TRIM($J8&"")=""),"",IFERROR(MATCH(TRIM($J8&"")&"|파견중",입력_파견수련계획!$Y$4:$Y$803,0),IFERROR(MATCH(TRIM($J8&"")&"|파견예정",입력_파견수련계획!$Y$4:$Y$803,0),IFERROR(MATCH(TRIM($J8&"")&"|파견종료",입력_파견수련계획!$Y$4:$Y$803,0),"")))) | AG8: =IF($B8="","",IF(AND(IF(OR($AC8="",출력_인턴현황!$K$2=""),"",INDEX(입력_인턴근무계획!$M$3:$R$402,$AC8,출력_인턴현황!$K$2)&"")<>"",LEFT(IF(OR($AC8="",출력_인턴현황!$K$2=""),"",INDEX(입력_인턴근무계획!$M$3:$R$402,$AC8,출력_인턴현황!$K$2)&""),1)<>"⚠"),LEFT(IF(OR($AC8="",출력_인턴현황!$K$2=""),"",INDEX(입력_인턴근무계획!$M$3:$R$402,$AC8,출력_인턴현황!$K$2)&""),FIND(" ",IF(OR($AC8="",출력_인턴현황!$K$2=""),"",INDEX(입력_인턴근무계획!$M$3:$R$402,$AC8,출력_인턴현황!$K$2)&""))-1),$AE8)) | AH8: =IF($B8="","",IF($AQ8<>"",MAX(0,DAY(EOMONTH(출력_요약!$B$3,0))-N($AR8)),IF(TRIM($J8&"")="",0,SUMPRODUCT((입력_파견수련계획!$Q$4:$Q$803=TRIM($J8&""))*(입력_파견수련계획!$S$4:$S$803="서울병원")*입력_파견수련계획!$W$4:$W$803))+IF($AG8="서울병원",MAX(0,DAY(EOMONTH(출력_요약!$B$3,0))-N($X8)),0))) | AI8: =IF($B8="","",IF($AQ8<>"",N($AR8),IF(TRIM($J8&"")="",0,SUMPRODUCT((입력_파견수련계획!$Q$4:$Q$803=TRIM($J8&""))*(입력_파견수련계획!$S$4:$S$803="구리병원")*입력_파견수련계획!$W$4:$W$803))+IF($AG8="구리병원",MAX(0,DAY(EOMONTH(출력_요약!$B$3,0))-N($X8)),0))) | AJ8: =IF(OR($B8="",TRIM($J8&"")=""),"",IFERROR(MATCH(TRIM($J8&"")&"|월",입력_파견수련계획!$Z$4:$Z$803,0),"")) | AK8: =IF(OR($B8="",TRIM($J8&"")=""),"",IFERROR(MATCH(TRIM($J8&"")&"|다기관",입력_파견수련계획!$AE$4:$AE$803,0),"")) | AL8: =IF($AK8="","","다기관 "&TEXT(INDEX(입력_파견수련계획!$AB$4:$AB$803,$AK8),"yyyy-mm-dd")&"~"&IF(ISNUMBER(INDEX(입력_파견수련계획!$AC$4:$AC$803,$AK8)),TEXT(INDEX(입력_파견수련계획!$AC$4:$AC$803,$AK8),"yyyy-mm-dd"),"")) | AM8: =IF($Y8="서울병원",COUNTIF($Y$2:$Y8,"서울병원"),"") | AN8: =IF(LEFT($Y8,1)="⚠",COUNTIF($Y$2:$Y8,"⚠*"),"") | AO8: =IF(OR($B8="",$Y8=""),"",IF(IF(TRIM($J8&"")="",0,SUMPRODUCT((입력_파견수련계획!$Q$4:$Q$803=TRIM($J8&""))*입력_파견수련계획!$AD$4:$AD$803))>0,"다기관 기간 → 소속병원 지급",IF(AND(N($X8)<=0,$AQ8=""),"파견 없음 → 그 달 근무병원 지급",IF($AH8+$AI8=DAY(EOMONTH(출력_요약!$B$3,0)),"서울 "&$AH8&"일 / 구리 "&$AI8&"일"&IF($AQ8<>""," (구리 근무자명단 반영)","")&" → 15일 이상 근무 병원 지급","타 병원 포함 → "&IF($AJ8="","소속",INDEX(입력_파견수련계획!$T$4:$T$803,$AJ8))&" 규칙")))) | AP8: =IF($B8="","",$C8&"|"&$F8) | AQ8: =IF($B8="","",IFERROR(MATCH(ROW()-1,출력_구리근무자!$K$6:$K$305,0),"")) | AR8: =IF($AQ8="","",INDEX(출력_구리근무자!$H$6:$H$305,$AQ8))
A9: =IF(B9="","",ROW()-1) | B9: 222224 | C9: =IF($AB9="","",IF(INDEX(입력_기본자료!$C$2:$C$1001,$AB9)="","",INDEX(입력_기본자료!$C$2:$C$1001,$AB9))) | D9: =IF($AB9="","",IF(INDEX(입력_기본자료!$J$2:$J$1001,$AB9)="","",INDEX(입력_기본자료!$J$2:$J$1001,$AB9))) | E9: =IF($AB9="","",IF(INDEX(입력_기본자료!$K$2:$K$1001,$AB9)="","",IF(NOT(ISNUMBER(INDEX(입력_기본자료!$K$2:$K$1001,$AB9))),INDEX(입력_기본자료!$K$2:$K$1001,$AB9),IF(INDEX(입력_기본자료!$K$2:$K$1001,$AB9)<1000000,INDEX(입력_기본자료!$K$2:$K$1001,$AB9),IF(AND(INDEX(입력_기본자료!$K$2:$K$1001,$AB9)>=10000101,INT(MOD(INDEX(입력_기본자료!$K$2:$K$1001,$AB9),10000)/100)>=1,INT(MOD(INDEX(입력_기본자료!$K$2:$K$1001,$AB9),10000)/100)<=12,MOD(INDEX(입력_기본자료!$K$2:$K$1001,$AB9),100)>=1,MOD(INDEX(입력_기본자료!$K$2:$K$1001,$AB9),100)<=31),DATE(INT(INDEX(입력_기본자료!$K$2:$K$1001,$AB9)/10000),INT(MOD(INDEX(입력_기본자료!$K$2:$K$1001,$AB9),10000)/100),MOD(INDEX(입력_기본자료!$K$2:$K$1001,$AB9),100)),INDEX(입력_기본자료!$K$2:$K$1001,$AB9)&""))))) | F9: =IF($AB9="","",IF(INDEX(입력_기본자료!$D$2:$D$1001,$AB9)="","",INDEX(입력_기본자료!$D$2:$D$1001,$AB9))) | G9: =IF($AB9="","",IF(INDEX(입력_기본자료!$E$2:$E$1001,$AB9)="","",INDEX(입력_기본자료!$E$2:$E$1001,$AB9))) | H9: =IF($AB9="","",IF(INDEX(입력_기본자료!$F$2:$F$1001,$AB9)="","",INDEX(입력_기본자료!$F$2:$F$1001,$AB9))) | I9: =IF($AB9="","",IF(INDEX(입력_기본자료!$G$2:$G$1001,$AB9)="","",IF(NOT(ISNUMBER(INDEX(입력_기본자료!$G$2:$G$1001,$AB9))),INDEX(입력_기본자료!$G$2:$G$1001,$AB9),IF(INDEX(입력_기본자료!$G$2:$G$1001,$AB9)<1000000,INDEX(입력_기본자료!$G$2:$G$1001,$AB9),IF(AND(INDEX(입력_기본자료!$G$2:$G$1001,$AB9)>=10000101,INT(MOD(INDEX(입력_기본자료!$G$2:$G$1001,$AB9),10000)/100)>=1,INT(MOD(INDEX(입력_기본자료!$G$2:$G$1001,$AB9),10000)/100)<=12,MOD(INDEX(입력_기본자료!$G$2:$G$1001,$AB9),100)>=1,MOD(INDEX(입력_기본자료!$G$2:$G$1001,$AB9),100)<=31),DATE(INT(INDEX(입력_기본자료!$G$2:$G$1001,$AB9)/10000),INT(MOD(INDEX(입력_기본자료!$G$2:$G$1001,$AB9),10000)/100),MOD(INDEX(입력_기본자료!$G$2:$G$1001,$AB9),100)),INDEX(입력_기본자료!$G$2:$G$1001,$AB9)&""))))) | J9: =IF($AB9="","",IF(INDEX(입력_기본자료!$H$2:$H$1001,$AB9)="","",INDEX(입력_기본자료!$H$2:$H$1001,$AB9))) | K9: =IF($AB9="","",IF(INDEX(입력_기본자료!$I$2:$I$1001,$AB9)="","",INDEX(입력_기본자료!$I$2:$I$1001,$AB9))) | L9: =IF($AB9="","",IF(INDEX(입력_기본자료!$A$2:$A$1001,$AB9)="","",INDEX(입력_기본자료!$A$2:$A$1001,$AB9))) | M9: 구리병원 | N9: =IF($B9="","",IF(AND($U9="파견중",$Q9<>""),$Q9,IF(AND($AD9<>"",LEFT($AD9,1)<>"⚠"),LEFT($AD9,FIND(" ",$AD9)-1),IF($H9="","",IF(RIGHT($H9,2)="병원",$H9,$H9&"병원"))))) | O9: =IF($B9="","",IF(AND($U9="파견중",$Q9<>""),IF($R9<>"",$R9,"파견과 미입력"),IF(AND($AD9<>"",LEFT($AD9,1)<>"⚠"),MID($AD9,FIND(" ",$AD9)+1,60),IF($F9="","",IF($F9="인턴","수련교육부(인턴)",$F9))))) | P9: =IF($B9="","",IF($AK9<>"",IF(AND(TODAY()>=INDEX(입력_파견수련계획!$AB$4:$AB$803,$AK9),OR(NOT(ISNUMBER(INDEX(입력_파견수련계획!$AC$4:$AC$803,$AK9))),TODAY()<=INDEX(입력_파견수련계획!$AC$4:$AC$803,$AK9))),"다기관",IF($AF9="","",INDEX(입력_파견수련계획!$T$4:$T$803,$AF9))),IF($AF9="","",INDEX(입력_파견수련계획!$T$4:$T$803,$AF9)))) | Q9: =IF($AF9="","",INDEX(입력_파견수련계획!$S$4:$S$803,$AF9)) | R9: =IF($AF9="","",INDEX(입력_파견수련계획!$U$4:$U$803,$AF9)) | S9: =IF($AF9="","",IF(INDEX(입력_파견수련계획!$H$4:$H$803,$AF9)="","",INDEX(입력_파견수련계획!$H$4:$H$803,$AF9))) | T9: =IF($AF9="","",IF(INDEX(입력_파견수련계획!$I$4:$I$803,$AF9)="","",INDEX(입력_파견수련계획!$I$4:$I$803,$AF9))) | U9: =IF($AF9="","",INDEX(입력_파견수련계획!$X$4:$X$803,$AF9)) | V9: =IF($AF9="","",INDEX(입력_파견수련계획!$V$4:$V$803,$AF9)) | W9: =IF(AND($U9="파견중",$T9<>""),$T9-TODAY(),"") | X9: =IF(OR($B9="",TRIM($J9&"")=""),"",SUMPRODUCT((입력_파견수련계획!$Q$4:$Q$803=TRIM($J9&""))*입력_파견수련계획!$W$4:$W$803)) | Y9: =IF($B9="","",IF($AG9="","",IF(IF(TRIM($J9&"")="",0,SUMPRODUCT((입력_파견수련계획!$Q$4:$Q$803=TRIM($J9&""))*입력_파견수련계획!$AD$4:$AD$803))>0,$AE9,IF(AND(N($X9)<=0,$AQ9=""),$AG9,IF($AH9+$AI9=DAY(EOMONTH(출력_요약!$B$3,0)),IF(AND($AH9>=출력_요약!$E$3,$AI9<출력_요약!$E$3),"서울병원",IF(AND($AI9>=출력_요약!$E$3,$AH9<출력_요약!$E$3),"구리병원","⚠15일 판정불가(서울 "&$AH9&"일/구리 "&$AI9&"일)")),IF($AJ9="",$AE9,IF(INDEX(입력_파견수련계획!$T$4:$T$803,$AJ9)="통합수련",INDEX(입력_파견수련계획!$S$4:$S$803,$AJ9),$AE9))))))) | Z9: =IF($B9="","",IF($AB9="","기본자료에 없는 사번",IF(COUNTIF($B$2:$B$401,$B9)>1,"중복 사번",IF($AE9="","소속(입사장소) 입력",IF(IF(TRIM($J9&"")="",0,SUMPRODUCT((입력_파견수련계획!$Q$4:$Q$803=TRIM($J9&""))*(입력_파견수련계획!$AA$4:$AA$803<>"")))>0,"파견수련계획 입력오류 확인",IF(LEFT($Y9,1)="⚠","서울·구리 15일 판정 불가(양쪽 모두 이상/미만)",IF(IF($AC9="",0,N(INDEX(입력_인턴근무계획!$T$3:$T$402,$AC9)))>0,"인턴계획 입력오류 확인",IF(AND($AQ9<>"",$AG9<>"구리병원",IF(TRIM($J9&"")="",0,SUMPRODUCT((입력_파견수련계획!$Q$4:$Q$803=TRIM($J9&""))*(입력_파견수련계획!$S$4:$S$803="구리병원")*입력_파견수련계획!$W$4:$W$803))=0),"구리 근무자명단에만 있음(파견수련계획 확인)",IF(AND($AC9<>"",$U9<>"파견중",$N9<>$AE9),"인턴 타지역 근무: 파견 여부 확인","정상"))))))))) | AA9: 예시 데이터(인턴) | AB9: =IF($B9="","",IFERROR(MATCH($B9,입력_기본자료!$B$2:$B$1001,0),IFERROR(MATCH($B9&"",입력_기본자료!$B$2:$B$1001,0),IFERROR(MATCH(VALUE($B9),입력_기본자료!$B$2:$B$1001,0),"")))) | AC9: =IF($B9="","",IFERROR(MATCH($B9,입력_인턴근무계획!$D$3:$D$402,0),IFERROR(MATCH($B9&"",입력_인턴근무계획!$D$3:$D$402,0),IFERROR(MATCH(VALUE($B9),입력_인턴근무계획!$D$3:$D$402,0),"")))) | AD9: =IF(OR($AC9="",출력_인턴현황!$G$3=""),"",INDEX(입력_인턴근무계획!$M$3:$R$402,$AC9,출력_인턴현황!$G$3)&"") | AE9: =IF($B9="","",IF($M9<>"",$M9,IF(IF($AQ9="",FALSE,INDEX(출력_구리근무자!$J$6:$J$305,$AQ9)="구리독자"),"구리병원",IF($AF9<>"",IF(LEFT(INDEX(입력_파견수련계획!$R$4:$R$803,$AF9),1)<>"⚠",INDEX(입력_파견수련계획!$R$4:$R$803,$AF9),IF($H9="","",IF(RIGHT($H9,2)="병원",$H9,$H9&"병원"))),IF($H9="","",IF(RIGHT($H9,2)="병원",$H9,$H9&"병원")))))) | AF9: =IF(OR($B9="",TRIM($J9&"")=""),"",IFERROR(MATCH(TRIM($J9&"")&"|파견중",입력_파견수련계획!$Y$4:$Y$803,0),IFERROR(MATCH(TRIM($J9&"")&"|파견예정",입력_파견수련계획!$Y$4:$Y$803,0),IFERROR(MATCH(TRIM($J9&"")&"|파견종료",입력_파견수련계획!$Y$4:$Y$803,0),"")))) | AG9: =IF($B9="","",IF(AND(IF(OR($AC9="",출력_인턴현황!$K$2=""),"",INDEX(입력_인턴근무계획!$M$3:$R$402,$AC9,출력_인턴현황!$K$2)&"")<>"",LEFT(IF(OR($AC9="",출력_인턴현황!$K$2=""),"",INDEX(입력_인턴근무계획!$M$3:$R$402,$AC9,출력_인턴현황!$K$2)&""),1)<>"⚠"),LEFT(IF(OR($AC9="",출력_인턴현황!$K$2=""),"",INDEX(입력_인턴근무계획!$M$3:$R$402,$AC9,출력_인턴현황!$K$2)&""),FIND(" ",IF(OR($AC9="",출력_인턴현황!$K$2=""),"",INDEX(입력_인턴근무계획!$M$3:$R$402,$AC9,출력_인턴현황!$K$2)&""))-1),$AE9)) | AH9: =IF($B9="","",IF($AQ9<>"",MAX(0,DAY(EOMONTH(출력_요약!$B$3,0))-N($AR9)),IF(TRIM($J9&"")="",0,SUMPRODUCT((입력_파견수련계획!$Q$4:$Q$803=TRIM($J9&""))*(입력_파견수련계획!$S$4:$S$803="서울병원")*입력_파견수련계획!$W$4:$W$803))+IF($AG9="서울병원",MAX(0,DAY(EOMONTH(출력_요약!$B$3,0))-N($X9)),0))) | AI9: =IF($B9="","",IF($AQ9<>"",N($AR9),IF(TRIM($J9&"")="",0,SUMPRODUCT((입력_파견수련계획!$Q$4:$Q$803=TRIM($J9&""))*(입력_파견수련계획!$S$4:$S$803="구리병원")*입력_파견수련계획!$W$4:$W$803))+IF($AG9="구리병원",MAX(0,DAY(EOMONTH(출력_요약!$B$3,0))-N($X9)),0))) | AJ9: =IF(OR($B9="",TRIM($J9&"")=""),"",IFERROR(MATCH(TRIM($J9&"")&"|월",입력_파견수련계획!$Z$4:$Z$803,0),"")) | AK9: =IF(OR($B9="",TRIM($J9&"")=""),"",IFERROR(MATCH(TRIM($J9&"")&"|다기관",입력_파견수련계획!$AE$4:$AE$803,0),"")) | AL9: =IF($AK9="","","다기관 "&TEXT(INDEX(입력_파견수련계획!$AB$4:$AB$803,$AK9),"yyyy-mm-dd")&"~"&IF(ISNUMBER(INDEX(입력_파견수련계획!$AC$4:$AC$803,$AK9)),TEXT(INDEX(입력_파견수련계획!$AC$4:$AC$803,$AK9),"yyyy-mm-dd"),"")) | AM9: =IF($Y9="서울병원",COUNTIF($Y$2:$Y9,"서울병원"),"") | AN9: =IF(LEFT($Y9,1)="⚠",COUNTIF($Y$2:$Y9,"⚠*"),"") | AO9: =IF(OR($B9="",$Y9=""),"",IF(IF(TRIM($J9&"")="",0,SUMPRODUCT((입력_파견수련계획!$Q$4:$Q$803=TRIM($J9&""))*입력_파견수련계획!$AD$4:$AD$803))>0,"다기관 기간 → 소속병원 지급",IF(AND(N($X9)<=0,$AQ9=""),"파견 없음 → 그 달 근무병원 지급",IF($AH9+$AI9=DAY(EOMONTH(출력_요약!$B$3,0)),"서울 "&$AH9&"일 / 구리 "&$AI9&"일"&IF($AQ9<>""," (구리 근무자명단 반영)","")&" → 15일 이상 근무 병원 지급","타 병원 포함 → "&IF($AJ9="","소속",INDEX(입력_파견수련계획!$T$4:$T$803,$AJ9))&" 규칙")))) | AP9: =IF($B9="","",$C9&"|"&$F9) | AQ9: =IF($B9="","",IFERROR(MATCH(ROW()-1,출력_구리근무자!$K$6:$K$305,0),"")) | AR9: =IF($AQ9="","",INDEX(출력_구리근무자!$H$6:$H$305,$AQ9))
A10: =IF(B10="","",ROW()-1) | C10: =IF($AB10="","",IF(INDEX(입력_기본자료!$C$2:$C$1001,$AB10)="","",INDEX(입력_기본자료!$C$2:$C$1001,$AB10))) | D10: =IF($AB10="","",IF(INDEX(입력_기본자료!$J$2:$J$1001,$AB10)="","",INDEX(입력_기본자료!$J$2:$J$1001,$AB10))) | E10: =IF($AB10="","",IF(INDEX(입력_기본자료!$K$2:$K$1001,$AB10)="","",IF(NOT(ISNUMBER(INDEX(입력_기본자료!$K$2:$K$1001,$AB10))),INDEX(입력_기본자료!$K$2:$K$1001,$AB10),IF(INDEX(입력_기본자료!$K$2:$K$1001,$AB10)<1000000,INDEX(입력_기본자료!$K$2:$K$1001,$AB10),IF(AND(INDEX(입력_기본자료!$K$2:$K$1001,$AB10)>=10000101,INT(MOD(INDEX(입력_기본자료!$K$2:$K$1001,$AB10),10000)/100)>=1,INT(MOD(INDEX(입력_기본자료!$K$2:$K$1001,$AB10),10000)/100)<=12,MOD(INDEX(입력_기본자료!$K$2:$K$1001,$AB10),100)>=1,MOD(INDEX(입력_기본자료!$K$2:$K$1001,$AB10),100)<=31),DATE(INT(INDEX(입력_기본자료!$K$2:$K$1001,$AB10)/10000),INT(MOD(INDEX(입력_기본자료!$K$2:$K$1001,$AB10),10000)/100),MOD(INDEX(입력_기본자료!$K$2:$K$1001,$AB10),100)),INDEX(입력_기본자료!$K$2:$K$1001,$AB10)&""))))) | F10: =IF($AB10="","",IF(INDEX(입력_기본자료!$D$2:$D$1001,$AB10)="","",INDEX(입력_기본자료!$D$2:$D$1001,$AB10))) | G10: =IF($AB10="","",IF(INDEX(입력_기본자료!$E$2:$E$1001,$AB10)="","",INDEX(입력_기본자료!$E$2:$E$1001,$AB10))) | H10: =IF($AB10="","",IF(INDEX(입력_기본자료!$F$2:$F$1001,$AB10)="","",INDEX(입력_기본자료!$F$2:$F$1001,$AB10))) | I10: =IF($AB10="","",IF(INDEX(입력_기본자료!$G$2:$G$1001,$AB10)="","",IF(NOT(ISNUMBER(INDEX(입력_기본자료!$G$2:$G$1001,$AB10))),INDEX(입력_기본자료!$G$2:$G$1001,$AB10),IF(INDEX(입력_기본자료!$G$2:$G$1001,$AB10)<1000000,INDEX(입력_기본자료!$G$2:$G$1001,$AB10),IF(AND(INDEX(입력_기본자료!$G$2:$G$1001,$AB10)>=10000101,INT(MOD(INDEX(입력_기본자료!$G$2:$G$1001,$AB10),10000)/100)>=1,INT(MOD(INDEX(입력_기본자료!$G$2:$G$1001,$AB10),10000)/100)<=12,MOD(INDEX(입력_기본자료!$G$2:$G$1001,$AB10),100)>=1,MOD(INDEX(입력_기본자료!$G$2:$G$1001,$AB10),100)<=31),DATE(INT(INDEX(입력_기본자료!$G$2:$G$1001,$AB10)/10000),INT(MOD(INDEX(입력_기본자료!$G$2:$G$1001,$AB10),10000)/100),MOD(INDEX(입력_기본자료!$G$2:$G$1001,$AB10),100)),INDEX(입력_기본자료!$G$2:$G$1001,$AB10)&""))))) | J10: =IF($AB10="","",IF(INDEX(입력_기본자료!$H$2:$H$1001,$AB10)="","",INDEX(입력_기본자료!$H$2:$H$1001,$AB10))) | K10: =IF($AB10="","",IF(INDEX(입력_기본자료!$I$2:$I$1001,$AB10)="","",INDEX(입력_기본자료!$I$2:$I$1001,$AB10))) | L10: =IF($AB10="","",IF(INDEX(입력_기본자료!$A$2:$A$1001,$AB10)="","",INDEX(입력_기본자료!$A$2:$A$1001,$AB10))) | N10: =IF($B10="","",IF(AND($U10="파견중",$Q10<>""),$Q10,IF(AND($AD10<>"",LEFT($AD10,1)<>"⚠"),LEFT($AD10,FIND(" ",$AD10)-1),IF($H10="","",IF(RIGHT($H10,2)="병원",$H10,$H10&"병원"))))) | O10: =IF($B10="","",IF(AND($U10="파견중",$Q10<>""),IF($R10<>"",$R10,"파견과 미입력"),IF(AND($AD10<>"",LEFT($AD10,1)<>"⚠"),MID($AD10,FIND(" ",$AD10)+1,60),IF($F10="","",IF($F10="인턴","수련교육부(인턴)",$F10))))) | P10: =IF($B10="","",IF($AK10<>"",IF(AND(TODAY()>=INDEX(입력_파견수련계획!$AB$4:$AB$803,$AK10),OR(NOT(ISNUMBER(INDEX(입력_파견수련계획!$AC$4:$AC$803,$AK10))),TODAY()<=INDEX(입력_파견수련계획!$AC$4:$AC$803,$AK10))),"다기관",IF($AF10="","",INDEX(입력_파견수련계획!$T$4:$T$803,$AF10))),IF($AF10="","",INDEX(입력_파견수련계획!$T$4:$T$803,$AF10)))) | Q10: =IF($AF10="","",INDEX(입력_파견수련계획!$S$4:$S$803,$AF10)) | R10: =IF($AF10="","",INDEX(입력_파견수련계획!$U$4:$U$803,$AF10)) | S10: =IF($AF10="","",IF(INDEX(입력_파견수련계획!$H$4:$H$803,$AF10)="","",INDEX(입력_파견수련계획!$H$4:$H$803,$AF10))) | T10: =IF($AF10="","",IF(INDEX(입력_파견수련계획!$I$4:$I$803,$AF10)="","",INDEX(입력_파견수련계획!$I$4:$I$803,$AF10))) | U10: =IF($AF10="","",INDEX(입력_파견수련계획!$X$4:$X$803,$AF10)) | V10: =IF($AF10="","",INDEX(입력_파견수련계획!$V$4:$V$803,$AF10)) | W10: =IF(AND($U10="파견중",$T10<>""),$T10-TODAY(),"") | X10: =IF(OR($B10="",TRIM($J10&"")=""),"",SUMPRODUCT((입력_파견수련계획!$Q$4:$Q$803=TRIM($J10&""))*입력_파견수련계획!$W$4:$W$803)) | Y10: =IF($B10="","",IF($AG10="","",IF(IF(TRIM($J10&"")="",0,SUMPRODUCT((입력_파견수련계획!$Q$4:$Q$803=TRIM($J10&""))*입력_파견수련계획!$AD$4:$AD$803))>0,$AE10,IF(AND(N($X10)<=0,$AQ10=""),$AG10,IF($AH10+$AI10=DAY(EOMONTH(출력_요약!$B$3,0)),IF(AND($AH10>=출력_요약!$E$3,$AI10<출력_요약!$E$3),"서울병원",IF(AND($AI10>=출력_요약!$E$3,$AH10<출력_요약!$E$3),"구리병원","⚠15일 판정불가(서울 "&$AH10&"일/구리 "&$AI10&"일)")),IF($AJ10="",$AE10,IF(INDEX(입력_파견수련계획!$T$4:$T$803,$AJ10)="통합수련",INDEX(입력_파견수련계획!$S$4:$S$803,$AJ10),$AE10))))))) | Z10: =IF($B10="","",IF($AB10="","기본자료에 없는 사번",IF(COUNTIF($B$2:$B$401,$B10)>1,"중복 사번",IF($AE10="","소속(입사장소) 입력",IF(IF(TRIM($J10&"")="",0,SUMPRODUCT((입력_파견수련계획!$Q$4:$Q$803=TRIM($J10&""))*(입력_파견수련계획!$AA$4:$AA$803<>"")))>0,"파견수련계획 입력오류 확인",IF(LEFT($Y10,1)="⚠","서울·구리 15일 판정 불가(양쪽 모두 이상/미만)",IF(IF($AC10="",0,N(INDEX(입력_인턴근무계획!$T$3:$T$402,$AC10)))>0,"인턴계획 입력오류 확인",IF(AND($AQ10<>"",$AG10<>"구리병원",IF(TRIM($J10&"")="",0,SUMPRODUCT((입력_파견수련계획!$Q$4:$Q$803=TRIM($J10&""))*(입력_파견수련계획!$S$4:$S$803="구리병원")*입력_파견수련계획!$W$4:$W$803))=0),"구리 근무자명단에만 있음(파견수련계획 확인)",IF(AND($AC10<>"",$U10<>"파견중",$N10<>$AE10),"인턴 타지역 근무: 파견 여부 확인","정상"))))))))) | AB10: =IF($B10="","",IFERROR(MATCH($B10,입력_기본자료!$B$2:$B$1001,0),IFERROR(MATCH($B10&"",입력_기본자료!$B$2:$B$1001,0),IFERROR(MATCH(VALUE($B10),입력_기본자료!$B$2:$B$1001,0),"")))) | AC10: =IF($B10="","",IFERROR(MATCH($B10,입력_인턴근무계획!$D$3:$D$402,0),IFERROR(MATCH($B10&"",입력_인턴근무계획!$D$3:$D$402,0),IFERROR(MATCH(VALUE($B10),입력_인턴근무계획!$D$3:$D$402,0),"")))) | AD10: =IF(OR($AC10="",출력_인턴현황!$G$3=""),"",INDEX(입력_인턴근무계획!$M$3:$R$402,$AC10,출력_인턴현황!$G$3)&"") | AE10: =IF($B10="","",IF($M10<>"",$M10,IF(IF($AQ10="",FALSE,INDEX(출력_구리근무자!$J$6:$J$305,$AQ10)="구리독자"),"구리병원",IF($AF10<>"",IF(LEFT(INDEX(입력_파견수련계획!$R$4:$R$803,$AF10),1)<>"⚠",INDEX(입력_파견수련계획!$R$4:$R$803,$AF10),IF($H10="","",IF(RIGHT($H10,2)="병원",$H10,$H10&"병원"))),IF($H10="","",IF(RIGHT($H10,2)="병원",$H10,$H10&"병원")))))) | AF10: =IF(OR($B10="",TRIM($J10&"")=""),"",IFERROR(MATCH(TRIM($J10&"")&"|파견중",입력_파견수련계획!$Y$4:$Y$803,0),IFERROR(MATCH(TRIM($J10&"")&"|파견예정",입력_파견수련계획!$Y$4:$Y$803,0),IFERROR(MATCH(TRIM($J10&"")&"|파견종료",입력_파견수련계획!$Y$4:$Y$803,0),"")))) | AG10: =IF($B10="","",IF(AND(IF(OR($AC10="",출력_인턴현황!$K$2=""),"",INDEX(입력_인턴근무계획!$M$3:$R$402,$AC10,출력_인턴현황!$K$2)&"")<>"",LEFT(IF(OR($AC10="",출력_인턴현황!$K$2=""),"",INDEX(입력_인턴근무계획!$M$3:$R$402,$AC10,출력_인턴현황!$K$2)&""),1)<>"⚠"),LEFT(IF(OR($AC10="",출력_인턴현황!$K$2=""),"",INDEX(입력_인턴근무계획!$M$3:$R$402,$AC10,출력_인턴현황!$K$2)&""),FIND(" ",IF(OR($AC10="",출력_인턴현황!$K$2=""),"",INDEX(입력_인턴근무계획!$M$3:$R$402,$AC10,출력_인턴현황!$K$2)&""))-1),$AE10)) | AH10: =IF($B10="","",IF($AQ10<>"",MAX(0,DAY(EOMONTH(출력_요약!$B$3,0))-N($AR10)),IF(TRIM($J10&"")="",0,SUMPRODUCT((입력_파견수련계획!$Q$4:$Q$803=TRIM($J10&""))*(입력_파견수련계획!$S$4:$S$803="서울병원")*입력_파견수련계획!$W$4:$W$803))+IF($AG10="서울병원",MAX(0,DAY(EOMONTH(출력_요약!$B$3,0))-N($X10)),0))) | AI10: =IF($B10="","",IF($AQ10<>"",N($AR10),IF(TRIM($J10&"")="",0,SUMPRODUCT((입력_파견수련계획!$Q$4:$Q$803=TRIM($J10&""))*(입력_파견수련계획!$S$4:$S$803="구리병원")*입력_파견수련계획!$W$4:$W$803))+IF($AG10="구리병원",MAX(0,DAY(EOMONTH(출력_요약!$B$3,0))-N($X10)),0))) | AJ10: =IF(OR($B10="",TRIM($J10&"")=""),"",IFERROR(MATCH(TRIM($J10&"")&"|월",입력_파견수련계획!$Z$4:$Z$803,0),"")) | AK10: =IF(OR($B10="",TRIM($J10&"")=""),"",IFERROR(MATCH(TRIM($J10&"")&"|다기관",입력_파견수련계획!$AE$4:$AE$803,0),"")) | AL10: =IF($AK10="","","다기관 "&TEXT(INDEX(입력_파견수련계획!$AB$4:$AB$803,$AK10),"yyyy-mm-dd")&"~"&IF(ISNUMBER(INDEX(입력_파견수련계획!$AC$4:$AC$803,$AK10)),TEXT(INDEX(입력_파견수련계획!$AC$4:$AC$803,$AK10),"yyyy-mm-dd"),"")) | AM10: =IF($Y10="서울병원",COUNTIF($Y$2:$Y10,"서울병원"),"") | AN10: =IF(LEFT($Y10,1)="⚠",COUNTIF($Y$2:$Y10,"⚠*"),"") | AO10: =IF(OR($B10="",$Y10=""),"",IF(IF(TRIM($J10&"")="",0,SUMPRODUCT((입력_파견수련계획!$Q$4:$Q$803=TRIM($J10&""))*입력_파견수련계획!$AD$4:$AD$803))>0,"다기관 기간 → 소속병원 지급",IF(AND(N($X10)<=0,$AQ10=""),"파견 없음 → 그 달 근무병원 지급",IF($AH10+$AI10=DAY(EOMONTH(출력_요약!$B$3,0)),"서울 "&$AH10&"일 / 구리 "&$AI10&"일"&IF($AQ10<>""," (구리 근무자명단 반영)","")&" → 15일 이상 근무 병원 지급","타 병원 포함 → "&IF($AJ10="","소속",INDEX(입력_파견수련계획!$T$4:$T$803,$AJ10))&" 규칙")))) | AP10: =IF($B10="","",$C10&"|"&$F10) | AQ10: =IF($B10="","",IFERROR(MATCH(ROW()-1,출력_구리근무자!$K$6:$K$305,0),"")) | AR10: =IF($AQ10="","",INDEX(출력_구리근무자!$H$6:$H$305,$AQ10))
A11: =IF(B11="","",ROW()-1) | C11: =IF($AB11="","",IF(INDEX(입력_기본자료!$C$2:$C$1001,$AB11)="","",INDEX(입력_기본자료!$C$2:$C$1001,$AB11))) | D11: =IF($AB11="","",IF(INDEX(입력_기본자료!$J$2:$J$1001,$AB11)="","",INDEX(입력_기본자료!$J$2:$J$1001,$AB11))) | E11: =IF($AB11="","",IF(INDEX(입력_기본자료!$K$2:$K$1001,$AB11)="","",IF(NOT(ISNUMBER(INDEX(입력_기본자료!$K$2:$K$1001,$AB11))),INDEX(입력_기본자료!$K$2:$K$1001,$AB11),IF(INDEX(입력_기본자료!$K$2:$K$1001,$AB11)<1000000,INDEX(입력_기본자료!$K$2:$K$1001,$AB11),IF(AND(INDEX(입력_기본자료!$K$2:$K$1001,$AB11)>=10000101,INT(MOD(INDEX(입력_기본자료!$K$2:$K$1001,$AB11),10000)/100)>=1,INT(MOD(INDEX(입력_기본자료!$K$2:$K$1001,$AB11),10000)/100)<=12,MOD(INDEX(입력_기본자료!$K$2:$K$1001,$AB11),100)>=1,MOD(INDEX(입력_기본자료!$K$2:$K$1001,$AB11),100)<=31),DATE(INT(INDEX(입력_기본자료!$K$2:$K$1001,$AB11)/10000),INT(MOD(INDEX(입력_기본자료!$K$2:$K$1001,$AB11),10000)/100),MOD(INDEX(입력_기본자료!$K$2:$K$1001,$AB11),100)),INDEX(입력_기본자료!$K$2:$K$1001,$AB11)&""))))) | F11: =IF($AB11="","",IF(INDEX(입력_기본자료!$D$2:$D$1001,$AB11)="","",INDEX(입력_기본자료!$D$2:$D$1001,$AB11))) | G11: =IF($AB11="","",IF(INDEX(입력_기본자료!$E$2:$E$1001,$AB11)="","",INDEX(입력_기본자료!$E$2:$E$1001,$AB11))) | H11: =IF($AB11="","",IF(INDEX(입력_기본자료!$F$2:$F$1001,$AB11)="","",INDEX(입력_기본자료!$F$2:$F$1001,$AB11))) | I11: =IF($AB11="","",IF(INDEX(입력_기본자료!$G$2:$G$1001,$AB11)="","",IF(NOT(ISNUMBER(INDEX(입력_기본자료!$G$2:$G$1001,$AB11))),INDEX(입력_기본자료!$G$2:$G$1001,$AB11),IF(INDEX(입력_기본자료!$G$2:$G$1001,$AB11)<1000000,INDEX(입력_기본자료!$G$2:$G$1001,$AB11),IF(AND(INDEX(입력_기본자료!$G$2:$G$1001,$AB11)>=10000101,INT(MOD(INDEX(입력_기본자료!$G$2:$G$1001,$AB11),10000)/100)>=1,INT(MOD(INDEX(입력_기본자료!$G$2:$G$1001,$AB11),10000)/100)<=12,MOD(INDEX(입력_기본자료!$G$2:$G$1001,$AB11),100)>=1,MOD(INDEX(입력_기본자료!$G$2:$G$1001,$AB11),100)<=31),DATE(INT(INDEX(입력_기본자료!$G$2:$G$1001,$AB11)/10000),INT(MOD(INDEX(입력_기본자료!$G$2:$G$1001,$AB11),10000)/100),MOD(INDEX(입력_기본자료!$G$2:$G$1001,$AB11),100)),INDEX(입력_기본자료!$G$2:$G$1001,$AB11)&""))))) | J11: =IF($AB11="","",IF(INDEX(입력_기본자료!$H$2:$H$1001,$AB11)="","",INDEX(입력_기본자료!$H$2:$H$1001,$AB11))) | K11: =IF($AB11="","",IF(INDEX(입력_기본자료!$I$2:$I$1001,$AB11)="","",INDEX(입력_기본자료!$I$2:$I$1001,$AB11))) | L11: =IF($AB11="","",IF(INDEX(입력_기본자료!$A$2:$A$1001,$AB11)="","",INDEX(입력_기본자료!$A$2:$A$1001,$AB11))) | N11: =IF($B11="","",IF(AND($U11="파견중",$Q11<>""),$Q11,IF(AND($AD11<>"",LEFT($AD11,1)<>"⚠"),LEFT($AD11,FIND(" ",$AD11)-1),IF($H11="","",IF(RIGHT($H11,2)="병원",$H11,$H11&"병원"))))) | O11: =IF($B11="","",IF(AND($U11="파견중",$Q11<>""),IF($R11<>"",$R11,"파견과 미입력"),IF(AND($AD11<>"",LEFT($AD11,1)<>"⚠"),MID($AD11,FIND(" ",$AD11)+1,60),IF($F11="","",IF($F11="인턴","수련교육부(인턴)",$F11))))) | P11: =IF($B11="","",IF($AK11<>"",IF(AND(TODAY()>=INDEX(입력_파견수련계획!$AB$4:$AB$803,$AK11),OR(NOT(ISNUMBER(INDEX(입력_파견수련계획!$AC$4:$AC$803,$AK11))),TODAY()<=INDEX(입력_파견수련계획!$AC$4:$AC$803,$AK11))),"다기관",IF($AF11="","",INDEX(입력_파견수련계획!$T$4:$T$803,$AF11))),IF($AF11="","",INDEX(입력_파견수련계획!$T$4:$T$803,$AF11)))) | Q11: =IF($AF11="","",INDEX(입력_파견수련계획!$S$4:$S$803,$AF11)) | R11: =IF($AF11="","",INDEX(입력_파견수련계획!$U$4:$U$803,$AF11)) | S11: =IF($AF11="","",IF(INDEX(입력_파견수련계획!$H$4:$H$803,$AF11)="","",INDEX(입력_파견수련계획!$H$4:$H$803,$AF11))) | T11: =IF($AF11="","",IF(INDEX(입력_파견수련계획!$I$4:$I$803,$AF11)="","",INDEX(입력_파견수련계획!$I$4:$I$803,$AF11))) | U11: =IF($AF11="","",INDEX(입력_파견수련계획!$X$4:$X$803,$AF11)) | V11: =IF($AF11="","",INDEX(입력_파견수련계획!$V$4:$V$803,$AF11)) | W11: =IF(AND($U11="파견중",$T11<>""),$T11-TODAY(),"") | X11: =IF(OR($B11="",TRIM($J11&"")=""),"",SUMPRODUCT((입력_파견수련계획!$Q$4:$Q$803=TRIM($J11&""))*입력_파견수련계획!$W$4:$W$803)) | Y11: =IF($B11="","",IF($AG11="","",IF(IF(TRIM($J11&"")="",0,SUMPRODUCT((입력_파견수련계획!$Q$4:$Q$803=TRIM($J11&""))*입력_파견수련계획!$AD$4:$AD$803))>0,$AE11,IF(AND(N($X11)<=0,$AQ11=""),$AG11,IF($AH11+$AI11=DAY(EOMONTH(출력_요약!$B$3,0)),IF(AND($AH11>=출력_요약!$E$3,$AI11<출력_요약!$E$3),"서울병원",IF(AND($AI11>=출력_요약!$E$3,$AH11<출력_요약!$E$3),"구리병원","⚠15일 판정불가(서울 "&$AH11&"일/구리 "&$AI11&"일)")),IF($AJ11="",$AE11,IF(INDEX(입력_파견수련계획!$T$4:$T$803,$AJ11)="통합수련",INDEX(입력_파견수련계획!$S$4:$S$803,$AJ11),$AE11))))))) | Z11: =IF($B11="","",IF($AB11="","기본자료에 없는 사번",IF(COUNTIF($B$2:$B$401,$B11)>1,"중복 사번",IF($AE11="","소속(입사장소) 입력",IF(IF(TRIM($J11&"")="",0,SUMPRODUCT((입력_파견수련계획!$Q$4:$Q$803=TRIM($J11&""))*(입력_파견수련계획!$AA$4:$AA$803<>"")))>0,"파견수련계획 입력오류 확인",IF(LEFT($Y11,1)="⚠","서울·구리 15일 판정 불가(양쪽 모두 이상/미만)",IF(IF($AC11="",0,N(INDEX(입력_인턴근무계획!$T$3:$T$402,$AC11)))>0,"인턴계획 입력오류 확인",IF(AND($AQ11<>"",$AG11<>"구리병원",IF(TRIM($J11&"")="",0,SUMPRODUCT((입력_파견수련계획!$Q$4:$Q$803=TRIM($J11&""))*(입력_파견수련계획!$S$4:$S$803="구리병원")*입력_파견수련계획!$W$4:$W$803))=0),"구리 근무자명단에만 있음(파견수련계획 확인)",IF(AND($AC11<>"",$U11<>"파견중",$N11<>$AE11),"인턴 타지역 근무: 파견 여부 확인","정상"))))))))) | AB11: =IF($B11="","",IFERROR(MATCH($B11,입력_기본자료!$B$2:$B$1001,0),IFERROR(MATCH($B11&"",입력_기본자료!$B$2:$B$1001,0),IFERROR(MATCH(VALUE($B11),입력_기본자료!$B$2:$B$1001,0),"")))) | AC11: =IF($B11="","",IFERROR(MATCH($B11,입력_인턴근무계획!$D$3:$D$402,0),IFERROR(MATCH($B11&"",입력_인턴근무계획!$D$3:$D$402,0),IFERROR(MATCH(VALUE($B11),입력_인턴근무계획!$D$3:$D$402,0),"")))) | AD11: =IF(OR($AC11="",출력_인턴현황!$G$3=""),"",INDEX(입력_인턴근무계획!$M$3:$R$402,$AC11,출력_인턴현황!$G$3)&"") | AE11: =IF($B11="","",IF($M11<>"",$M11,IF(IF($AQ11="",FALSE,INDEX(출력_구리근무자!$J$6:$J$305,$AQ11)="구리독자"),"구리병원",IF($AF11<>"",IF(LEFT(INDEX(입력_파견수련계획!$R$4:$R$803,$AF11),1)<>"⚠",INDEX(입력_파견수련계획!$R$4:$R$803,$AF11),IF($H11="","",IF(RIGHT($H11,2)="병원",$H11,$H11&"병원"))),IF($H11="","",IF(RIGHT($H11,2)="병원",$H11,$H11&"병원")))))) | AF11: =IF(OR($B11="",TRIM($J11&"")=""),"",IFERROR(MATCH(TRIM($J11&"")&"|파견중",입력_파견수련계획!$Y$4:$Y$803,0),IFERROR(MATCH(TRIM($J11&"")&"|파견예정",입력_파견수련계획!$Y$4:$Y$803,0),IFERROR(MATCH(TRIM($J11&"")&"|파견종료",입력_파견수련계획!$Y$4:$Y$803,0),"")))) | AG11: =IF($B11="","",IF(AND(IF(OR($AC11="",출력_인턴현황!$K$2=""),"",INDEX(입력_인턴근무계획!$M$3:$R$402,$AC11,출력_인턴현황!$K$2)&"")<>"",LEFT(IF(OR($AC11="",출력_인턴현황!$K$2=""),"",INDEX(입력_인턴근무계획!$M$3:$R$402,$AC11,출력_인턴현황!$K$2)&""),1)<>"⚠"),LEFT(IF(OR($AC11="",출력_인턴현황!$K$2=""),"",INDEX(입력_인턴근무계획!$M$3:$R$402,$AC11,출력_인턴현황!$K$2)&""),FIND(" ",IF(OR($AC11="",출력_인턴현황!$K$2=""),"",INDEX(입력_인턴근무계획!$M$3:$R$402,$AC11,출력_인턴현황!$K$2)&""))-1),$AE11)) | AH11: =IF($B11="","",IF($AQ11<>"",MAX(0,DAY(EOMONTH(출력_요약!$B$3,0))-N($AR11)),IF(TRIM($J11&"")="",0,SUMPRODUCT((입력_파견수련계획!$Q$4:$Q$803=TRIM($J11&""))*(입력_파견수련계획!$S$4:$S$803="서울병원")*입력_파견수련계획!$W$4:$W$803))+IF($AG11="서울병원",MAX(0,DAY(EOMONTH(출력_요약!$B$3,0))-N($X11)),0))) | AI11: =IF($B11="","",IF($AQ11<>"",N($AR11),IF(TRIM($J11&"")="",0,SUMPRODUCT((입력_파견수련계획!$Q$4:$Q$803=TRIM($J11&""))*(입력_파견수련계획!$S$4:$S$803="구리병원")*입력_파견수련계획!$W$4:$W$803))+IF($AG11="구리병원",MAX(0,DAY(EOMONTH(출력_요약!$B$3,0))-N($X11)),0))) | AJ11: =IF(OR($B11="",TRIM($J11&"")=""),"",IFERROR(MATCH(TRIM($J11&"")&"|월",입력_파견수련계획!$Z$4:$Z$803,0),"")) | AK11: =IF(OR($B11="",TRIM($J11&"")=""),"",IFERROR(MATCH(TRIM($J11&"")&"|다기관",입력_파견수련계획!$AE$4:$AE$803,0),"")) | AL11: =IF($AK11="","","다기관 "&TEXT(INDEX(입력_파견수련계획!$AB$4:$AB$803,$AK11),"yyyy-mm-dd")&"~"&IF(ISNUMBER(INDEX(입력_파견수련계획!$AC$4:$AC$803,$AK11)),TEXT(INDEX(입력_파견수련계획!$AC$4:$AC$803,$AK11),"yyyy-mm-dd"),"")) | AM11: =IF($Y11="서울병원",COUNTIF($Y$2:$Y11,"서울병원"),"") | AN11: =IF(LEFT($Y11,1)="⚠",COUNTIF($Y$2:$Y11,"⚠*"),"") | AO11: =IF(OR($B11="",$Y11=""),"",IF(IF(TRIM($J11&"")="",0,SUMPRODUCT((입력_파견수련계획!$Q$4:$Q$803=TRIM($J11&""))*입력_파견수련계획!$AD$4:$AD$803))>0,"다기관 기간 → 소속병원 지급",IF(AND(N($X11)<=0,$AQ11=""),"파견 없음 → 그 달 근무병원 지급",IF($AH11+$AI11=DAY(EOMONTH(출력_요약!$B$3,0)),"서울 "&$AH11&"일 / 구리 "&$AI11&"일"&IF($AQ11<>""," (구리 근무자명단 반영)","")&" → 15일 이상 근무 병원 지급","타 병원 포함 → "&IF($AJ11="","소속",INDEX(입력_파견수련계획!$T$4:$T$803,$AJ11))&" 규칙")))) | AP11: =IF($B11="","",$C11&"|"&$F11) | AQ11: =IF($B11="","",IFERROR(MATCH(ROW()-1,출력_구리근무자!$K$6:$K$305,0),"")) | AR11: =IF($AQ11="","",INDEX(출력_구리근무자!$H$6:$H$305,$AQ11))
A12: =IF(B12="","",ROW()-1) | C12: =IF($AB12="","",IF(INDEX(입력_기본자료!$C$2:$C$1001,$AB12)="","",INDEX(입력_기본자료!$C$2:$C$1001,$AB12))) | D12: =IF($AB12="","",IF(INDEX(입력_기본자료!$J$2:$J$1001,$AB12)="","",INDEX(입력_기본자료!$J$2:$J$1001,$AB12))) | E12: =IF($AB12="","",IF(INDEX(입력_기본자료!$K$2:$K$1001,$AB12)="","",IF(NOT(ISNUMBER(INDEX(입력_기본자료!$K$2:$K$1001,$AB12))),INDEX(입력_기본자료!$K$2:$K$1001,$AB12),IF(INDEX(입력_기본자료!$K$2:$K$1001,$AB12)<1000000,INDEX(입력_기본자료!$K$2:$K$1001,$AB12),IF(AND(INDEX(입력_기본자료!$K$2:$K$1001,$AB12)>=10000101,INT(MOD(INDEX(입력_기본자료!$K$2:$K$1001,$AB12),10000)/100)>=1,INT(MOD(INDEX(입력_기본자료!$K$2:$K$1001,$AB12),10000)/100)<=12,MOD(INDEX(입력_기본자료!$K$2:$K$1001,$AB12),100)>=1,MOD(INDEX(입력_기본자료!$K$2:$K$1001,$AB12),100)<=31),DATE(INT(INDEX(입력_기본자료!$K$2:$K$1001,$AB12)/10000),INT(MOD(INDEX(입력_기본자료!$K$2:$K$1001,$AB12),10000)/100),MOD(INDEX(입력_기본자료!$K$2:$K$1001,$AB12),100)),INDEX(입력_기본자료!$K$2:$K$1001,$AB12)&""))))) | F12: =IF($AB12="","",IF(INDEX(입력_기본자료!$D$2:$D$1001,$AB12)="","",INDEX(입력_기본자료!$D$2:$D$1001,$AB12))) | G12: =IF($AB12="","",IF(INDEX(입력_기본자료!$E$2:$E$1001,$AB12)="","",INDEX(입력_기본자료!$E$2:$E$1001,$AB12))) | H12: =IF($AB12="","",IF(INDEX(입력_기본자료!$F$2:$F$1001,$AB12)="","",INDEX(입력_기본자료!$F$2:$F$1001,$AB12))) | I12: =IF($AB12="","",IF(INDEX(입력_기본자료!$G$2:$G$1001,$AB12)="","",IF(NOT(ISNUMBER(INDEX(입력_기본자료!$G$2:$G$1001,$AB12))),INDEX(입력_기본자료!$G$2:$G$1001,$AB12),IF(INDEX(입력_기본자료!$G$2:$G$1001,$AB12)<1000000,INDEX(입력_기본자료!$G$2:$G$1001,$AB12),IF(AND(INDEX(입력_기본자료!$G$2:$G$1001,$AB12)>=10000101,INT(MOD(INDEX(입력_기본자료!$G$2:$G$1001,$AB12),10000)/100)>=1,INT(MOD(INDEX(입력_기본자료!$G$2:$G$1001,$AB12),10000)/100)<=12,MOD(INDEX(입력_기본자료!$G$2:$G$1001,$AB12),100)>=1,MOD(INDEX(입력_기본자료!$G$2:$G$1001,$AB12),100)<=31),DATE(INT(INDEX(입력_기본자료!$G$2:$G$1001,$AB12)/10000),INT(MOD(INDEX(입력_기본자료!$G$2:$G$1001,$AB12),10000)/100),MOD(INDEX(입력_기본자료!$G$2:$G$1001,$AB12),100)),INDEX(입력_기본자료!$G$2:$G$1001,$AB12)&""))))) | J12: =IF($AB12="","",IF(INDEX(입력_기본자료!$H$2:$H$1001,$AB12)="","",INDEX(입력_기본자료!$H$2:$H$1001,$AB12))) | K12: =IF($AB12="","",IF(INDEX(입력_기본자료!$I$2:$I$1001,$AB12)="","",INDEX(입력_기본자료!$I$2:$I$1001,$AB12))) | L12: =IF($AB12="","",IF(INDEX(입력_기본자료!$A$2:$A$1001,$AB12)="","",INDEX(입력_기본자료!$A$2:$A$1001,$AB12))) | N12: =IF($B12="","",IF(AND($U12="파견중",$Q12<>""),$Q12,IF(AND($AD12<>"",LEFT($AD12,1)<>"⚠"),LEFT($AD12,FIND(" ",$AD12)-1),IF($H12="","",IF(RIGHT($H12,2)="병원",$H12,$H12&"병원"))))) | O12: =IF($B12="","",IF(AND($U12="파견중",$Q12<>""),IF($R12<>"",$R12,"파견과 미입력"),IF(AND($AD12<>"",LEFT($AD12,1)<>"⚠"),MID($AD12,FIND(" ",$AD12)+1,60),IF($F12="","",IF($F12="인턴","수련교육부(인턴)",$F12))))) | P12: =IF($B12="","",IF($AK12<>"",IF(AND(TODAY()>=INDEX(입력_파견수련계획!$AB$4:$AB$803,$AK12),OR(NOT(ISNUMBER(INDEX(입력_파견수련계획!$AC$4:$AC$803,$AK12))),TODAY()<=INDEX(입력_파견수련계획!$AC$4:$AC$803,$AK12))),"다기관",IF($AF12="","",INDEX(입력_파견수련계획!$T$4:$T$803,$AF12))),IF($AF12="","",INDEX(입력_파견수련계획!$T$4:$T$803,$AF12)))) | Q12: =IF($AF12="","",INDEX(입력_파견수련계획!$S$4:$S$803,$AF12)) | R12: =IF($AF12="","",INDEX(입력_파견수련계획!$U$4:$U$803,$AF12)) | S12: =IF($AF12="","",IF(INDEX(입력_파견수련계획!$H$4:$H$803,$AF12)="","",INDEX(입력_파견수련계획!$H$4:$H$803,$AF12))) | T12: =IF($AF12="","",IF(INDEX(입력_파견수련계획!$I$4:$I$803,$AF12)="","",INDEX(입력_파견수련계획!$I$4:$I$803,$AF12))) | U12: =IF($AF12="","",INDEX(입력_파견수련계획!$X$4:$X$803,$AF12)) | V12: =IF($AF12="","",INDEX(입력_파견수련계획!$V$4:$V$803,$AF12)) | W12: =IF(AND($U12="파견중",$T12<>""),$T12-TODAY(),"") | X12: =IF(OR($B12="",TRIM($J12&"")=""),"",SUMPRODUCT((입력_파견수련계획!$Q$4:$Q$803=TRIM($J12&""))*입력_파견수련계획!$W$4:$W$803)) | Y12: =IF($B12="","",IF($AG12="","",IF(IF(TRIM($J12&"")="",0,SUMPRODUCT((입력_파견수련계획!$Q$4:$Q$803=TRIM($J12&""))*입력_파견수련계획!$AD$4:$AD$803))>0,$AE12,IF(AND(N($X12)<=0,$AQ12=""),$AG12,IF($AH12+$AI12=DAY(EOMONTH(출력_요약!$B$3,0)),IF(AND($AH12>=출력_요약!$E$3,$AI12<출력_요약!$E$3),"서울병원",IF(AND($AI12>=출력_요약!$E$3,$AH12<출력_요약!$E$3),"구리병원","⚠15일 판정불가(서울 "&$AH12&"일/구리 "&$AI12&"일)")),IF($AJ12="",$AE12,IF(INDEX(입력_파견수련계획!$T$4:$T$803,$AJ12)="통합수련",INDEX(입력_파견수련계획!$S$4:$S$803,$AJ12),$AE12))))))) | Z12: =IF($B12="","",IF($AB12="","기본자료에 없는 사번",IF(COUNTIF($B$2:$B$401,$B12)>1,"중복 사번",IF($AE12="","소속(입사장소) 입력",IF(IF(TRIM($J12&"")="",0,SUMPRODUCT((입력_파견수련계획!$Q$4:$Q$803=TRIM($J12&""))*(입력_파견수련계획!$AA$4:$AA$803<>"")))>0,"파견수련계획 입력오류 확인",IF(LEFT($Y12,1)="⚠","서울·구리 15일 판정 불가(양쪽 모두 이상/미만)",IF(IF($AC12="",0,N(INDEX(입력_인턴근무계획!$T$3:$T$402,$AC12)))>0,"인턴계획 입력오류 확인",IF(AND($AQ12<>"",$AG12<>"구리병원",IF(TRIM($J12&"")="",0,SUMPRODUCT((입력_파견수련계획!$Q$4:$Q$803=TRIM($J12&""))*(입력_파견수련계획!$S$4:$S$803="구리병원")*입력_파견수련계획!$W$4:$W$803))=0),"구리 근무자명단에만 있음(파견수련계획 확인)",IF(AND($AC12<>"",$U12<>"파견중",$N12<>$AE12),"인턴 타지역 근무: 파견 여부 확인","정상"))))))))) | AB12: =IF($B12="","",IFERROR(MATCH($B12,입력_기본자료!$B$2:$B$1001,0),IFERROR(MATCH($B12&"",입력_기본자료!$B$2:$B$1001,0),IFERROR(MATCH(VALUE($B12),입력_기본자료!$B$2:$B$1001,0),"")))) | AC12: =IF($B12="","",IFERROR(MATCH($B12,입력_인턴근무계획!$D$3:$D$402,0),IFERROR(MATCH($B12&"",입력_인턴근무계획!$D$3:$D$402,0),IFERROR(MATCH(VALUE($B12),입력_인턴근무계획!$D$3:$D$402,0),"")))) | AD12: =IF(OR($AC12="",출력_인턴현황!$G$3=""),"",INDEX(입력_인턴근무계획!$M$3:$R$402,$AC12,출력_인턴현황!$G$3)&"") | AE12: =IF($B12="","",IF($M12<>"",$M12,IF(IF($AQ12="",FALSE,INDEX(출력_구리근무자!$J$6:$J$305,$AQ12)="구리독자"),"구리병원",IF($AF12<>"",IF(LEFT(INDEX(입력_파견수련계획!$R$4:$R$803,$AF12),1)<>"⚠",INDEX(입력_파견수련계획!$R$4:$R$803,$AF12),IF($H12="","",IF(RIGHT($H12,2)="병원",$H12,$H12&"병원"))),IF($H12="","",IF(RIGHT($H12,2)="병원",$H12,$H12&"병원")))))) | AF12: =IF(OR($B12="",TRIM($J12&"")=""),"",IFERROR(MATCH(TRIM($J12&"")&"|파견중",입력_파견수련계획!$Y$4:$Y$803,0),IFERROR(MATCH(TRIM($J12&"")&"|파견예정",입력_파견수련계획!$Y$4:$Y$803,0),IFERROR(MATCH(TRIM($J12&"")&"|파견종료",입력_파견수련계획!$Y$4:$Y$803,0),"")))) | AG12: =IF($B12="","",IF(AND(IF(OR($AC12="",출력_인턴현황!$K$2=""),"",INDEX(입력_인턴근무계획!$M$3:$R$402,$AC12,출력_인턴현황!$K$2)&"")<>"",LEFT(IF(OR($AC12="",출력_인턴현황!$K$2=""),"",INDEX(입력_인턴근무계획!$M$3:$R$402,$AC12,출력_인턴현황!$K$2)&""),1)<>"⚠"),LEFT(IF(OR($AC12="",출력_인턴현황!$K$2=""),"",INDEX(입력_인턴근무계획!$M$3:$R$402,$AC12,출력_인턴현황!$K$2)&""),FIND(" ",IF(OR($AC12="",출력_인턴현황!$K$2=""),"",INDEX(입력_인턴근무계획!$M$3:$R$402,$AC12,출력_인턴현황!$K$2)&""))-1),$AE12)) | AH12: =IF($B12="","",IF($AQ12<>"",MAX(0,DAY(EOMONTH(출력_요약!$B$3,0))-N($AR12)),IF(TRIM($J12&"")="",0,SUMPRODUCT((입력_파견수련계획!$Q$4:$Q$803=TRIM($J12&""))*(입력_파견수련계획!$S$4:$S$803="서울병원")*입력_파견수련계획!$W$4:$W$803))+IF($AG12="서울병원",MAX(0,DAY(EOMONTH(출력_요약!$B$3,0))-N($X12)),0))) | AI12: =IF($B12="","",IF($AQ12<>"",N($AR12),IF(TRIM($J12&"")="",0,SUMPRODUCT((입력_파견수련계획!$Q$4:$Q$803=TRIM($J12&""))*(입력_파견수련계획!$S$4:$S$803="구리병원")*입력_파견수련계획!$W$4:$W$803))+IF($AG12="구리병원",MAX(0,DAY(EOMONTH(출력_요약!$B$3,0))-N($X12)),0))) | AJ12: =IF(OR($B12="",TRIM($J12&"")=""),"",IFERROR(MATCH(TRIM($J12&"")&"|월",입력_파견수련계획!$Z$4:$Z$803,0),"")) | AK12: =IF(OR($B12="",TRIM($J12&"")=""),"",IFERROR(MATCH(TRIM($J12&"")&"|다기관",입력_파견수련계획!$AE$4:$AE$803,0),"")) | AL12: =IF($AK12="","","다기관 "&TEXT(INDEX(입력_파견수련계획!$AB$4:$AB$803,$AK12),"yyyy-mm-dd")&"~"&IF(ISNUMBER(INDEX(입력_파견수련계획!$AC$4:$AC$803,$AK12)),TEXT(INDEX(입력_파견수련계획!$AC$4:$AC$803,$AK12),"yyyy-mm-dd"),"")) | AM12: =IF($Y12="서울병원",COUNTIF($Y$2:$Y12,"서울병원"),"") | AN12: =IF(LEFT($Y12,1)="⚠",COUNTIF($Y$2:$Y12,"⚠*"),"") | AO12: =IF(OR($B12="",$Y12=""),"",IF(IF(TRIM($J12&"")="",0,SUMPRODUCT((입력_파견수련계획!$Q$4:$Q$803=TRIM($J12&""))*입력_파견수련계획!$AD$4:$AD$803))>0,"다기관 기간 → 소속병원 지급",IF(AND(N($X12)<=0,$AQ12=""),"파견 없음 → 그 달 근무병원 지급",IF($AH12+$AI12=DAY(EOMONTH(출력_요약!$B$3,0)),"서울 "&$AH12&"일 / 구리 "&$AI12&"일"&IF($AQ12<>""," (구리 근무자명단 반영)","")&" → 15일 이상 근무 병원 지급","타 병원 포함 → "&IF($AJ12="","소속",INDEX(입력_파견수련계획!$T$4:$T$803,$AJ12))&" 규칙")))) | AP12: =IF($B12="","",$C12&"|"&$F12) | AQ12: =IF($B12="","",IFERROR(MATCH(ROW()-1,출력_구리근무자!$K$6:$K$305,0),"")) | AR12: =IF($AQ12="","",INDEX(출력_구리근무자!$H$6:$H$305,$AQ12))
A13: =IF(B13="","",ROW()-1) | C13: =IF($AB13="","",IF(INDEX(입력_기본자료!$C$2:$C$1001,$AB13)="","",INDEX(입력_기본자료!$C$2:$C$1001,$AB13))) | D13: =IF($AB13="","",IF(INDEX(입력_기본자료!$J$2:$J$1001,$AB13)="","",INDEX(입력_기본자료!$J$2:$J$1001,$AB13))) | E13: =IF($AB13="","",IF(INDEX(입력_기본자료!$K$2:$K$1001,$AB13)="","",IF(NOT(ISNUMBER(INDEX(입력_기본자료!$K$2:$K$1001,$AB13))),INDEX(입력_기본자료!$K$2:$K$1001,$AB13),IF(INDEX(입력_기본자료!$K$2:$K$1001,$AB13)<1000000,INDEX(입력_기본자료!$K$2:$K$1001,$AB13),IF(AND(INDEX(입력_기본자료!$K$2:$K$1001,$AB13)>=10000101,INT(MOD(INDEX(입력_기본자료!$K$2:$K$1001,$AB13),10000)/100)>=1,INT(MOD(INDEX(입력_기본자료!$K$2:$K$1001,$AB13),10000)/100)<=12,MOD(INDEX(입력_기본자료!$K$2:$K$1001,$AB13),100)>=1,MOD(INDEX(입력_기본자료!$K$2:$K$1001,$AB13),100)<=31),DATE(INT(INDEX(입력_기본자료!$K$2:$K$1001,$AB13)/10000),INT(MOD(INDEX(입력_기본자료!$K$2:$K$1001,$AB13),10000)/100),MOD(INDEX(입력_기본자료!$K$2:$K$1001,$AB13),100)),INDEX(입력_기본자료!$K$2:$K$1001,$AB13)&""))))) | F13: =IF($AB13="","",IF(INDEX(입력_기본자료!$D$2:$D$1001,$AB13)="","",INDEX(입력_기본자료!$D$2:$D$1001,$AB13))) | G13: =IF($AB13="","",IF(INDEX(입력_기본자료!$E$2:$E$1001,$AB13)="","",INDEX(입력_기본자료!$E$2:$E$1001,$AB13))) | H13: =IF($AB13="","",IF(INDEX(입력_기본자료!$F$2:$F$1001,$AB13)="","",INDEX(입력_기본자료!$F$2:$F$1001,$AB13))) | I13: =IF($AB13="","",IF(INDEX(입력_기본자료!$G$2:$G$1001,$AB13)="","",IF(NOT(ISNUMBER(INDEX(입력_기본자료!$G$2:$G$1001,$AB13))),INDEX(입력_기본자료!$G$2:$G$1001,$AB13),IF(INDEX(입력_기본자료!$G$2:$G$1001,$AB13)<1000000,INDEX(입력_기본자료!$G$2:$G$1001,$AB13),IF(AND(INDEX(입력_기본자료!$G$2:$G$1001,$AB13)>=10000101,INT(MOD(INDEX(입력_기본자료!$G$2:$G$1001,$AB13),10000)/100)>=1,INT(MOD(INDEX(입력_기본자료!$G$2:$G$1001,$AB13),10000)/100)<=12,MOD(INDEX(입력_기본자료!$G$2:$G$1001,$AB13),100)>=1,MOD(INDEX(입력_기본자료!$G$2:$G$1001,$AB13),100)<=31),DATE(INT(INDEX(입력_기본자료!$G$2:$G$1001,$AB13)/10000),INT(MOD(INDEX(입력_기본자료!$G$2:$G$1001,$AB13),10000)/100),MOD(INDEX(입력_기본자료!$G$2:$G$1001,$AB13),100)),INDEX(입력_기본자료!$G$2:$G$1001,$AB13)&""))))) | J13: =IF($AB13="","",IF(INDEX(입력_기본자료!$H$2:$H$1001,$AB13)="","",INDEX(입력_기본자료!$H$2:$H$1001,$AB13))) | K13: =IF($AB13="","",IF(INDEX(입력_기본자료!$I$2:$I$1001,$AB13)="","",INDEX(입력_기본자료!$I$2:$I$1001,$AB13))) | L13: =IF($AB13="","",IF(INDEX(입력_기본자료!$A$2:$A$1001,$AB13)="","",INDEX(입력_기본자료!$A$2:$A$1001,$AB13))) | N13: =IF($B13="","",IF(AND($U13="파견중",$Q13<>""),$Q13,IF(AND($AD13<>"",LEFT($AD13,1)<>"⚠"),LEFT($AD13,FIND(" ",$AD13)-1),IF($H13="","",IF(RIGHT($H13,2)="병원",$H13,$H13&"병원"))))) | O13: =IF($B13="","",IF(AND($U13="파견중",$Q13<>""),IF($R13<>"",$R13,"파견과 미입력"),IF(AND($AD13<>"",LEFT($AD13,1)<>"⚠"),MID($AD13,FIND(" ",$AD13)+1,60),IF($F13="","",IF($F13="인턴","수련교육부(인턴)",$F13))))) | P13: =IF($B13="","",IF($AK13<>"",IF(AND(TODAY()>=INDEX(입력_파견수련계획!$AB$4:$AB$803,$AK13),OR(NOT(ISNUMBER(INDEX(입력_파견수련계획!$AC$4:$AC$803,$AK13))),TODAY()<=INDEX(입력_파견수련계획!$AC$4:$AC$803,$AK13))),"다기관",IF($AF13="","",INDEX(입력_파견수련계획!$T$4:$T$803,$AF13))),IF($AF13="","",INDEX(입력_파견수련계획!$T$4:$T$803,$AF13)))) | Q13: =IF($AF13="","",INDEX(입력_파견수련계획!$S$4:$S$803,$AF13)) | R13: =IF($AF13="","",INDEX(입력_파견수련계획!$U$4:$U$803,$AF13)) | S13: =IF($AF13="","",IF(INDEX(입력_파견수련계획!$H$4:$H$803,$AF13)="","",INDEX(입력_파견수련계획!$H$4:$H$803,$AF13))) | T13: =IF($AF13="","",IF(INDEX(입력_파견수련계획!$I$4:$I$803,$AF13)="","",INDEX(입력_파견수련계획!$I$4:$I$803,$AF13))) | U13: =IF($AF13="","",INDEX(입력_파견수련계획!$X$4:$X$803,$AF13)) | V13: =IF($AF13="","",INDEX(입력_파견수련계획!$V$4:$V$803,$AF13)) | W13: =IF(AND($U13="파견중",$T13<>""),$T13-TODAY(),"") | X13: =IF(OR($B13="",TRIM($J13&"")=""),"",SUMPRODUCT((입력_파견수련계획!$Q$4:$Q$803=TRIM($J13&""))*입력_파견수련계획!$W$4:$W$803)) | Y13: =IF($B13="","",IF($AG13="","",IF(IF(TRIM($J13&"")="",0,SUMPRODUCT((입력_파견수련계획!$Q$4:$Q$803=TRIM($J13&""))*입력_파견수련계획!$AD$4:$AD$803))>0,$AE13,IF(AND(N($X13)<=0,$AQ13=""),$AG13,IF($AH13+$AI13=DAY(EOMONTH(출력_요약!$B$3,0)),IF(AND($AH13>=출력_요약!$E$3,$AI13<출력_요약!$E$3),"서울병원",IF(AND($AI13>=출력_요약!$E$3,$AH13<출력_요약!$E$3),"구리병원","⚠15일 판정불가(서울 "&$AH13&"일/구리 "&$AI13&"일)")),IF($AJ13="",$AE13,IF(INDEX(입력_파견수련계획!$T$4:$T$803,$AJ13)="통합수련",INDEX(입력_파견수련계획!$S$4:$S$803,$AJ13),$AE13))))))) | Z13: =IF($B13="","",IF($AB13="","기본자료에 없는 사번",IF(COUNTIF($B$2:$B$401,$B13)>1,"중복 사번",IF($AE13="","소속(입사장소) 입력",IF(IF(TRIM($J13&"")="",0,SUMPRODUCT((입력_파견수련계획!$Q$4:$Q$803=TRIM($J13&""))*(입력_파견수련계획!$AA$4:$AA$803<>"")))>0,"파견수련계획 입력오류 확인",IF(LEFT($Y13,1)="⚠","서울·구리 15일 판정 불가(양쪽 모두 이상/미만)",IF(IF($AC13="",0,N(INDEX(입력_인턴근무계획!$T$3:$T$402,$AC13)))>0,"인턴계획 입력오류 확인",IF(AND($AQ13<>"",$AG13<>"구리병원",IF(TRIM($J13&"")="",0,SUMPRODUCT((입력_파견수련계획!$Q$4:$Q$803=TRIM($J13&""))*(입력_파견수련계획!$S$4:$S$803="구리병원")*입력_파견수련계획!$W$4:$W$803))=0),"구리 근무자명단에만 있음(파견수련계획 확인)",IF(AND($AC13<>"",$U13<>"파견중",$N13<>$AE13),"인턴 타지역 근무: 파견 여부 확인","정상"))))))))) | AB13: =IF($B13="","",IFERROR(MATCH($B13,입력_기본자료!$B$2:$B$1001,0),IFERROR(MATCH($B13&"",입력_기본자료!$B$2:$B$1001,0),IFERROR(MATCH(VALUE($B13),입력_기본자료!$B$2:$B$1001,0),"")))) | AC13: =IF($B13="","",IFERROR(MATCH($B13,입력_인턴근무계획!$D$3:$D$402,0),IFERROR(MATCH($B13&"",입력_인턴근무계획!$D$3:$D$402,0),IFERROR(MATCH(VALUE($B13),입력_인턴근무계획!$D$3:$D$402,0),"")))) | AD13: =IF(OR($AC13="",출력_인턴현황!$G$3=""),"",INDEX(입력_인턴근무계획!$M$3:$R$402,$AC13,출력_인턴현황!$G$3)&"") | AE13: =IF($B13="","",IF($M13<>"",$M13,IF(IF($AQ13="",FALSE,INDEX(출력_구리근무자!$J$6:$J$305,$AQ13)="구리독자"),"구리병원",IF($AF13<>"",IF(LEFT(INDEX(입력_파견수련계획!$R$4:$R$803,$AF13),1)<>"⚠",INDEX(입력_파견수련계획!$R$4:$R$803,$AF13),IF($H13="","",IF(RIGHT($H13,2)="병원",$H13,$H13&"병원"))),IF($H13="","",IF(RIGHT($H13,2)="병원",$H13,$H13&"병원")))))) | AF13: =IF(OR($B13="",TRIM($J13&"")=""),"",IFERROR(MATCH(TRIM($J13&"")&"|파견중",입력_파견수련계획!$Y$4:$Y$803,0),IFERROR(MATCH(TRIM($J13&"")&"|파견예정",입력_파견수련계획!$Y$4:$Y$803,0),IFERROR(MATCH(TRIM($J13&"")&"|파견종료",입력_파견수련계획!$Y$4:$Y$803,0),"")))) | AG13: =IF($B13="","",IF(AND(IF(OR($AC13="",출력_인턴현황!$K$2=""),"",INDEX(입력_인턴근무계획!$M$3:$R$402,$AC13,출력_인턴현황!$K$2)&"")<>"",LEFT(IF(OR($AC13="",출력_인턴현황!$K$2=""),"",INDEX(입력_인턴근무계획!$M$3:$R$402,$AC13,출력_인턴현황!$K$2)&""),1)<>"⚠"),LEFT(IF(OR($AC13="",출력_인턴현황!$K$2=""),"",INDEX(입력_인턴근무계획!$M$3:$R$402,$AC13,출력_인턴현황!$K$2)&""),FIND(" ",IF(OR($AC13="",출력_인턴현황!$K$2=""),"",INDEX(입력_인턴근무계획!$M$3:$R$402,$AC13,출력_인턴현황!$K$2)&""))-1),$AE13)) | AH13: =IF($B13="","",IF($AQ13<>"",MAX(0,DAY(EOMONTH(출력_요약!$B$3,0))-N($AR13)),IF(TRIM($J13&"")="",0,SUMPRODUCT((입력_파견수련계획!$Q$4:$Q$803=TRIM($J13&""))*(입력_파견수련계획!$S$4:$S$803="서울병원")*입력_파견수련계획!$W$4:$W$803))+IF($AG13="서울병원",MAX(0,DAY(EOMONTH(출력_요약!$B$3,0))-N($X13)),0))) | AI13: =IF($B13="","",IF($AQ13<>"",N($AR13),IF(TRIM($J13&"")="",0,SUMPRODUCT((입력_파견수련계획!$Q$4:$Q$803=TRIM($J13&""))*(입력_파견수련계획!$S$4:$S$803="구리병원")*입력_파견수련계획!$W$4:$W$803))+IF($AG13="구리병원",MAX(0,DAY(EOMONTH(출력_요약!$B$3,0))-N($X13)),0))) | AJ13: =IF(OR($B13="",TRIM($J13&"")=""),"",IFERROR(MATCH(TRIM($J13&"")&"|월",입력_파견수련계획!$Z$4:$Z$803,0),"")) | AK13: =IF(OR($B13="",TRIM($J13&"")=""),"",IFERROR(MATCH(TRIM($J13&"")&"|다기관",입력_파견수련계획!$AE$4:$AE$803,0),"")) | AL13: =IF($AK13="","","다기관 "&TEXT(INDEX(입력_파견수련계획!$AB$4:$AB$803,$AK13),"yyyy-mm-dd")&"~"&IF(ISNUMBER(INDEX(입력_파견수련계획!$AC$4:$AC$803,$AK13)),TEXT(INDEX(입력_파견수련계획!$AC$4:$AC$803,$AK13),"yyyy-mm-dd"),"")) | AM13: =IF($Y13="서울병원",COUNTIF($Y$2:$Y13,"서울병원"),"") | AN13: =IF(LEFT($Y13,1)="⚠",COUNTIF($Y$2:$Y13,"⚠*"),"") | AO13: =IF(OR($B13="",$Y13=""),"",IF(IF(TRIM($J13&"")="",0,SUMPRODUCT((입력_파견수련계획!$Q$4:$Q$803=TRIM($J13&""))*입력_파견수련계획!$AD$4:$AD$803))>0,"다기관 기간 → 소속병원 지급",IF(AND(N($X13)<=0,$AQ13=""),"파견 없음 → 그 달 근무병원 지급",IF($AH13+$AI13=DAY(EOMONTH(출력_요약!$B$3,0)),"서울 "&$AH13&"일 / 구리 "&$AI13&"일"&IF($AQ13<>""," (구리 근무자명단 반영)","")&" → 15일 이상 근무 병원 지급","타 병원 포함 → "&IF($AJ13="","소속",INDEX(입력_파견수련계획!$T$4:$T$803,$AJ13))&" 규칙")))) | AP13: =IF($B13="","",$C13&"|"&$F13) | AQ13: =IF($B13="","",IFERROR(MATCH(ROW()-1,출력_구리근무자!$K$6:$K$305,0),"")) | AR13: =IF($AQ13="","",INDEX(출력_구리근무자!$H$6:$H$305,$AQ13))
A14: =IF(B14="","",ROW()-1) | C14: =IF($AB14="","",IF(INDEX(입력_기본자료!$C$2:$C$1001,$AB14)="","",INDEX(입력_기본자료!$C$2:$C$1001,$AB14))) | D14: =IF($AB14="","",IF(INDEX(입력_기본자료!$J$2:$J$1001,$AB14)="","",INDEX(입력_기본자료!$J$2:$J$1001,$AB14))) | E14: =IF($AB14="","",IF(INDEX(입력_기본자료!$K$2:$K$1001,$AB14)="","",IF(NOT(ISNUMBER(INDEX(입력_기본자료!$K$2:$K$1001,$AB14))),INDEX(입력_기본자료!$K$2:$K$1001,$AB14),IF(INDEX(입력_기본자료!$K$2:$K$1001,$AB14)<1000000,INDEX(입력_기본자료!$K$2:$K$1001,$AB14),IF(AND(INDEX(입력_기본자료!$K$2:$K$1001,$AB14)>=10000101,INT(MOD(INDEX(입력_기본자료!$K$2:$K$1001,$AB14),10000)/100)>=1,INT(MOD(INDEX(입력_기본자료!$K$2:$K$1001,$AB14),10000)/100)<=12,MOD(INDEX(입력_기본자료!$K$2:$K$1001,$AB14),100)>=1,MOD(INDEX(입력_기본자료!$K$2:$K$1001,$AB14),100)<=31),DATE(INT(INDEX(입력_기본자료!$K$2:$K$1001,$AB14)/10000),INT(MOD(INDEX(입력_기본자료!$K$2:$K$1001,$AB14),10000)/100),MOD(INDEX(입력_기본자료!$K$2:$K$1001,$AB14),100)),INDEX(입력_기본자료!$K$2:$K$1001,$AB14)&""))))) | F14: =IF($AB14="","",IF(INDEX(입력_기본자료!$D$2:$D$1001,$AB14)="","",INDEX(입력_기본자료!$D$2:$D$1001,$AB14))) | G14: =IF($AB14="","",IF(INDEX(입력_기본자료!$E$2:$E$1001,$AB14)="","",INDEX(입력_기본자료!$E$2:$E$1001,$AB14))) | H14: =IF($AB14="","",IF(INDEX(입력_기본자료!$F$2:$F$1001,$AB14)="","",INDEX(입력_기본자료!$F$2:$F$1001,$AB14))) | I14: =IF($AB14="","",IF(INDEX(입력_기본자료!$G$2:$G$1001,$AB14)="","",IF(NOT(ISNUMBER(INDEX(입력_기본자료!$G$2:$G$1001,$AB14))),INDEX(입력_기본자료!$G$2:$G$1001,$AB14),IF(INDEX(입력_기본자료!$G$2:$G$1001,$AB14)<1000000,INDEX(입력_기본자료!$G$2:$G$1001,$AB14),IF(AND(INDEX(입력_기본자료!$G$2:$G$1001,$AB14)>=10000101,INT(MOD(INDEX(입력_기본자료!$G$2:$G$1001,$AB14),10000)/100)>=1,INT(MOD(INDEX(입력_기본자료!$G$2:$G$1001,$AB14),10000)/100)<=12,MOD(INDEX(입력_기본자료!$G$2:$G$1001,$AB14),100)>=1,MOD(INDEX(입력_기본자료!$G$2:$G$1001,$AB14),100)<=31),DATE(INT(INDEX(입력_기본자료!$G$2:$G$1001,$AB14)/10000),INT(MOD(INDEX(입력_기본자료!$G$2:$G$1001,$AB14),10000)/100),MOD(INDEX(입력_기본자료!$G$2:$G$1001,$AB14),100)),INDEX(입력_기본자료!$G$2:$G$1001,$AB14)&""))))) | J14: =IF($AB14="","",IF(INDEX(입력_기본자료!$H$2:$H$1001,$AB14)="","",INDEX(입력_기본자료!$H$2:$H$1001,$AB14))) | K14: =IF($AB14="","",IF(INDEX(입력_기본자료!$I$2:$I$1001,$AB14)="","",INDEX(입력_기본자료!$I$2:$I$1001,$AB14))) | L14: =IF($AB14="","",IF(INDEX(입력_기본자료!$A$2:$A$1001,$AB14)="","",INDEX(입력_기본자료!$A$2:$A$1001,$AB14))) | N14: =IF($B14="","",IF(AND($U14="파견중",$Q14<>""),$Q14,IF(AND($AD14<>"",LEFT($AD14,1)<>"⚠"),LEFT($AD14,FIND(" ",$AD14)-1),IF($H14="","",IF(RIGHT($H14,2)="병원",$H14,$H14&"병원"))))) | O14: =IF($B14="","",IF(AND($U14="파견중",$Q14<>""),IF($R14<>"",$R14,"파견과 미입력"),IF(AND($AD14<>"",LEFT($AD14,1)<>"⚠"),MID($AD14,FIND(" ",$AD14)+1,60),IF($F14="","",IF($F14="인턴","수련교육부(인턴)",$F14))))) | P14: =IF($B14="","",IF($AK14<>"",IF(AND(TODAY()>=INDEX(입력_파견수련계획!$AB$4:$AB$803,$AK14),OR(NOT(ISNUMBER(INDEX(입력_파견수련계획!$AC$4:$AC$803,$AK14))),TODAY()<=INDEX(입력_파견수련계획!$AC$4:$AC$803,$AK14))),"다기관",IF($AF14="","",INDEX(입력_파견수련계획!$T$4:$T$803,$AF14))),IF($AF14="","",INDEX(입력_파견수련계획!$T$4:$T$803,$AF14)))) | Q14: =IF($AF14="","",INDEX(입력_파견수련계획!$S$4:$S$803,$AF14)) | R14: =IF($AF14="","",INDEX(입력_파견수련계획!$U$4:$U$803,$AF14)) | S14: =IF($AF14="","",IF(INDEX(입력_파견수련계획!$H$4:$H$803,$AF14)="","",INDEX(입력_파견수련계획!$H$4:$H$803,$AF14))) | T14: =IF($AF14="","",IF(INDEX(입력_파견수련계획!$I$4:$I$803,$AF14)="","",INDEX(입력_파견수련계획!$I$4:$I$803,$AF14))) | U14: =IF($AF14="","",INDEX(입력_파견수련계획!$X$4:$X$803,$AF14)) | V14: =IF($AF14="","",INDEX(입력_파견수련계획!$V$4:$V$803,$AF14)) | W14: =IF(AND($U14="파견중",$T14<>""),$T14-TODAY(),"") | X14: =IF(OR($B14="",TRIM($J14&"")=""),"",SUMPRODUCT((입력_파견수련계획!$Q$4:$Q$803=TRIM($J14&""))*입력_파견수련계획!$W$4:$W$803)) | Y14: =IF($B14="","",IF($AG14="","",IF(IF(TRIM($J14&"")="",0,SUMPRODUCT((입력_파견수련계획!$Q$4:$Q$803=TRIM($J14&""))*입력_파견수련계획!$AD$4:$AD$803))>0,$AE14,IF(AND(N($X14)<=0,$AQ14=""),$AG14,IF($AH14+$AI14=DAY(EOMONTH(출력_요약!$B$3,0)),IF(AND($AH14>=출력_요약!$E$3,$AI14<출력_요약!$E$3),"서울병원",IF(AND($AI14>=출력_요약!$E$3,$AH14<출력_요약!$E$3),"구리병원","⚠15일 판정불가(서울 "&$AH14&"일/구리 "&$AI14&"일)")),IF($AJ14="",$AE14,IF(INDEX(입력_파견수련계획!$T$4:$T$803,$AJ14)="통합수련",INDEX(입력_파견수련계획!$S$4:$S$803,$AJ14),$AE14))))))) | Z14: =IF($B14="","",IF($AB14="","기본자료에 없는 사번",IF(COUNTIF($B$2:$B$401,$B14)>1,"중복 사번",IF($AE14="","소속(입사장소) 입력",IF(IF(TRIM($J14&"")="",0,SUMPRODUCT((입력_파견수련계획!$Q$4:$Q$803=TRIM($J14&""))*(입력_파견수련계획!$AA$4:$AA$803<>"")))>0,"파견수련계획 입력오류 확인",IF(LEFT($Y14,1)="⚠","서울·구리 15일 판정 불가(양쪽 모두 이상/미만)",IF(IF($AC14="",0,N(INDEX(입력_인턴근무계획!$T$3:$T$402,$AC14)))>0,"인턴계획 입력오류 확인",IF(AND($AQ14<>"",$AG14<>"구리병원",IF(TRIM($J14&"")="",0,SUMPRODUCT((입력_파견수련계획!$Q$4:$Q$803=TRIM($J14&""))*(입력_파견수련계획!$S$4:$S$803="구리병원")*입력_파견수련계획!$W$4:$W$803))=0),"구리 근무자명단에만 있음(파견수련계획 확인)",IF(AND($AC14<>"",$U14<>"파견중",$N14<>$AE14),"인턴 타지역 근무: 파견 여부 확인","정상"))))))))) | AB14: =IF($B14="","",IFERROR(MATCH($B14,입력_기본자료!$B$2:$B$1001,0),IFERROR(MATCH($B14&"",입력_기본자료!$B$2:$B$1001,0),IFERROR(MATCH(VALUE($B14),입력_기본자료!$B$2:$B$1001,0),"")))) | AC14: =IF($B14="","",IFERROR(MATCH($B14,입력_인턴근무계획!$D$3:$D$402,0),IFERROR(MATCH($B14&"",입력_인턴근무계획!$D$3:$D$402,0),IFERROR(MATCH(VALUE($B14),입력_인턴근무계획!$D$3:$D$402,0),"")))) | AD14: =IF(OR($AC14="",출력_인턴현황!$G$3=""),"",INDEX(입력_인턴근무계획!$M$3:$R$402,$AC14,출력_인턴현황!$G$3)&"") | AE14: =IF($B14="","",IF($M14<>"",$M14,IF(IF($AQ14="",FALSE,INDEX(출력_구리근무자!$J$6:$J$305,$AQ14)="구리독자"),"구리병원",IF($AF14<>"",IF(LEFT(INDEX(입력_파견수련계획!$R$4:$R$803,$AF14),1)<>"⚠",INDEX(입력_파견수련계획!$R$4:$R$803,$AF14),IF($H14="","",IF(RIGHT($H14,2)="병원",$H14,$H14&"병원"))),IF($H14="","",IF(RIGHT($H14,2)="병원",$H14,$H14&"병원")))))) | AF14: =IF(OR($B14="",TRIM($J14&"")=""),"",IFERROR(MATCH(TRIM($J14&"")&"|파견중",입력_파견수련계획!$Y$4:$Y$803,0),IFERROR(MATCH(TRIM($J14&"")&"|파견예정",입력_파견수련계획!$Y$4:$Y$803,0),IFERROR(MATCH(TRIM($J14&"")&"|파견종료",입력_파견수련계획!$Y$4:$Y$803,0),"")))) | AG14: =IF($B14="","",IF(AND(IF(OR($AC14="",출력_인턴현황!$K$2=""),"",INDEX(입력_인턴근무계획!$M$3:$R$402,$AC14,출력_인턴현황!$K$2)&"")<>"",LEFT(IF(OR($AC14="",출력_인턴현황!$K$2=""),"",INDEX(입력_인턴근무계획!$M$3:$R$402,$AC14,출력_인턴현황!$K$2)&""),1)<>"⚠"),LEFT(IF(OR($AC14="",출력_인턴현황!$K$2=""),"",INDEX(입력_인턴근무계획!$M$3:$R$402,$AC14,출력_인턴현황!$K$2)&""),FIND(" ",IF(OR($AC14="",출력_인턴현황!$K$2=""),"",INDEX(입력_인턴근무계획!$M$3:$R$402,$AC14,출력_인턴현황!$K$2)&""))-1),$AE14)) | AH14: =IF($B14="","",IF($AQ14<>"",MAX(0,DAY(EOMONTH(출력_요약!$B$3,0))-N($AR14)),IF(TRIM($J14&"")="",0,SUMPRODUCT((입력_파견수련계획!$Q$4:$Q$803=TRIM($J14&""))*(입력_파견수련계획!$S$4:$S$803="서울병원")*입력_파견수련계획!$W$4:$W$803))+IF($AG14="서울병원",MAX(0,DAY(EOMONTH(출력_요약!$B$3,0))-N($X14)),0))) | AI14: =IF($B14="","",IF($AQ14<>"",N($AR14),IF(TRIM($J14&"")="",0,SUMPRODUCT((입력_파견수련계획!$Q$4:$Q$803=TRIM($J14&""))*(입력_파견수련계획!$S$4:$S$803="구리병원")*입력_파견수련계획!$W$4:$W$803))+IF($AG14="구리병원",MAX(0,DAY(EOMONTH(출력_요약!$B$3,0))-N($X14)),0))) | AJ14: =IF(OR($B14="",TRIM($J14&"")=""),"",IFERROR(MATCH(TRIM($J14&"")&"|월",입력_파견수련계획!$Z$4:$Z$803,0),"")) | AK14: =IF(OR($B14="",TRIM($J14&"")=""),"",IFERROR(MATCH(TRIM($J14&"")&"|다기관",입력_파견수련계획!$AE$4:$AE$803,0),"")) | AL14: =IF($AK14="","","다기관 "&TEXT(INDEX(입력_파견수련계획!$AB$4:$AB$803,$AK14),"yyyy-mm-dd")&"~"&IF(ISNUMBER(INDEX(입력_파견수련계획!$AC$4:$AC$803,$AK14)),TEXT(INDEX(입력_파견수련계획!$AC$4:$AC$803,$AK14),"yyyy-mm-dd"),"")) | AM14: =IF($Y14="서울병원",COUNTIF($Y$2:$Y14,"서울병원"),"") | AN14: =IF(LEFT($Y14,1)="⚠",COUNTIF($Y$2:$Y14,"⚠*"),"") | AO14: =IF(OR($B14="",$Y14=""),"",IF(IF(TRIM($J14&"")="",0,SUMPRODUCT((입력_파견수련계획!$Q$4:$Q$803=TRIM($J14&""))*입력_파견수련계획!$AD$4:$AD$803))>0,"다기관 기간 → 소속병원 지급",IF(AND(N($X14)<=0,$AQ14=""),"파견 없음 → 그 달 근무병원 지급",IF($AH14+$AI14=DAY(EOMONTH(출력_요약!$B$3,0)),"서울 "&$AH14&"일 / 구리 "&$AI14&"일"&IF($AQ14<>""," (구리 근무자명단 반영)","")&" → 15일 이상 근무 병원 지급","타 병원 포함 → "&IF($AJ14="","소속",INDEX(입력_파견수련계획!$T$4:$T$803,$AJ14))&" 규칙")))) | AP14: =IF($B14="","",$C14&"|"&$F14) | AQ14: =IF($B14="","",IFERROR(MATCH(ROW()-1,출력_구리근무자!$K$6:$K$305,0),"")) | AR14: =IF($AQ14="","",INDEX(출력_구리근무자!$H$6:$H$305,$AQ14))
