Workbook
Name 급여기준월: '설정_코드표'!$P$9
Name 판정기준일: '설정_코드표'!$P$10
Name 기준월키: TEXT(급여기준월,"yyyy-mm")
Name 전월키: TEXT(EDATE(급여기준월,-1),"yyyy-mm")
Name 익월키: TEXT(EDATE(급여기준월,1),"yyyy-mm")
Name 병원목록: 병원표[병원]
Name 진료과목록: 진료과표[근무과]
Name 병원표기목록: 병원약칭표[표기]
Name 과약칭목록: 과약칭표[약칭]
Name 구리_키: '출력_구리근무자'!$K$6:$K$20005
Name 구리_이름: '출력_구리근무자'!$D$6:$D$20005
Name 구리_근무일: '출력_구리근무자'!$H$6:$H$20005
Name 구리_독자: '출력_구리근무자'!$J$6:$J$20005
Name 구리_시작: '출력_구리근무자'!$F$6:$F$20005
Name 구리_종료: '출력_구리근무자'!$G$6:$G$20005
Name 인턴위치_이번: '출력_인턴현황'!$G$3
Name 인턴위치_다음: '출력_인턴현황'!$I$3
Name 인턴위치_기준월: '출력_인턴현황'!$K$2
Name 인턴위치_전월: '출력_인턴현황'!$M$2
Name 인턴위치_익월: '출력_인턴현황'!$N$2

Sheet 사용안내
A1: 전공의·인턴 파견 모니터링 사용 안내 (Microsoft 365 · Excel 2021용, 인원 제한 없음)
A3: [시트 구분] — 탭 색: 파랑=입력, 초록=출력(자동, 입력 금지), 회색=설정
A4: • 입력_기본자료 / 입력_인턴근무계획 / 입력_전공의명단: 엑셀 '표'. 표 바로 아래(또는 첫 자료 행)에 붙여넣으면 표가 자동으로 늘어나고 초록 머리글 계산 열도 자동으로 채워집니다.
A5: • 입력_구리근무자명단: 구리병원 파일의 시트를 A1에 양식 그대로 붙여넣는 시트(병합 셀이 있어 표가 아님). 2만 행·ZZ열까지 읽습니다.
A6: • 출력_서울급여 / 출력_구리근무자 / 출력_요약 / 출력_인턴현황: 대상 수만큼 자동으로 펼쳐지는 목록(동적 배열). 셀을 지우거나 아래에 입력하지 마세요(#SPILL! 오류).
A7: • 설정_코드표: 병원·진료과·인턴구분·약칭 목록(표)과 설정값(급여 기준월·15일 기준).
A8: • 입력_월별근무지: 전월·익월(또는 어느 달이든) 근무병원을 사람별로 직접 입력하는 표. 자동 판정보다 우선합니다.
A9: • 출력_기관명단: 전월·급여 기준월·익월 3개월의 전원 기관(근무병원·급여지급병원) — 시간외근무 판정 파일의 입력_기관명단에 값으로 붙여넣는 용도
A11: [붙여넣는 방법]
A12: • 기본자료: A2부터 (머리글 순서: 현재근무 여부·사번·이름·수련과목·연차·근무지·수련개시일·전공의등록번호·의사면허번호·성별·생년월일·비고). 날짜는 20260301 형식도 됩니다.
A13: • 인턴근무계획: B3부터 자료 행(순번·이름·사번·월 6칸·비고). 학기가 바뀌면 2행의 월 머리글(9월~2월 등)도 바꿔 적으세요. 비고 2026.03 = 2026-03-01 입사.
A14: • 구리 근무자명단: 구리병원 파일의 시트를 A1에 양식 그대로(1~2행 제목, 3행 머리글, 4행부터 자료). 날짜는 'YYYY.MM.DD' 글자도 됩니다.
... A39: • 개인정보(생년월일·면허번호 등)가 포함되므로 파일 암호 설정과 접근 권한 관리를 권장합니다.

Sheet 입력_기본자료
A1: 현재근무 여부 | B1: 사번 | C1: 이름 | D1: 수련과목 | E1: 연차 | F1: 근무지 | G1: 수련개시일 | H1: 전공의등록번호 | I1: 의사면허번호 | J1: 성별 | K1: 생년월일 | L1: 비고 | M1: 사번키
A2: 재직 | B2: 2261212 | C2: 김ㅇㅇ | D2: 가정의학과 | E2: 레지던트1 | F2: 서울 | G2: 20260301 | H2: 11-1111 | I2: 111111 | J2: 여 | K2: 19999999 | M2: =IF(TRIM(기본자료표[[#This Row],[사번]]&"")="","","S|"&TRIM(기본자료표[[#This Row],[사번]]&""))
A3: 재직 | B3: 2261213 | C3: 이ㅇㅇ | D3: 내과 | E3: 레지던트2 | F3: 서울 | G3: 20250301 | H3: 11-1112 | I3: 111112 | J3: 남 | K3: 19950702 | M3: =IF(TRIM(기본자료표[[#This Row],[사번]]&"")="","","S|"&TRIM(기본자료표[[#This Row],[사번]]&""))
A4: 재직 | B4: 2261214 | C4: 박ㅇㅇ | D4: 내과 | E4: 레지던트3 | F4: 서울 | G4: 20240301 | H4: 21-1111 | I4: 111113 | J4: 여 | K4: 19970125 | M4: =IF(TRIM(기본자료표[[#This Row],[사번]]&"")="","","S|"&TRIM(기본자료표[[#This Row],[사번]]&""))
A5: 재직 | B5: 2261215 | C5: 최ㅇㅇ | D5: 산부인과 | E5: 레지던트3 | F5: 서울 | G5: 20240301 | H5: 11-1114 | I5: 111114 | J5: 남 | K5: 19961109 | M5: =IF(TRIM(기본자료표[[#This Row],[사번]]&"")="","","S|"&TRIM(기본자료표[[#This Row],[사번]]&""))
A6: 재직 | B6: 2261216 | C6: 정ㅇㅇ | D6: 마취통증의학과 | E6: 레지던트2 | F6: 구리 | G6: 20250301 | H6: 11-1115 | I6: 111115 | J6: 여 | K6: 19980530 | M6: =IF(TRIM(기본자료표[[#This Row],[사번]]&"")="","","S|"&TRIM(기본자료표[[#This Row],[사번]]&""))
A7: 재직 | B7: 222222 | C7: 김ㅇㅇ | D7: 인턴 | E7: 인턴 | F7: 서울 | G7: 20260301 | H7: 22-2222 | I7: 222222 | J7: 여 | K7: 19990101 | M7: =IF(TRIM(기본자료표[[#This Row],[사번]]&"")="","","S|"&TRIM(기본자료표[[#This Row],[사번]]&""))
A8: 재직 | B8: 222223 | C8: 이ㅇㅇ | D8: 인턴 | E8: 인턴 | F8: 서울 | G8: 20260301 | H8: 22-2223 | I8: 222223 | J8: 남 | K8: 19990202 | M8: =IF(TRIM(기본자료표[[#This Row],[사번]]&"")="","","S|"&TRIM(기본자료표[[#This Row],[사번]]&""))
A9: 재직 | B9: 222224 | C9: 박ㅇㅇ | D9: 인턴 | E9: 인턴 | F9: 구리 | G9: 20260301 | H9: 22-2224 | I9: 222224 | J9: 남 | K9: 19990303 | M9: =IF(TRIM(기본자료표[[#This Row],[사번]]&"")="","","S|"&TRIM(기본자료표[[#This Row],[사번]]&""))

Sheet 입력_인턴근무계획
B1: 2026년도 하반기 인턴근무계획표(9~2월)
B2: 순번 | C2: 이름 | D2: 사번 | E2: 9월 | F2: 10월 | G2: 11월 | H2: 12월 | I2: 1월 | J2: 2월 | K2: 비고 | L2: 사번키 | M2: 정규화1 | N2: 정규화2 | O2: 정규화3 | P2: 정규화4 | Q2: 정규화5 | R2: 정규화6 | S2: 입사일(비고) | T2: 입력오류
B3: 1 | C3: 김ㅇㅇ | D3: 222222 | E3: 구리 안과 | F3: 구리 내과 | G3: 서울 핵방 | H3: 서울 재활의학과 | I3: 제주 산부 | J3: 서울 소아과 | K3: 2026.03 | L3: =IF(TRIM(인턴계획표[[#This Row],[사번]]&"")="","","S|"&TRIM(인턴계획표[[#This Row],[사번]]&"")) | M3: =_xlfn.LET(_xlpm.v_r,TRIM(INDEX(인턴계획표[#This Row],1,4)&""),_xlpm.v_t1,IFERROR(LEFT(_xlpm.v_r,FIND(" ",_xlpm.v_r)-1),""),_xlpm.v_t2,TRIM(RIGHT(SUBSTITUTE(_xlpm.v_r," ",REPT(" ",60)),60)),_xlpm.v_h,_xlfn.XLOOKUP(_xlpm.v_t1,병원약칭표[표기],병원약칭표[정식 병원],""),_xlpm.v_d,_xlfn.XLOOKUP(_xlpm.v_t2,과약칭표[약칭],과약칭표[정식 명칭],""),IF(_xlpm.v_r="","",IF(OR(_xlpm.v_t1="",_xlpm.v_h="",_xlpm.v_d=""),"⚠"&_xlpm.v_r,_xlpm.v_h&" "&_xlpm.v_d))) | N3: =_xlfn.LET(_xlpm.v_r,TRIM(INDEX(인턴계획표[#This Row],1,5)&""),_xlpm.v_t1,IFERROR(LEFT(_xlpm.v_r,FIND(" ",_xlpm.v_r)-1),""),_xlpm.v_t2,TRIM(RIGHT(SUBSTITUTE(_xlpm.v_r," ",REPT(" ",60)),60)),_xlpm.v_h,_xlfn.XLOOKUP(_xlpm.v_t1,병원약칭표[표기],병원약칭표[정식 병원],""),_xlpm.v_d,_xlfn.XLOOKUP(_xlpm.v_t2,과약칭표[약칭],과약칭표[정식 명칭],""),IF(_xlpm.v_r="","",IF(OR(_xlpm.v_t1="",_xlpm.v_h="",_xlpm.v_d=""),"⚠"&_xlpm.v_r,_xlpm.v_h&" "&_xlpm.v_d))) | O3: =_xlfn.LET(_xlpm.v_r,TRIM(INDEX(인턴계획표[#This Row],1,6)&""),_xlpm.v_t1,IFERROR(LEFT(_xlpm.v_r,FIND(" ",_xlpm.v_r)-1),""),_xlpm.v_t2,TRIM(RIGHT(SUBSTITUTE(_xlpm.v_r," ",REPT(" ",60)),60)),_xlpm.v_h,_xlfn.XLOOKUP(_xlpm.v_t1,병원약칭표[표기],병원약칭표[정식 병원],""),_xlpm.v_d,_xlfn.XLOOKUP(_xlpm.v_t2,과약칭표[약칭],과약칭표[정식 명칭],""),IF(_xlpm.v_r="","",IF(OR(_xlpm.v_t1="",_xlpm.v_h="",_xlpm.v_d=""),"⚠"&_xlpm.v_r,_xlpm.v_h&" "&_xlpm.v_d))) | P3: =_xlfn.LET(_xlpm.v_r,TRIM(INDEX(인턴계획표[#This Row],1,7)&""),_xlpm.v_t1,IFERROR(LEFT(_xlpm.v_r,FIND(" ",_xlpm.v_r)-1),""),_xlpm.v_t2,TRIM(RIGHT(SUBSTITUTE(_xlpm.v_r," ",REPT(" ",60)),60)),_xlpm.v_h,_xlfn.XLOOKUP(_xlpm.v_t1,병원약칭표[표기],병원약칭표[정식 병원],""),_xlpm.v_d,_xlfn.XLOOKUP(_xlpm.v_t2,과약칭표[약칭],과약칭표[정식 명칭],""),IF(_xlpm.v_r="","",IF(OR(_xlpm.v_t1="",_xlpm.v_h="",_xlpm.v_d=""),"⚠"&_xlpm.v_r,_xlpm.v_h&" "&_xlpm.v_d))) | Q3: =_xlfn.LET(_xlpm.v_r,TRIM(INDEX(인턴계획표[#This Row],1,8)&""),_xlpm.v_t1,IFERROR(LEFT(_xlpm.v_r,FIND(" ",_xlpm.v_r)-1),""),_xlpm.v_t2,TRIM(RIGHT(SUBSTITUTE(_xlpm.v_r," ",REPT(" ",60)),60)),_xlpm.v_h,_xlfn.XLOOKUP(_xlpm.v_t1,병원약칭표[표기],병원약칭표[정식 병원],""),_xlpm.v_d,_xlfn.XLOOKUP(_xlpm.v_t2,과약칭표[약칭],과약칭표[정식 명칭],""),IF(_xlpm.v_r="","",IF(OR(_xlpm.v_t1="",_xlpm.v_h="",_xlpm.v_d=""),"⚠"&_xlpm.v_r,_xlpm.v_h&" "&_xlpm.v_d))) | R3: =_xlfn.LET(_xlpm.v_r,TRIM(INDEX(인턴계획표[#This Row],1,9)&""),_xlpm.v_t1,IFERROR(LEFT(_xlpm.v_r,FIND(" ",_xlpm.v_r)-1),""),_xlpm.v_t2,TRIM(RIGHT(SUBSTITUTE(_xlpm.v_r," ",REPT(" ",60)),60)),_xlpm.v_h,_xlfn.XLOOKUP(_xlpm.v_t1,병원약칭표[표기],병원약칭표[정식 병원],""),_xlpm.v_d,_xlfn.XLOOKUP(_xlpm.v_t2,과약칭표[약칭],과약칭표[정식 명칭],""),IF(_xlpm.v_r="","",IF(OR(_xlpm.v_t1="",_xlpm.v_h="",_xlpm.v_d=""),"⚠"&_xlpm.v_r,_xlpm.v_h&" "&_xlpm.v_d))) | S3: =_xlfn.LET(_xlpm.v_k,INDEX(인턴계획표[#This Row],1,10)&"",_xlpm.v_v,IFERROR(VALUE(_xlpm.v_k),""),_xlpm.v_m,IFERROR(ROUND((_xlpm.v_v-INT(_xlpm.v_v))*100,0),0),IF(_xlpm.v_k="","",IF(AND(ISNUMBER(_xlpm.v_v),_xlpm.v_m>=1,_xlpm.v_m<=12,IFERROR(INT(_xlpm.v_v),0)>=1900),DATE(INT(_xlpm.v_v),_xlpm.v_m,1),_xlpm.v_k))) | T3: =COUNTIF(인턴계획표[[#This Row],[정규화1]:[정규화6]],"⚠*")
B4: 2 | C4: 이ㅇㅇ | D4: 222223 | E4: 서울 내과 | F4: 서울 외과 | G4: 구리 통합 | H4: 인천 산부인과 | I4: 제주 에스중앙 내과 | J4: 서울 가정의학과 | K4: 2026.03 | L4: =IF(TRIM(인턴계획표[[#This Row],[사번]]&"")="","","S|"&TRIM(인턴계획표[[#This Row],[사번]]&"")) | M4: =_xlfn.LET(_xlpm.v_r,TRIM(INDEX(인턴계획표[#This Row],1,4)&""),_xlpm.v_t1,IFERROR(LEFT(_xlpm.v_r,FIND(" ",_xlpm.v_r)-1),""),_xlpm.v_t2,TRIM(RIGHT(SUBSTITUTE(_xlpm.v_r," ",REPT(" ",60)),60)),_xlpm.v_h,_xlfn.XLOOKUP(_xlpm.v_t1,병원약칭표[표기],병원약칭표[정식 병원],""),_xlpm.v_d,_xlfn.XLOOKUP(_xlpm.v_t2,과약칭표[약칭],과약칭표[정식 명칭],""),IF(_xlpm.v_r="","",IF(OR(_xlpm.v_t1="",_xlpm.v_h="",_xlpm.v_d=""),"⚠"&_xlpm.v_r,_xlpm.v_h&" "&_xlpm.v_d))) | N4: =_xlfn.LET(_xlpm.v_r,TRIM(INDEX(인턴계획표[#This Row],1,5)&""),_xlpm.v_t1,IFERROR(LEFT(_xlpm.v_r,FIND(" ",_xlpm.v_r)-1),""),_xlpm.v_t2,TRIM(RIGHT(SUBSTITUTE(_xlpm.v_r," ",REPT(" ",60)),60)),_xlpm.v_h,_xlfn.XLOOKUP(_xlpm.v_t1,병원약칭표[표기],병원약칭표[정식 병원],""),_xlpm.v_d,_xlfn.XLOOKUP(_xlpm.v_t2,과약칭표[약칭],과약칭표[정식 명칭],""),IF(_xlpm.v_r="","",IF(OR(_xlpm.v_t1="",_xlpm.v_h="",_xlpm.v_d=""),"⚠"&_xlpm.v_r,_xlpm.v_h&" "&_xlpm.v_d))) | O4: =_xlfn.LET(_xlpm.v_r,TRIM(INDEX(인턴계획표[#This Row],1,6)&""),_xlpm.v_t1,IFERROR(LEFT(_xlpm.v_r,FIND(" ",_xlpm.v_r)-1),""),_xlpm.v_t2,TRIM(RIGHT(SUBSTITUTE(_xlpm.v_r," ",REPT(" ",60)),60)),_xlpm.v_h,_xlfn.XLOOKUP(_xlpm.v_t1,병원약칭표[표기],병원약칭표[정식 병원],""),_xlpm.v_d,_xlfn.XLOOKUP(_xlpm.v_t2,과약칭표[약칭],과약칭표[정식 명칭],""),IF(_xlpm.v_r="","",IF(OR(_xlpm.v_t1="",_xlpm.v_h="",_xlpm.v_d=""),"⚠"&_xlpm.v_r,_xlpm.v_h&" "&_xlpm.v_d))) | P4: =_xlfn.LET(_xlpm.v_r,TRIM(INDEX(인턴계획표[#This Row],1,7)&""),_xlpm.v_t1,IFERROR(LEFT(_xlpm.v_r,FIND(" ",_xlpm.v_r)-1),""),_xlpm.v_t2,TRIM(RIGHT(SUBSTITUTE(_xlpm.v_r," ",REPT(" ",60)),60)),_xlpm.v_h,_xlfn.XLOOKUP(_xlpm.v_t1,병원약칭표[표기],병원약칭표[정식 병원],""),_xlpm.v_d,_xlfn.XLOOKUP(_xlpm.v_t2,과약칭표[약칭],과약칭표[정식 명칭],""),IF(_xlpm.v_r="","",IF(OR(_xlpm.v_t1="",_xlpm.v_h="",_xlpm.v_d=""),"⚠"&_xlpm.v_r,_xlpm.v_h&" "&_xlpm.v_d))) | Q4: =_xlfn.LET(_xlpm.v_r,TRIM(INDEX(인턴계획표[#This Row],1,8)&""),_xlpm.v_t1,IFERROR(LEFT(_xlpm.v_r,FIND(" ",_xlpm.v_r)-1),""),_xlpm.v_t2,TRIM(RIGHT(SUBSTITUTE(_xlpm.v_r," ",REPT(" ",60)),60)),_xlpm.v_h,_xlfn.XLOOKUP(_xlpm.v_t1,병원약칭표[표기],병원약칭표[정식 병원],""),_xlpm.v_d,_xlfn.XLOOKUP(_xlpm.v_t2,과약칭표[약칭],과약칭표[정식 명칭],""),IF(_xlpm.v_r="","",IF(OR(_xlpm.v_t1="",_xlpm.v_h="",_xlpm.v_d=""),"⚠"&_xlpm.v_r,_xlpm.v_h&" "&_xlpm.v_d))) | R4: =_xlfn.LET(_xlpm.v_r,TRIM(INDEX(인턴계획표[#This Row],1,9)&""),_xlpm.v_t1,IFERROR(LEFT(_xlpm.v_r,FIND(" ",_xlpm.v_r)-1),""),_xlpm.v_t2,TRIM(RIGHT(SUBSTITUTE(_xlpm.v_r," ",REPT(" ",60)),60)),_xlpm.v_h,_xlfn.XLOOKUP(_xlpm.v_t1,병원약칭표[표기],병원약칭표[정식 병원],""),_xlpm.v_d,_xlfn.XLOOKUP(_xlpm.v_t2,과약칭표[약칭],과약칭표[정식 명칭],""),IF(_xlpm.v_r="","",IF(OR(_xlpm.v_t1="",_xlpm.v_h="",_xlpm.v_d=""),"⚠"&_xlpm.v_r,_xlpm.v_h&" "&_xlpm.v_d))) | S4: =_xlfn.LET(_xlpm.v_k,INDEX(인턴계획표[#This Row],1,10)&"",_xlpm.v_v,IFERROR(VALUE(_xlpm.v_k),""),_xlpm.v_m,IFERROR(ROUND((_xlpm.v_v-INT(_xlpm.v_v))*100,0),0),IF(_xlpm.v_k="","",IF(AND(ISNUMBER(_xlpm.v_v),_xlpm.v_m>=1,_xlpm.v_m<=12,IFERROR(INT(_xlpm.v_v),0)>=1900),DATE(INT(_xlpm.v_v),_xlpm.v_m,1),_xlpm.v_k))) | T4: =COUNTIF(인턴계획표[[#This Row],[정규화1]:[정규화6]],"⚠*")
B5: 3 | C5: 박ㅇㅇ | D5: 222224 | E5: 제주 외과 | F5: 서울 내과 | G5: 서울 응급 | H5: 구리 직피 | I5: 서울 정영 | J5: 제주 산부 | K5: 2026.03 | L5: =IF(TRIM(인턴계획표[[#This Row],[사번]]&"")="","","S|"&TRIM(인턴계획표[[#This Row],[사번]]&"")) | M5: =_xlfn.LET(_xlpm.v_r,TRIM(INDEX(인턴계획표[#This Row],1,4)&""),_xlpm.v_t1,IFERROR(LEFT(_xlpm.v_r,FIND(" ",_xlpm.v_r)-1),""),_xlpm.v_t2,TRIM(RIGHT(SUBSTITUTE(_xlpm.v_r," ",REPT(" ",60)),60)),_xlpm.v_h,_xlfn.XLOOKUP(_xlpm.v_t1,병원약칭표[표기],병원약칭표[정식 병원],""),_xlpm.v_d,_xlfn.XLOOKUP(_xlpm.v_t2,과약칭표[약칭],과약칭표[정식 명칭],""),IF(_xlpm.v_r="","",IF(OR(_xlpm.v_t1="",_xlpm.v_h="",_xlpm.v_d=""),"⚠"&_xlpm.v_r,_xlpm.v_h&" "&_xlpm.v_d))) | N5: =_xlfn.LET(_xlpm.v_r,TRIM(INDEX(인턴계획표[#This Row],1,5)&""),_xlpm.v_t1,IFERROR(LEFT(_xlpm.v_r,FIND(" ",_xlpm.v_r)-1),""),_xlpm.v_t2,TRIM(RIGHT(SUBSTITUTE(_xlpm.v_r," ",REPT(" ",60)),60)),_xlpm.v_h,_xlfn.XLOOKUP(_xlpm.v_t1,병원약칭표[표기],병원약칭표[정식 병원],""),_xlpm.v_d,_xlfn.XLOOKUP(_xlpm.v_t2,과약칭표[약칭],과약칭표[정식 명칭],""),IF(_xlpm.v_r="","",IF(OR(_xlpm.v_t1="",_xlpm.v_h="",_xlpm.v_d=""),"⚠"&_xlpm.v_r,_xlpm.v_h&" "&_xlpm.v_d))) | O5: =_xlfn.LET(_xlpm.v_r,TRIM(INDEX(인턴계획표[#This Row],1,6)&""),_xlpm.v_t1,IFERROR(LEFT(_xlpm.v_r,FIND(" ",_xlpm.v_r)-1),""),_xlpm.v_t2,TRIM(RIGHT(SUBSTITUTE(_xlpm.v_r," ",REPT(" ",60)),60)),_xlpm.v_h,_xlfn.XLOOKUP(_xlpm.v_t1,병원약칭표[표기],병원약칭표[정식 병원],""),_xlpm.v_d,_xlfn.XLOOKUP(_xlpm.v_t2,과약칭표[약칭],과약칭표[정식 명칭],""),IF(_xlpm.v_r="","",IF(OR(_xlpm.v_t1="",_xlpm.v_h="",_xlpm.v_d=""),"⚠"&_xlpm.v_r,_xlpm.v_h&" "&_xlpm.v_d))) | P5: =_xlfn.LET(_xlpm.v_r,TRIM(INDEX(인턴계획표[#This Row],1,7)&""),_xlpm.v_t1,IFERROR(LEFT(_xlpm.v_r,FIND(" ",_xlpm.v_r)-1),""),_xlpm.v_t2,TRIM(RIGHT(SUBSTITUTE(_xlpm.v_r," ",REPT(" ",60)),60)),_xlpm.v_h,_xlfn.XLOOKUP(_xlpm.v_t1,병원약칭표[표기],병원약칭표[정식 병원],""),_xlpm.v_d,_xlfn.XLOOKUP(_xlpm.v_t2,과약칭표[약칭],과약칭표[정식 명칭],""),IF(_xlpm.v_r="","",IF(OR(_xlpm.v_t1="",_xlpm.v_h="",_xlpm.v_d=""),"⚠"&_xlpm.v_r,_xlpm.v_h&" "&_xlpm.v_d))) | Q5: =_xlfn.LET(_xlpm.v_r,TRIM(INDEX(인턴계획표[#This Row],1,8)&""),_xlpm.v_t1,IFERROR(LEFT(_xlpm.v_r,FIND(" ",_xlpm.v_r)-1),""),_xlpm.v_t2,TRIM(RIGHT(SUBSTITUTE(_xlpm.v_r," ",REPT(" ",60)),60)),_xlpm.v_h,_xlfn.XLOOKUP(_xlpm.v_t1,병원약칭표[표기],병원약칭표[정식 병원],""),_xlpm.v_d,_xlfn.XLOOKUP(_xlpm.v_t2,과약칭표[약칭],과약칭표[정식 명칭],""),IF(_xlpm.v_r="","",IF(OR(_xlpm.v_t1="",_xlpm.v_h="",_xlpm.v_d=""),"⚠"&_xlpm.v_r,_xlpm.v_h&" "&_xlpm.v_d))) | R5: =_xlfn.LET(_xlpm.v_r,TRIM(INDEX(인턴계획표[#This Row],1,9)&""),_xlpm.v_t1,IFERROR(LEFT(_xlpm.v_r,FIND(" ",_xlpm.v_r)-1),""),_xlpm.v_t2,TRIM(RIGHT(SUBSTITUTE(_xlpm.v_r," ",REPT(" ",60)),60)),_xlpm.v_h,_xlfn.XLOOKUP(_xlpm.v_t1,병원약칭표[표기],병원약칭표[정식 병원],""),_xlpm.v_d,_xlfn.XLOOKUP(_xlpm.v_t2,과약칭표[약칭],과약칭표[정식 명칭],""),IF(_xlpm.v_r="","",IF(OR(_xlpm.v_t1="",_xlpm.v_h="",_xlpm.v_d=""),"⚠"&_xlpm.v_r,_xlpm.v_h&" "&_xlpm.v_d))) | S5: =_xlfn.LET(_xlpm.v_k,INDEX(인턴계획표[#This Row],1,10)&"",_xlpm.v_v,IFERROR(VALUE(_xlpm.v_k),""),_xlpm.v_m,IFERROR(ROUND((_xlpm.v_v-INT(_xlpm.v_v))*100,0),0),IF(_xlpm.v_k="","",IF(AND(ISNUMBER(_xlpm.v_v),_xlpm.v_m>=1,_xlpm.v_m<=12,IFERROR(INT(_xlpm.v_v),0)>=1900),DATE(INT(_xlpm.v_v),_xlpm.v_m,1),_xlpm.v_k))) | T5: =COUNTIF(인턴계획표[[#This Row],[정규화1]:[정규화6]],"⚠*")

Sheet 입력_구리근무자명단
A1: 전공의(모.자 파견) 근무자 명단
A2: 2026년도
A3: 소속 | B3: 년차 | C3: 2026년9월 근무예정자 | D3: 9월 근무자 | E3: 근무 시작일자 (시작일자 작성) | F3: 근무 종료일자 (종료일자 작성) | G3: 9월 휴가 스케줄 (휴가일 작성) | H3: 비고 | I3: 2026년10월 근무예정자 | J3: 10월 근무자 | K3: 근무 시작일자 (시작일자 작성) | L3: 근무 종료일자 (종료일자 작성) | M3: 10월 휴가 스케줄 (휴가일 작성) | N3: 비고 | O3: 2026년11월 근무예정자 | P3: 11월 근무자 | Q3: 근무 시작일자 (시작일자 작성) | R3: 근무 종료일자 (종료일자 작성) | S3: 11월 휴가 스케줄 (휴가일 작성) | T3: 비고 | U3: 2026년12월 근무예정자 | V3: 12월 근무자 | W3: 근무 시작일자 (시작일자 작성) | X3: 근무 종료일자 (종료일자 작성) | Y3: 12월 휴가 스케줄 (휴가일 작성) | Z3: 비고 | AA3: 2027년1월 근무예정자 | AB3: 1월 근무자 | AC3: 근무 시작일자 (시작일자 작성) | AD3: 근무 종료일자 (종료일자 작성) | AE3: 1월 휴가 스케줄 (휴가일 작성) | AF3: 비고 | AG3: 2027년2월 근무예정자 | AH3: 2월 근무자 | AI3: 근무 시작일자 (시작일자 작성) | AJ3: 근무 종료일자 (종료일자 작성) | AK3: 2월 휴가 스케줄 (휴가일 작성) | AL3: 비고 | AM3: 2027년3월 근무예정자 | AN3: 3월 근무자 | AO3: 근무 시작일자 (시작일자 작성) | AP3: 근무 종료일자 (종료일자 작성) | AQ3: 3월 휴가 스케줄 (휴가일 작성) | AR3: 비고 | AS3: 2027년4월 근무예정자 | AT3: 4월 근무자 | AU3: 근무 시작일자 (시작일자 작성) | AV3: 근무 종료일자 (종료일자 작성) | AW3: 4월 휴가 스케줄 (휴가일 작성) | AX3: 비고 | AY3: 2027년5월 근무예정자 | AZ3: 5월 근무자 | BA3: 근무 시작일자 (시작일자 작성) | BB3: 근무 종료일자 (종료일자 작성) | BC3: 5월 휴가 스케줄 (휴가일 작성) | BD3: 비고 | BE3: 2027년6월 근무예정자 | BF3: 6월 근무자 | BG3: 근무 시작일자 (시작일자 작성) | BH3: 근무 종료일자 (종료일자 작성) | BI3: 6월 휴가 스케줄 (휴가일 작성) | BJ3: 비고 | BK3: 2027년7월 근무예정자 | BL3: 7월 근무자 | BM3: 근무 시작일자 (시작일자 작성) | BN3: 근무 종료일자 (종료일자 작성) | BO3: 7월 휴가 스케줄 (휴가일 작성) | BP3: 비고 | BQ3: 2027년8월 근무예정자 | BR3: 8월 근무자 | BS3: 근무 시작일자 (시작일자 작성) | BT3: 근무 종료일자 (종료일자 작성) | BU3: 8월 휴가 스케줄 (휴가일 작성) | BV3: 비고
A4: 내과 | B4: 3 | C4: 박ㅇㅇ | I4: 박ㅇㅇ | J4: 박ㅇㅇ | K4: 2026.10.01 | L4: 2026.10.31
A5: 가정의학과 | B5: 1 | I5: 김ㅇㅇ | J5: 김ㅇㅇ | K5: 2026.10.21 | L5: 2026.10.31
A6: 마취통증의학과 | B6: 2 | C6: 정ㅇㅇ | H6: 구리독자 | I6: 정ㅇㅇ | J6: 정ㅇㅇ | K6: 2026.10.01 | L6: 2026.10.17 | N6: 구리독자
A7: 외과 | B7: 1 | C7: 홍ㅇㅇ | H7: 구리독자 | I7: 홍ㅇㅇ | J7: 홍ㅇㅇ | K7: 2026.10.01 | L7: 2026.10.31 | N7: 구리독자
A8: 수련교육부 | B8: 인턴 | I8: 김ㅇㅇ | J8: 김ㅇㅇ | K8: 2026.10.01 | L8: 2026.10.31

Sheet 입력_전공의명단
A1: 번호 | B1: 사번 | C1: 이름 | D1: 성별 | E1: 생년월일 | F1: 수련과목 | G1: 연차 | H1: 근무지 | I1: 수련개시일 | J1: 전공의등록번호 | K1: 의사면허번호 | L1: 재직여부 | M1: 입사장소 | N1: 현재 근무병원 | O1: 현재 진료과 | P1: 구리 근무 시작일(기준월) | Q1: 구리 근무 종료일(기준월) | R1: 구리독자 | S1: 서울 근무일(기준월) | T1: 구리 근무일(기준월) | U1: 급여지급병원(기준월) | V1: 급여 판정 근거 | W1: 점검 | X1: 비고 | Y1: 전월 근무병원 | Z1: 전월 급여지급병원 | AA1: 전월 근거 | AB1: 익월 근무병원 | AC1: 익월 급여지급병원 | AD1: 익월 근거 | AE1: 기본자료행 | AF1: 이름|과 | AG1: 인턴계획행 | AH1: 인턴 이번달 | AI1: 인턴 기준월 | AJ1: 인턴 전월 | AK1: 인턴 익월 | AL1: 직접행(기준월) | AM1: 직접행(전월) | AN1: 직접행(익월) | AO1: 소속병원 | AP1: 기준월 근무병원 | AQ1: 구리행 | AR1: 구리명단 근무일 | AS1: 구리 근무 중
A2: =ROW()-ROW(명단표[#Headers]) | B2: 2261212 | C2: =IF(명단표[[#This Row],[기본자료행]]="","",IF(INDEX(기본자료표[이름],명단표[[#This Row],[기본자료행]])="","",INDEX(기본자료표[이름],명단표[[#This Row],[기본자료행]]))) | D2: =IF(명단표[[#This Row],[기본자료행]]="","",IF(INDEX(기본자료표[성별],명단표[[#This Row],[기본자료행]])="","",INDEX(기본자료표[성별],명단표[[#This Row],[기본자료행]]))) | E2: =IF(명단표[[#This Row],[기본자료행]]="","",_xlfn.LET(_xlpm.v_x,INDEX(기본자료표[생년월일],명단표[[#This Row],[기본자료행]]),IF(_xlpm.v_x="","",IF(NOT(ISNUMBER(_xlpm.v_x)),_xlpm.v_x&"",IF(_xlpm.v_x<1000000,_xlpm.v_x,IF(AND(_xlpm.v_x>=10000101,INT(MOD(_xlpm.v_x,10000)/100)>=1,INT(MOD(_xlpm.v_x,10000)/100)<=12,MOD(_xlpm.v_x,100)>=1,MOD(_xlpm.v_x,100)<=31),DATE(INT(_xlpm.v_x/10000),INT(MOD(_xlpm.v_x,10000)/100),MOD(_xlpm.v_x,100)),_xlpm.v_x&"")))))) | F2: =IF(명단표[[#This Row],[기본자료행]]="","",IF(INDEX(기본자료표[수련과목],명단표[[#This Row],[기본자료행]])="","",INDEX(기본자료표[수련과목],명단표[[#This Row],[기본자료행]]))) | G2: =IF(명단표[[#This Row],[기본자료행]]="","",IF(INDEX(기본자료표[연차],명단표[[#This Row],[기본자료행]])="","",INDEX(기본자료표[연차],명단표[[#This Row],[기본자료행]]))) | H2: =IF(명단표[[#This Row],[기본자료행]]="","",IF(INDEX(기본자료표[근무지],명단표[[#This Row],[기본자료행]])="","",INDEX(기본자료표[근무지],명단표[[#This Row],[기본자료행]]))) | I2: =IF(명단표[[#This Row],[기본자료행]]="","",_xlfn.LET(_xlpm.v_x,INDEX(기본자료표[수련개시일],명단표[[#This Row],[기본자료행]]),IF(_xlpm.v_x="","",IF(NOT(ISNUMBER(_xlpm.v_x)),_xlpm.v_x&"",IF(_xlpm.v_x<1000000,_xlpm.v_x,IF(AND(_xlpm.v_x>=10000101,INT(MOD(_xlpm.v_x,10000)/100)>=1,INT(MOD(_xlpm.v_x,10000)/100)<=12,MOD(_xlpm.v_x,100)>=1,MOD(_xlpm.v_x,100)<=31),DATE(INT(_xlpm.v_x/10000),INT(MOD(_xlpm.v_x,10000)/100),MOD(_xlpm.v_x,100)),_xlpm.v_x&"")))))) | J2: =IF(명단표[[#This Row],[기본자료행]]="","",IF(INDEX(기본자료표[전공의등록번호],명단표[[#This Row],[기본자료행]])="","",INDEX(기본자료표[전공의등록번호],명단표[[#This Row],[기본자료행]]))) | K2: =IF(명단표[[#This Row],[기본자료행]]="","",IF(INDEX(기본자료표[의사면허번호],명단표[[#This Row],[기본자료행]])="","",INDEX(기본자료표[의사면허번호],명단표[[#This Row],[기본자료행]]))) | L2: =IF(명단표[[#This Row],[기본자료행]]="","",IF(INDEX(기본자료표[현재근무 여부],명단표[[#This Row],[기본자료행]])="","",INDEX(기본자료표[현재근무 여부],명단표[[#This Row],[기본자료행]]))) | M2: 서울병원 | N2: =IF(NOT(TRIM(명단표[[#This Row],[사번]]&"")<>""),"",IF(AND(명단표[[#This Row],[인턴 이번달]]<>"",LEFT(명단표[[#This Row],[인턴 이번달]],1)<>"⚠"),LEFT(명단표[[#This Row],[인턴 이번달]],FIND(" ",명단표[[#This Row],[인턴 이번달]])-1),IF(명단표[[#This Row],[구리 근무 중]]="Y","구리병원",IF(명단표[[#This Row],[근무지]]="","",_xlfn.XLOOKUP(TRIM(명단표[[#This Row],[근무지]]&""),병원약칭표[표기],병원약칭표[정식 병원],명단표[[#This Row],[근무지]]&""))))) | O2: =IF(NOT(TRIM(명단표[[#This Row],[사번]]&"")<>""),"",IF(AND(명단표[[#This Row],[인턴 이번달]]<>"",LEFT(명단표[[#This Row],[인턴 이번달]],1)<>"⚠"),MID(명단표[[#This Row],[인턴 이번달]],FIND(" ",명단표[[#This Row],[인턴 이번달]])+1,60),IF(명단표[[#This Row],[수련과목]]="","",IF(명단표[[#This Row],[수련과목]]="인턴","수련교육부(인턴)",명단표[[#This Row],[수련과목]])))) | P2: =IF(명단표[[#This Row],[구리행]]="","",INDEX(구리_시작,명단표[[#This Row],[구리행]])) | Q2: =IF(명단표[[#This Row],[구리행]]="","",INDEX(구리_종료,명단표[[#This Row],[구리행]])) | R2: =IF(명단표[[#This Row],[구리행]]="","",INDEX(구리_독자,명단표[[#This Row],[구리행]])) | S2: =IF(NOT(TRIM(명단표[[#This Row],[사번]]&"")<>""),"",IF(명단표[[#This Row],[구리행]]<>"",MAX(0,DAY(EOMONTH(급여기준월,0))-N(명단표[[#This Row],[구리명단 근무일]])),IF(명단표[[#This Row],[기준월 근무병원]]="서울병원",DAY(EOMONTH(급여기준월,0)),0))) | T2: =IF(NOT(TRIM(명단표[[#This Row],[사번]]&"")<>""),"",IF(명단표[[#This Row],[구리행]]<>"",N(명단표[[#This Row],[구리명단 근무일]]),IF(명단표[[#This Row],[기준월 근무병원]]="구리병원",DAY(EOMONTH(급여기준월,0)),0))) | U2: =IF(NOT(TRIM(명단표[[#This Row],[사번]]&"")<>""),"",IF(명단표[[#This Row],[직접행(기준월)]]<>"",INDEX(월별근무지표[적용 급여병원],명단표[[#This Row],[직접행(기준월)]]),IF(명단표[[#This Row],[기준월 근무병원]]="","",IF(명단표[[#This Row],[구리행]]="",명단표[[#This Row],[기준월 근무병원]],IF(AND(명단표[[#This Row],[서울 근무일(기준월)]]>=판정기준일,명단표[[#This Row],[구리 근무일(기준월)]]<판정기준일),"서울병원",IF(AND(명단표[[#This Row],[구리 근무일(기준월)]]>=판정기준일,명단표[[#This Row],[서울 근무일(기준월)]]<판정기준일),"구리병원","⚠15일 판정불가(서울 "&명단표[[#This Row],[서울 근무일(기준월)]]&"일/구리 "&명단표[[#This Row],[구리 근무일(기준월)]]&"일)")))))) | V2: =IF(OR(NOT(TRIM(명단표[[#This Row],[사번]]&"")<>""),명단표[[#This Row],[급여지급병원(기준월)]]=""),"",IF(명단표[[#This Row],[직접행(기준월)]]<>"","직접 입력(입력_월별근무지)"&IF(INDEX(월별근무지표[비고],명단표[[#This Row],[직접행(기준월)]])&""="",""," — "&INDEX(월별근무지표[비고],명단표[[#This Row],[직접행(기준월)]])),IF(명단표[[#This Row],[구리행]]<>"","서울 "&명단표[[#This Row],[서울 근무일(기준월)]]&"일 / 구리 "&명단표[[#This Row],[구리 근무일(기준월)]]&"일 (구리 근무자명단) → 15일 이상 근무 병원 지급",IF(AND(명단표[[#This Row],[인턴 기준월]]<>"",LEFT(명단표[[#This Row],[인턴 기준월]],1)<>"⚠"),"인턴 근무계획 → 그 달 근무병원 지급","구리 근무자명단에 없음 → 소속병원 지급")))) | W2: =IF(NOT(TRIM(명단표[[#This Row],[사번]]&"")<>""),"",IF(명단표[[#This Row],[기본자료행]]="","기본자료에 없는 사번",IF(COUNTIF(명단표[사번],명단표[[#This Row],[사번]])>1,"중복 사번",IF(명단표[[#This Row],[소속병원]]="","소속(입사장소) 입력",IF(LEFT(명단표[[#This Row],[급여지급병원(기준월)]],1)="⚠","서울·구리 15일 판정 불가(양쪽 모두 이상/미만)",IF(IF(명단표[[#This Row],[인턴계획행]]="",0,N(INDEX(인턴계획표[입력오류],명단표[[#This Row],[인턴계획행]])))>0,"인턴계획 입력오류 확인",IF(AND(명단표[[#This Row],[구리행]]="",COUNTIF(구리_이름,명단표[[#This Row],[이름]])>0),"구리 근무자명단 연결 확인(동명이인·과 불일치)","정상"))))))) | X2: 예시 데이터 | Y2: =IF(NOT(TRIM(명단표[[#This Row],[사번]]&"")<>""),"",IF(명단표[[#This Row],[직접행(전월)]]<>"",INDEX(월별근무지표[근무병원],명단표[[#This Row],[직접행(전월)]]),IF(AND(명단표[[#This Row],[인턴 전월]]<>"",LEFT(명단표[[#This Row],[인턴 전월]],1)<>"⚠"),LEFT(명단표[[#This Row],[인턴 전월]],FIND(" ",명단표[[#This Row],[인턴 전월]])-1),명단표[[#This Row],[소속병원]]))) | Z2: =IF(NOT(TRIM(명단표[[#This Row],[사번]]&"")<>""),"",IF(명단표[[#This Row],[직접행(전월)]]<>"",INDEX(월별근무지표[적용 급여병원],명단표[[#This Row],[직접행(전월)]]),명단표[[#This Row],[전월 근무병원]])) | AA2: =IF(NOT(TRIM(명단표[[#This Row],[사번]]&"")<>""),"",IF(명단표[[#This Row],[직접행(전월)]]<>"","직접 입력(입력_월별근무지)"&IF(INDEX(월별근무지표[비고],명단표[[#This Row],[직접행(전월)]])&""="",""," — "&INDEX(월별근무지표[비고],명단표[[#This Row],[직접행(전월)]])),IF(AND(명단표[[#This Row],[인턴 전월]]<>"",LEFT(명단표[[#This Row],[인턴 전월]],1)<>"⚠"),"인턴 근무계획 → 그 달 근무병원",IF(명단표[[#This Row],[구리행]]<>"","⚠자동(소속병원) — 급여 기준월에 구리 근무, 직접 입력 확인","자동(소속병원) — 구리 근무자명단 미반영")))) | AB2: =IF(NOT(TRIM(명단표[[#This Row],[사번]]&"")<>""),"",IF(명단표[[#This Row],[직접행(익월)]]<>"",INDEX(월별근무지표[근무병원],명단표[[#This Row],[직접행(익월)]]),IF(AND(명단표[[#This Row],[인턴 익월]]<>"",LEFT(명단표[[#This Row],[인턴 익월]],1)<>"⚠"),LEFT(명단표[[#This Row],[인턴 익월]],FIND(" ",명단표[[#This Row],[인턴 익월]])-1),명단표[[#This Row],[소속병원]]))) | AC2: =IF(NOT(TRIM(명단표[[#This Row],[사번]]&"")<>""),"",IF(명단표[[#This Row],[직접행(익월)]]<>"",INDEX(월별근무지표[적용 급여병원],명단표[[#This Row],[직접행(익월)]]),명단표[[#This Row],[익월 근무병원]])) | AD2: =IF(NOT(TRIM(명단표[[#This Row],[사번]]&"")<>""),"",IF(명단표[[#This Row],[직접행(익월)]]<>"","직접 입력(입력_월별근무지)"&IF(INDEX(월별근무지표[비고],명단표[[#This Row],[직접행(익월)]])&""="",""," — "&INDEX(월별근무지표[비고],명단표[[#This Row],[직접행(익월)]])),IF(AND(명단표[[#This Row],[인턴 익월]]<>"",LEFT(명단표[[#This Row],[인턴 익월]],1)<>"⚠"),"인턴 근무계획 → 그 달 근무병원",IF(명단표[[#This Row],[구리행]]<>"","⚠자동(소속병원) — 급여 기준월에 구리 근무, 직접 입력 확인","자동(소속병원) — 구리 근무자명단 미반영")))) | AE2: =IF(NOT(TRIM(명단표[[#This Row],[사번]]&"")<>""),"",IFERROR(_xlfn.XMATCH("S|"&TRIM(명단표[[#This Row],[사번]]&""),기본자료표[사번키]),"")) | AF2: =IF(명단표[[#This Row],[이름]]="","",명단표[[#This Row],[이름]]&"|"&명단표[[#This Row],[수련과목]]) | AG2: =IF(NOT(TRIM(명단표[[#This Row],[사번]]&"")<>""),"",IFERROR(_xlfn.XMATCH("S|"&TRIM(명단표[[#This Row],[사번]]&""),인턴계획표[사번키]),"")) | AH2: =IF(OR(명단표[[#This Row],[인턴계획행]]="",인턴위치_이번=""),"",INDEX(인턴계획표[[정규화1]:[정규화6]],명단표[[#This Row],[인턴계획행]],인턴위치_이번)&"") | AI2: =IF(OR(명단표[[#This Row],[인턴계획행]]="",인턴위치_기준월=""),"",INDEX(인턴계획표[[정규화1]:[정규화6]],명단표[[#This Row],[인턴계획행]],인턴위치_기준월)&"") | AJ2: =IF(OR(명단표[[#This Row],[인턴계획행]]="",인턴위치_전월=""),"",INDEX(인턴계획표[[정규화1]:[정규화6]],명단표[[#This Row],[인턴계획행]],인턴위치_전월)&"") | AK2: =IF(OR(명단표[[#This Row],[인턴계획행]]="",인턴위치_익월=""),"",INDEX(인턴계획표[[정규화1]:[정규화6]],명단표[[#This Row],[인턴계획행]],인턴위치_익월)&"") | AL2: =IF(NOT(TRIM(명단표[[#This Row],[사번]]&"")<>""),"",IFERROR(_xlfn.XMATCH("S|"&TRIM(명단표[[#This Row],[사번]]&"")&"|"&기준월키,월별근무지표[키]),"")) | AM2: =IF(NOT(TRIM(명단표[[#This Row],[사번]]&"")<>""),"",IFERROR(_xlfn.XMATCH("S|"&TRIM(명단표[[#This Row],[사번]]&"")&"|"&전월키,월별근무지표[키]),"")) | AN2: =IF(NOT(TRIM(명단표[[#This Row],[사번]]&"")<>""),"",IFERROR(_xlfn.XMATCH("S|"&TRIM(명단표[[#This Row],[사번]]&"")&"|"&익월키,월별근무지표[키]),"")) | AO2: =IF(NOT(TRIM(명단표[[#This Row],[사번]]&"")<>""),"",IF(명단표[[#This Row],[입사장소]]<>"",명단표[[#This Row],[입사장소]],IF(명단표[[#This Row],[구리독자]]="구리독자","구리병원",IF(명단표[[#This Row],[근무지]]="","",_xlfn.XLOOKUP(TRIM(명단표[[#This Row],[근무지]]&""),병원약칭표[표기],병원약칭표[정식 병원],명단표[[#This Row],[근무지]]&""))))) | AP2: =IF(NOT(TRIM(명단표[[#This Row],[사번]]&"")<>""),"",IF(명단표[[#This Row],[직접행(기준월)]]<>"",INDEX(월별근무지표[근무병원],명단표[[#This Row],[직접행(기준월)]]),IF(AND(명단표[[#This Row],[인턴 기준월]]<>"",LEFT(명단표[[#This Row],[인턴 기준월]],1)<>"⚠"),LEFT(명단표[[#This Row],[인턴 기준월]],FIND(" ",명단표[[#This Row],[인턴 기준월]])-1),명단표[[#This Row],[소속병원]]))) | AQ2: =IF(명단표[[#This Row],[이름]]="","",_xlfn.LET(_xlpm.v_a,_xlfn.XMATCH(명단표[[#This Row],[이름|과]],구리_키),IF(ISNUMBER(_xlpm.v_a),_xlpm.v_a,IF(AND(COUNTIF(구리_이름,명단표[[#This Row],[이름]])=1,COUNTIF(명단표[이름],명단표[[#This Row],[이름]])=1),_xlfn.XMATCH(명단표[[#This Row],[이름]],구리_이름),"")))) | AR2: =IF(명단표[[#This Row],[구리행]]="","",INDEX(구리_근무일,명단표[[#This Row],[구리행]])) | AS2: =IF(명단표[[#This Row],[구리행]]="","",_xlfn.LET(_xlpm.v_s,IFERROR(DATEVALUE(명단표[[#This Row],[구리 근무 시작일(기준월)]]),""),_xlpm.v_e,IFERROR(DATEVALUE(명단표[[#This Row],[구리 근무 종료일(기준월)]]),""),IF(AND(ISNUMBER(_xlpm.v_s),ISNUMBER(_xlpm.v_e)),IF(AND(TODAY()>=_xlpm.v_s,TODAY()<=_xlpm.v_e),"Y",""),"")))
A3: =ROW()-ROW(명단표[#Headers]) | B3: 2261213 | C3: =IF(명단표[[#This Row],[기본자료행]]="","",IF(INDEX(기본자료표[이름],명단표[[#This Row],[기본자료행]])="","",INDEX(기본자료표[이름],명단표[[#This Row],[기본자료행]]))) | D3: =IF(명단표[[#This Row],[기본자료행]]="","",IF(INDEX(기본자료표[성별],명단표[[#This Row],[기본자료행]])="","",INDEX(기본자료표[성별],명단표[[#This Row],[기본자료행]]))) | E3: =IF(명단표[[#This Row],[기본자료행]]="","",_xlfn.LET(_xlpm.v_x,INDEX(기본자료표[생년월일],명단표[[#This Row],[기본자료행]]),IF(_xlpm.v_x="","",IF(NOT(ISNUMBER(_xlpm.v_x)),_xlpm.v_x&"",IF(_xlpm.v_x<1000000,_xlpm.v_x,IF(AND(_xlpm.v_x>=10000101,INT(MOD(_xlpm.v_x,10000)/100)>=1,INT(MOD(_xlpm.v_x,10000)/100)<=12,MOD(_xlpm.v_x,100)>=1,MOD(_xlpm.v_x,100)<=31),DATE(INT(_xlpm.v_x/10000),INT(MOD(_xlpm.v_x,10000)/100),MOD(_xlpm.v_x,100)),_xlpm.v_x&"")))))) | F3: =IF(명단표[[#This Row],[기본자료행]]="","",IF(INDEX(기본자료표[수련과목],명단표[[#This Row],[기본자료행]])="","",INDEX(기본자료표[수련과목],명단표[[#This Row],[기본자료행]]))) | G3: =IF(명단표[[#This Row],[기본자료행]]="","",IF(INDEX(기본자료표[연차],명단표[[#This Row],[기본자료행]])="","",INDEX(기본자료표[연차],명단표[[#This Row],[기본자료행]]))) | H3: =IF(명단표[[#This Row],[기본자료행]]="","",IF(INDEX(기본자료표[근무지],명단표[[#This Row],[기본자료행]])="","",INDEX(기본자료표[근무지],명단표[[#This Row],[기본자료행]]))) | I3: =IF(명단표[[#This Row],[기본자료행]]="","",_xlfn.LET(_xlpm.v_x,INDEX(기본자료표[수련개시일],명단표[[#This Row],[기본자료행]]),IF(_xlpm.v_x="","",IF(NOT(ISNUMBER(_xlpm.v_x)),_xlpm.v_x&"",IF(_xlpm.v_x<1000000,_xlpm.v_x,IF(AND(_xlpm.v_x>=10000101,INT(MOD(_xlpm.v_x,10000)/100)>=1,INT(MOD(_xlpm.v_x,10000)/100)<=12,MOD(_xlpm.v_x,100)>=1,MOD(_xlpm.v_x,100)<=31),DATE(INT(_xlpm.v_x/10000),INT(MOD(_xlpm.v_x,10000)/100),MOD(_xlpm.v_x,100)),_xlpm.v_x&"")))))) | J3: =IF(명단표[[#This Row],[기본자료행]]="","",IF(INDEX(기본자료표[전공의등록번호],명단표[[#This Row],[기본자료행]])="","",INDEX(기본자료표[전공의등록번호],명단표[[#This Row],[기본자료행]]))) | K3: =IF(명단표[[#This Row],[기본자료행]]="","",IF(INDEX(기본자료표[의사면허번호],명단표[[#This Row],[기본자료행]])="","",INDEX(기본자료표[의사면허번호],명단표[[#This Row],[기본자료행]]))) | L3: =IF(명단표[[#This Row],[기본자료행]]="","",IF(INDEX(기본자료표[현재근무 여부],명단표[[#This Row],[기본자료행]])="","",INDEX(기본자료표[현재근무 여부],명단표[[#This Row],[기본자료행]]))) | M3: 서울병원 | N3: =IF(NOT(TRIM(명단표[[#This Row],[사번]]&"")<>""),"",IF(AND(명단표[[#This Row],[인턴 이번달]]<>"",LEFT(명단표[[#This Row],[인턴 이번달]],1)<>"⚠"),LEFT(명단표[[#This Row],[인턴 이번달]],FIND(" ",명단표[[#This Row],[인턴 이번달]])-1),IF(명단표[[#This Row],[구리 근무 중]]="Y","구리병원",IF(명단표[[#This Row],[근무지]]="","",_xlfn.XLOOKUP(TRIM(명단표[[#This Row],[근무지]]&""),병원약칭표[표기],병원약칭표[정식 병원],명단표[[#This Row],[근무지]]&""))))) | O3: =IF(NOT(TRIM(명단표[[#This Row],[사번]]&"")<>""),"",IF(AND(명단표[[#This Row],[인턴 이번달]]<>"",LEFT(명단표[[#This Row],[인턴 이번달]],1)<>"⚠"),MID(명단표[[#This Row],[인턴 이번달]],FIND(" ",명단표[[#This Row],[인턴 이번달]])+1,60),IF(명단표[[#This Row],[수련과목]]="","",IF(명단표[[#This Row],[수련과목]]="인턴","수련교육부(인턴)",명단표[[#This Row],[수련과목]])))) | P3: =IF(명단표[[#This Row],[구리행]]="","",INDEX(구리_시작,명단표[[#This Row],[구리행]])) | Q3: =IF(명단표[[#This Row],[구리행]]="","",INDEX(구리_종료,명단표[[#This Row],[구리행]])) | R3: =IF(명단표[[#This Row],[구리행]]="","",INDEX(구리_독자,명단표[[#This Row],[구리행]])) | S3: =IF(NOT(TRIM(명단표[[#This Row],[사번]]&"")<>""),"",IF(명단표[[#This Row],[구리행]]<>"",MAX(0,DAY(EOMONTH(급여기준월,0))-N(명단표[[#This Row],[구리명단 근무일]])),IF(명단표[[#This Row],[기준월 근무병원]]="서울병원",DAY(EOMONTH(급여기준월,0)),0))) | T3: =IF(NOT(TRIM(명단표[[#This Row],[사번]]&"")<>""),"",IF(명단표[[#This Row],[구리행]]<>"",N(명단표[[#This Row],[구리명단 근무일]]),IF(명단표[[#This Row],[기준월 근무병원]]="구리병원",DAY(EOMONTH(급여기준월,0)),0))) | U3: =IF(NOT(TRIM(명단표[[#This Row],[사번]]&"")<>""),"",IF(명단표[[#This Row],[직접행(기준월)]]<>"",INDEX(월별근무지표[적용 급여병원],명단표[[#This Row],[직접행(기준월)]]),IF(명단표[[#This Row],[기준월 근무병원]]="","",IF(명단표[[#This Row],[구리행]]="",명단표[[#This Row],[기준월 근무병원]],IF(AND(명단표[[#This Row],[서울 근무일(기준월)]]>=판정기준일,명단표[[#This Row],[구리 근무일(기준월)]]<판정기준일),"서울병원",IF(AND(명단표[[#This Row],[구리 근무일(기준월)]]>=판정기준일,명단표[[#This Row],[서울 근무일(기준월)]]<판정기준일),"구리병원","⚠15일 판정불가(서울 "&명단표[[#This Row],[서울 근무일(기준월)]]&"일/구리 "&명단표[[#This Row],[구리 근무일(기준월)]]&"일)")))))) | V3: =IF(OR(NOT(TRIM(명단표[[#This Row],[사번]]&"")<>""),명단표[[#This Row],[급여지급병원(기준월)]]=""),"",IF(명단표[[#This Row],[직접행(기준월)]]<>"","직접 입력(입력_월별근무지)"&IF(INDEX(월별근무지표[비고],명단표[[#This Row],[직접행(기준월)]])&""="",""," — "&INDEX(월별근무지표[비고],명단표[[#This Row],[직접행(기준월)]])),IF(명단표[[#This Row],[구리행]]<>"","서울 "&명단표[[#This Row],[서울 근무일(기준월)]]&"일 / 구리 "&명단표[[#This Row],[구리 근무일(기준월)]]&"일 (구리 근무자명단) → 15일 이상 근무 병원 지급",IF(AND(명단표[[#This Row],[인턴 기준월]]<>"",LEFT(명단표[[#This Row],[인턴 기준월]],1)<>"⚠"),"인턴 근무계획 → 그 달 근무병원 지급","구리 근무자명단에 없음 → 소속병원 지급")))) | W3: =IF(NOT(TRIM(명단표[[#This Row],[사번]]&"")<>""),"",IF(명단표[[#This Row],[기본자료행]]="","기본자료에 없는 사번",IF(COUNTIF(명단표[사번],명단표[[#This Row],[사번]])>1,"중복 사번",IF(명단표[[#This Row],[소속병원]]="","소속(입사장소) 입력",IF(LEFT(명단표[[#This Row],[급여지급병원(기준월)]],1)="⚠","서울·구리 15일 판정 불가(양쪽 모두 이상/미만)",IF(IF(명단표[[#This Row],[인턴계획행]]="",0,N(INDEX(인턴계획표[입력오류],명단표[[#This Row],[인턴계획행]])))>0,"인턴계획 입력오류 확인",IF(AND(명단표[[#This Row],[구리행]]="",COUNTIF(구리_이름,명단표[[#This Row],[이름]])>0),"구리 근무자명단 연결 확인(동명이인·과 불일치)","정상"))))))) | X3: 예시 데이터 | Y3: =IF(NOT(TRIM(명단표[[#This Row],[사번]]&"")<>""),"",IF(명단표[[#This Row],[직접행(전월)]]<>"",INDEX(월별근무지표[근무병원],명단표[[#This Row],[직접행(전월)]]),IF(AND(명단표[[#This Row],[인턴 전월]]<>"",LEFT(명단표[[#This Row],[인턴 전월]],1)<>"⚠"),LEFT(명단표[[#This Row],[인턴 전월]],FIND(" ",명단표[[#This Row],[인턴 전월]])-1),명단표[[#This Row],[소속병원]]))) | Z3: =IF(NOT(TRIM(명단표[[#This Row],[사번]]&"")<>""),"",IF(명단표[[#This Row],[직접행(전월)]]<>"",INDEX(월별근무지표[적용 급여병원],명단표[[#This Row],[직접행(전월)]]),명단표[[#This Row],[전월 근무병원]])) | AA3: =IF(NOT(TRIM(명단표[[#This Row],[사번]]&"")<>""),"",IF(명단표[[#This Row],[직접행(전월)]]<>"","직접 입력(입력_월별근무지)"&IF(INDEX(월별근무지표[비고],명단표[[#This Row],[직접행(전월)]])&""="",""," — "&INDEX(월별근무지표[비고],명단표[[#This Row],[직접행(전월)]])),IF(AND(명단표[[#This Row],[인턴 전월]]<>"",LEFT(명단표[[#This Row],[인턴 전월]],1)<>"⚠"),"인턴 근무계획 → 그 달 근무병원",IF(명단표[[#This Row],[구리행]]<>"","⚠자동(소속병원) — 급여 기준월에 구리 근무, 직접 입력 확인","자동(소속병원) — 구리 근무자명단 미반영")))) | AB3: =IF(NOT(TRIM(명단표[[#This Row],[사번]]&"")<>""),"",IF(명단표[[#This Row],[직접행(익월)]]<>"",INDEX(월별근무지표[근무병원],명단표[[#This Row],[직접행(익월)]]),IF(AND(명단표[[#This Row],[인턴 익월]]<>"",LEFT(명단표[[#This Row],[인턴 익월]],1)<>"⚠"),LEFT(명단표[[#This Row],[인턴 익월]],FIND(" ",명단표[[#This Row],[인턴 익월]])-1),명단표[[#This Row],[소속병원]]))) | AC3: =IF(NOT(TRIM(명단표[[#This Row],[사번]]&"")<>""),"",IF(명단표[[#This Row],[직접행(익월)]]<>"",INDEX(월별근무지표[적용 급여병원],명단표[[#This Row],[직접행(익월)]]),명단표[[#This Row],[익월 근무병원]])) | AD3: =IF(NOT(TRIM(명단표[[#This Row],[사번]]&"")<>""),"",IF(명단표[[#This Row],[직접행(익월)]]<>"","직접 입력(입력_월별근무지)"&IF(INDEX(월별근무지표[비고],명단표[[#This Row],[직접행(익월)]])&""="",""," — "&INDEX(월별근무지표[비고],명단표[[#This Row],[직접행(익월)]])),IF(AND(명단표[[#This Row],[인턴 익월]]<>"",LEFT(명단표[[#This Row],[인턴 익월]],1)<>"⚠"),"인턴 근무계획 → 그 달 근무병원",IF(명단표[[#This Row],[구리행]]<>"","⚠자동(소속병원) — 급여 기준월에 구리 근무, 직접 입력 확인","자동(소속병원) — 구리 근무자명단 미반영")))) | AE3: =IF(NOT(TRIM(명단표[[#This Row],[사번]]&"")<>""),"",IFERROR(_xlfn.XMATCH("S|"&TRIM(명단표[[#This Row],[사번]]&""),기본자료표[사번키]),"")) | AF3: =IF(명단표[[#This Row],[이름]]="","",명단표[[#This Row],[이름]]&"|"&명단표[[#This Row],[수련과목]]) | AG3: =IF(NOT(TRIM(명단표[[#This Row],[사번]]&"")<>""),"",IFERROR(_xlfn.XMATCH("S|"&TRIM(명단표[[#This Row],[사번]]&""),인턴계획표[사번키]),"")) | AH3: =IF(OR(명단표[[#This Row],[인턴계획행]]="",인턴위치_이번=""),"",INDEX(인턴계획표[[정규화1]:[정규화6]],명단표[[#This Row],[인턴계획행]],인턴위치_이번)&"") | AI3: =IF(OR(명단표[[#This Row],[인턴계획행]]="",인턴위치_기준월=""),"",INDEX(인턴계획표[[정규화1]:[정규화6]],명단표[[#This Row],[인턴계획행]],인턴위치_기준월)&"") | AJ3: =IF(OR(명단표[[#This Row],[인턴계획행]]="",인턴위치_전월=""),"",INDEX(인턴계획표[[정규화1]:[정규화6]],명단표[[#This Row],[인턴계획행]],인턴위치_전월)&"") | AK3: =IF(OR(명단표[[#This Row],[인턴계획행]]="",인턴위치_익월=""),"",INDEX(인턴계획표[[정규화1]:[정규화6]],명단표[[#This Row],[인턴계획행]],인턴위치_익월)&"") | AL3: =IF(NOT(TRIM(명단표[[#This Row],[사번]]&"")<>""),"",IFERROR(_xlfn.XMATCH("S|"&TRIM(명단표[[#This Row],[사번]]&"")&"|"&기준월키,월별근무지표[키]),"")) | AM3: =IF(NOT(TRIM(명단표[[#This Row],[사번]]&"")<>""),"",IFERROR(_xlfn.XMATCH("S|"&TRIM(명단표[[#This Row],[사번]]&"")&"|"&전월키,월별근무지표[키]),"")) | AN3: =IF(NOT(TRIM(명단표[[#This Row],[사번]]&"")<>""),"",IFERROR(_xlfn.XMATCH("S|"&TRIM(명단표[[#This Row],[사번]]&"")&"|"&익월키,월별근무지표[키]),"")) | AO3: =IF(NOT(TRIM(명단표[[#This Row],[사번]]&"")<>""),"",IF(명단표[[#This Row],[입사장소]]<>"",명단표[[#This Row],[입사장소]],IF(명단표[[#This Row],[구리독자]]="구리독자","구리병원",IF(명단표[[#This Row],[근무지]]="","",_xlfn.XLOOKUP(TRIM(명단표[[#This Row],[근무지]]&""),병원약칭표[표기],병원약칭표[정식 병원],명단표[[#This Row],[근무지]]&""))))) | AP3: =IF(NOT(TRIM(명단표[[#This Row],[사번]]&"")<>""),"",IF(명단표[[#This Row],[직접행(기준월)]]<>"",INDEX(월별근무지표[근무병원],명단표[[#This Row],[직접행(기준월)]]),IF(AND(명단표[[#This Row],[인턴 기준월]]<>"",LEFT(명단표[[#This Row],[인턴 기준월]],1)<>"⚠"),LEFT(명단표[[#This Row],[인턴 기준월]],FIND(" ",명단표[[#This Row],[인턴 기준월]])-1),명단표[[#This Row],[소속병원]]))) | AQ3: =IF(명단표[[#This Row],[이름]]="","",_xlfn.LET(_xlpm.v_a,_xlfn.XMATCH(명단표[[#This Row],[이름|과]],구리_키),IF(ISNUMBER(_xlpm.v_a),_xlpm.v_a,IF(AND(COUNTIF(구리_이름,명단표[[#This Row],[이름]])=1,COUNTIF(명단표[이름],명단표[[#This Row],[이름]])=1),_xlfn.XMATCH(명단표[[#This Row],[이름]],구리_이름),"")))) | AR3: =IF(명단표[[#This Row],[구리행]]="","",INDEX(구리_근무일,명단표[[#This Row],[구리행]])) | AS3: =IF(명단표[[#This Row],[구리행]]="","",_xlfn.LET(_xlpm.v_s,IFERROR(DATEVALUE(명단표[[#This Row],[구리 근무 시작일(기준월)]]),""),_xlpm.v_e,IFERROR(DATEVALUE(명단표[[#This Row],[구리 근무 종료일(기준월)]]),""),IF(AND(ISNUMBER(_xlpm.v_s),ISNUMBER(_xlpm.v_e)),IF(AND(TODAY()>=_xlpm.v_s,TODAY()<=_xlpm.v_e),"Y",""),"")))
A4: =ROW()-ROW(명단표[#Headers]) | B4: 2261214 | C4: =IF(명단표[[#This Row],[기본자료행]]="","",IF(INDEX(기본자료표[이름],명단표[[#This Row],[기본자료행]])="","",INDEX(기본자료표[이름],명단표[[#This Row],[기본자료행]]))) | D4: =IF(명단표[[#This Row],[기본자료행]]="","",IF(INDEX(기본자료표[성별],명단표[[#This Row],[기본자료행]])="","",INDEX(기본자료표[성별],명단표[[#This Row],[기본자료행]]))) | E4: =IF(명단표[[#This Row],[기본자료행]]="","",_xlfn.LET(_xlpm.v_x,INDEX(기본자료표[생년월일],명단표[[#This Row],[기본자료행]]),IF(_xlpm.v_x="","",IF(NOT(ISNUMBER(_xlpm.v_x)),_xlpm.v_x&"",IF(_xlpm.v_x<1000000,_xlpm.v_x,IF(AND(_xlpm.v_x>=10000101,INT(MOD(_xlpm.v_x,10000)/100)>=1,INT(MOD(_xlpm.v_x,10000)/100)<=12,MOD(_xlpm.v_x,100)>=1,MOD(_xlpm.v_x,100)<=31),DATE(INT(_xlpm.v_x/10000),INT(MOD(_xlpm.v_x,10000)/100),MOD(_xlpm.v_x,100)),_xlpm.v_x&"")))))) | F4: =IF(명단표[[#This Row],[기본자료행]]="","",IF(INDEX(기본자료표[수련과목],명단표[[#This Row],[기본자료행]])="","",INDEX(기본자료표[수련과목],명단표[[#This Row],[기본자료행]]))) | G4: =IF(명단표[[#This Row],[기본자료행]]="","",IF(INDEX(기본자료표[연차],명단표[[#This Row],[기본자료행]])="","",INDEX(기본자료표[연차],명단표[[#This Row],[기본자료행]]))) | H4: =IF(명단표[[#This Row],[기본자료행]]="","",IF(INDEX(기본자료표[근무지],명단표[[#This Row],[기본자료행]])="","",INDEX(기본자료표[근무지],명단표[[#This Row],[기본자료행]]))) | I4: =IF(명단표[[#This Row],[기본자료행]]="","",_xlfn.LET(_xlpm.v_x,INDEX(기본자료표[수련개시일],명단표[[#This Row],[기본자료행]]),IF(_xlpm.v_x="","",IF(NOT(ISNUMBER(_xlpm.v_x)),_xlpm.v_x&"",IF(_xlpm.v_x<1000000,_xlpm.v_x,IF(AND(_xlpm.v_x>=10000101,INT(MOD(_xlpm.v_x,10000)/100)>=1,INT(MOD(_xlpm.v_x,10000)/100)<=12,MOD(_xlpm.v_x,100)>=1,MOD(_xlpm.v_x,100)<=31),DATE(INT(_xlpm.v_x/10000),INT(MOD(_xlpm.v_x,10000)/100),MOD(_xlpm.v_x,100)),_xlpm.v_x&"")))))) | J4: =IF(명단표[[#This Row],[기본자료행]]="","",IF(INDEX(기본자료표[전공의등록번호],명단표[[#This Row],[기본자료행]])="","",INDEX(기본자료표[전공의등록번호],명단표[[#This Row],[기본자료행]]))) | K4: =IF(명단표[[#This Row],[기본자료행]]="","",IF(INDEX(기본자료표[의사면허번호],명단표[[#This Row],[기본자료행]])="","",INDEX(기본자료표[의사면허번호],명단표[[#This Row],[기본자료행]]))) | L4: =IF(명단표[[#This Row],[기본자료행]]="","",IF(INDEX(기본자료표[현재근무 여부],명단표[[#This Row],[기본자료행]])="","",INDEX(기본자료표[현재근무 여부],명단표[[#This Row],[기본자료행]]))) | M4: 서울병원 | N4: =IF(NOT(TRIM(명단표[[#This Row],[사번]]&"")<>""),"",IF(AND(명단표[[#This Row],[인턴 이번달]]<>"",LEFT(명단표[[#This Row],[인턴 이번달]],1)<>"⚠"),LEFT(명단표[[#This Row],[인턴 이번달]],FIND(" ",명단표[[#This Row],[인턴 이번달]])-1),IF(명단표[[#This Row],[구리 근무 중]]="Y","구리병원",IF(명단표[[#This Row],[근무지]]="","",_xlfn.XLOOKUP(TRIM(명단표[[#This Row],[근무지]]&""),병원약칭표[표기],병원약칭표[정식 병원],명단표[[#This Row],[근무지]]&""))))) | O4: =IF(NOT(TRIM(명단표[[#This Row],[사번]]&"")<>""),"",IF(AND(명단표[[#This Row],[인턴 이번달]]<>"",LEFT(명단표[[#This Row],[인턴 이번달]],1)<>"⚠"),MID(명단표[[#This Row],[인턴 이번달]],FIND(" ",명단표[[#This Row],[인턴 이번달]])+1,60),IF(명단표[[#This Row],[수련과목]]="","",IF(명단표[[#This Row],[수련과목]]="인턴","수련교육부(인턴)",명단표[[#This Row],[수련과목]])))) | P4: =IF(명단표[[#This Row],[구리행]]="","",INDEX(구리_시작,명단표[[#This Row],[구리행]])) | Q4: =IF(명단표[[#This Row],[구리행]]="","",INDEX(구리_종료,명단표[[#This Row],[구리행]])) | R4: =IF(명단표[[#This Row],[구리행]]="","",INDEX(구리_독자,명단표[[#This Row],[구리행]])) | S4: =IF(NOT(TRIM(명단표[[#This Row],[사번]]&"")<>""),"",IF(명단표[[#This Row],[구리행]]<>"",MAX(0,DAY(EOMONTH(급여기준월,0))-N(명단표[[#This Row],[구리명단 근무일]])),IF(명단표[[#This Row],[기준월 근무병원]]="서울병원",DAY(EOMONTH(급여기준월,0)),0))) | T4: =IF(NOT(TRIM(명단표[[#This Row],[사번]]&"")<>""),"",IF(명단표[[#This Row],[구리행]]<>"",N(명단표[[#This Row],[구리명단 근무일]]),IF(명단표[[#This Row],[기준월 근무병원]]="구리병원",DAY(EOMONTH(급여기준월,0)),0))) | U4: =IF(NOT(TRIM(명단표[[#This Row],[사번]]&"")<>""),"",IF(명단표[[#This Row],[직접행(기준월)]]<>"",INDEX(월별근무지표[적용 급여병원],명단표[[#This Row],[직접행(기준월)]]),IF(명단표[[#This Row],[기준월 근무병원]]="","",IF(명단표[[#This Row],[구리행]]="",명단표[[#This Row],[기준월 근무병원]],IF(AND(명단표[[#This Row],[서울 근무일(기준월)]]>=판정기준일,명단표[[#This Row],[구리 근무일(기준월)]]<판정기준일),"서울병원",IF(AND(명단표[[#This Row],[구리 근무일(기준월)]]>=판정기준일,명단표[[#This Row],[서울 근무일(기준월)]]<판정기준일),"구리병원","⚠15일 판정불가(서울 "&명단표[[#This Row],[서울 근무일(기준월)]]&"일/구리 "&명단표[[#This Row],[구리 근무일(기준월)]]&"일)")))))) | V4: =IF(OR(NOT(TRIM(명단표[[#This Row],[사번]]&"")<>""),명단표[[#This Row],[급여지급병원(기준월)]]=""),"",IF(명단표[[#This Row],[직접행(기준월)]]<>"","직접 입력(입력_월별근무지)"&IF(INDEX(월별근무지표[비고],명단표[[#This Row],[직접행(기준월)]])&""="",""," — "&INDEX(월별근무지표[비고],명단표[[#This Row],[직접행(기준월)]])),IF(명단표[[#This Row],[구리행]]<>"","서울 "&명단표[[#This Row],[서울 근무일(기준월)]]&"일 / 구리 "&명단표[[#This Row],[구리 근무일(기준월)]]&"일 (구리 근무자명단) → 15일 이상 근무 병원 지급",IF(AND(명단표[[#This Row],[인턴 기준월]]<>"",LEFT(명단표[[#This Row],[인턴 기준월]],1)<>"⚠"),"인턴 근무계획 → 그 달 근무병원 지급","구리 근무자명단에 없음 → 소속병원 지급")))) | W4: =IF(NOT(TRIM(명단표[[#This Row],[사번]]&"")<>""),"",IF(명단표[[#This Row],[기본자료행]]="","기본자료에 없는 사번",IF(COUNTIF(명단표[사번],명단표[[#This Row],[사번]])>1,"중복 사번",IF(명단표[[#This Row],[소속병원]]="","소속(입사장소) 입력",IF(LEFT(명단표[[#This Row],[급여지급병원(기준월)]],1)="⚠","서울·구리 15일 판정 불가(양쪽 모두 이상/미만)",IF(IF(명단표[[#This Row],[인턴계획행]]="",0,N(INDEX(인턴계획표[입력오류],명단표[[#This Row],[인턴계획행]])))>0,"인턴계획 입력오류 확인",IF(AND(명단표[[#This Row],[구리행]]="",COUNTIF(구리_이름,명단표[[#This Row],[이름]])>0),"구리 근무자명단 연결 확인(동명이인·과 불일치)","정상"))))))) | X4: 예시 데이터 | Y4: =IF(NOT(TRIM(명단표[[#This Row],[사번]]&"")<>""),"",IF(명단표[[#This Row],[직접행(전월)]]<>"",INDEX(월별근무지표[근무병원],명단표[[#This Row],[직접행(전월)]]),IF(AND(명단표[[#This Row],[인턴 전월]]<>"",LEFT(명단표[[#This Row],[인턴 전월]],1)<>"⚠"),LEFT(명단표[[#This Row],[인턴 전월]],FIND(" ",명단표[[#This Row],[인턴 전월]])-1),명단표[[#This Row],[소속병원]]))) | Z4: =IF(NOT(TRIM(명단표[[#This Row],[사번]]&"")<>""),"",IF(명단표[[#This Row],[직접행(전월)]]<>"",INDEX(월별근무지표[적용 급여병원],명단표[[#This Row],[직접행(전월)]]),명단표[[#This Row],[전월 근무병원]])) | AA4: =IF(NOT(TRIM(명단표[[#This Row],[사번]]&"")<>""),"",IF(명단표[[#This Row],[직접행(전월)]]<>"","직접 입력(입력_월별근무지)"&IF(INDEX(월별근무지표[비고],명단표[[#This Row],[직접행(전월)]])&""="",""," — "&INDEX(월별근무지표[비고],명단표[[#This Row],[직접행(전월)]])),IF(AND(명단표[[#This Row],[인턴 전월]]<>"",LEFT(명단표[[#This Row],[인턴 전월]],1)<>"⚠"),"인턴 근무계획 → 그 달 근무병원",IF(명단표[[#This Row],[구리행]]<>"","⚠자동(소속병원) — 급여 기준월에 구리 근무, 직접 입력 확인","자동(소속병원) — 구리 근무자명단 미반영")))) | AB4: =IF(NOT(TRIM(명단표[[#This Row],[사번]]&"")<>""),"",IF(명단표[[#This Row],[직접행(익월)]]<>"",INDEX(월별근무지표[근무병원],명단표[[#This Row],[직접행(익월)]]),IF(AND(명단표[[#This Row],[인턴 익월]]<>"",LEFT(명단표[[#This Row],[인턴 익월]],1)<>"⚠"),LEFT(명단표[[#This Row],[인턴 익월]],FIND(" ",명단표[[#This Row],[인턴 익월]])-1),명단표[[#This Row],[소속병원]]))) | AC4: =IF(NOT(TRIM(명단표[[#This Row],[사번]]&"")<>""),"",IF(명단표[[#This Row],[직접행(익월)]]<>"",INDEX(월별근무지표[적용 급여병원],명단표[[#This Row],[직접행(익월)]]),명단표[[#This Row],[익월 근무병원]])) | AD4: =IF(NOT(TRIM(명단표[[#This Row],[사번]]&"")<>""),"",IF(명단표[[#This Row],[직접행(익월)]]<>"","직접 입력(입력_월별근무지)"&IF(INDEX(월별근무지표[비고],명단표[[#This Row],[직접행(익월)]])&""="",""," — "&INDEX(월별근무지표[비고],명단표[[#This Row],[직접행(익월)]])),IF(AND(명단표[[#This Row],[인턴 익월]]<>"",LEFT(명단표[[#This Row],[인턴 익월]],1)<>"⚠"),"인턴 근무계획 → 그 달 근무병원",IF(명단표[[#This Row],[구리행]]<>"","⚠자동(소속병원) — 급여 기준월에 구리 근무, 직접 입력 확인","자동(소속병원) — 구리 근무자명단 미반영")))) | AE4: =IF(NOT(TRIM(명단표[[#This Row],[사번]]&"")<>""),"",IFERROR(_xlfn.XMATCH("S|"&TRIM(명단표[[#This Row],[사번]]&""),기본자료표[사번키]),"")) | AF4: =IF(명단표[[#This Row],[이름]]="","",명단표[[#This Row],[이름]]&"|"&명단표[[#This Row],[수련과목]]) | AG4: =IF(NOT(TRIM(명단표[[#This Row],[사번]]&"")<>""),"",IFERROR(_xlfn.XMATCH("S|"&TRIM(명단표[[#This Row],[사번]]&""),인턴계획표[사번키]),"")) | AH4: =IF(OR(명단표[[#This Row],[인턴계획행]]="",인턴위치_이번=""),"",INDEX(인턴계획표[[정규화1]:[정규화6]],명단표[[#This Row],[인턴계획행]],인턴위치_이번)&"") | AI4: =IF(OR(명단표[[#This Row],[인턴계획행]]="",인턴위치_기준월=""),"",INDEX(인턴계획표[[정규화1]:[정규화6]],명단표[[#This Row],[인턴계획행]],인턴위치_기준월)&"") | AJ4: =IF(OR(명단표[[#This Row],[인턴계획행]]="",인턴위치_전월=""),"",INDEX(인턴계획표[[정규화1]:[정규화6]],명단표[[#This Row],[인턴계획행]],인턴위치_전월)&"") | AK4: =IF(OR(명단표[[#This Row],[인턴계획행]]="",인턴위치_익월=""),"",INDEX(인턴계획표[[정규화1]:[정규화6]],명단표[[#This Row],[인턴계획행]],인턴위치_익월)&"") | AL4: =IF(NOT(TRIM(명단표[[#This Row],[사번]]&"")<>""),"",IFERROR(_xlfn.XMATCH("S|"&TRIM(명단표[[#This Row],[사번]]&"")&"|"&기준월키,월별근무지표[키]),"")) | AM4: =IF(NOT(TRIM(명단표[[#This Row],[사번]]&"")<>""),"",IFERROR(_xlfn.XMATCH("S|"&TRIM(명단표[[#This Row],[사번]]&"")&"|"&전월키,월별근무지표[키]),"")) | AN4: =IF(NOT(TRIM(명단표[[#This Row],[사번]]&"")<>""),"",IFERROR(_xlfn.XMATCH("S|"&TRIM(명단표[[#This Row],[사번]]&"")&"|"&익월키,월별근무지표[키]),"")) | AO4: =IF(NOT(TRIM(명단표[[#This Row],[사번]]&"")<>""),"",IF(명단표[[#This Row],[입사장소]]<>"",명단표[[#This Row],[입사장소]],IF(명단표[[#This Row],[구리독자]]="구리독자","구리병원",IF(명단표[[#This Row],[근무지]]="","",_xlfn.XLOOKUP(TRIM(명단표[[#This Row],[근무지]]&""),병원약칭표[표기],병원약칭표[정식 병원],명단표[[#This Row],[근무지]]&""))))) | AP4: =IF(NOT(TRIM(명단표[[#This Row],[사번]]&"")<>""),"",IF(명단표[[#This Row],[직접행(기준월)]]<>"",INDEX(월별근무지표[근무병원],명단표[[#This Row],[직접행(기준월)]]),IF(AND(명단표[[#This Row],[인턴 기준월]]<>"",LEFT(명단표[[#This Row],[인턴 기준월]],1)<>"⚠"),LEFT(명단표[[#This Row],[인턴 기준월]],FIND(" ",명단표[[#This Row],[인턴 기준월]])-1),명단표[[#This Row],[소속병원]]))) | AQ4: =IF(명단표[[#This Row],[이름]]="","",_xlfn.LET(_xlpm.v_a,_xlfn.XMATCH(명단표[[#This Row],[이름|과]],구리_키),IF(ISNUMBER(_xlpm.v_a),_xlpm.v_a,IF(AND(COUNTIF(구리_이름,명단표[[#This Row],[이름]])=1,COUNTIF(명단표[이름],명단표[[#This Row],[이름]])=1),_xlfn.XMATCH(명단표[[#This Row],[이름]],구리_이름),"")))) | AR4: =IF(명단표[[#This Row],[구리행]]="","",INDEX(구리_근무일,명단표[[#This Row],[구리행]])) | AS4: =IF(명단표[[#This Row],[구리행]]="","",_xlfn.LET(_xlpm.v_s,IFERROR(DATEVALUE(명단표[[#This Row],[구리 근무 시작일(기준월)]]),""),_xlpm.v_e,IFERROR(DATEVALUE(명단표[[#This Row],[구리 근무 종료일(기준월)]]),""),IF(AND(ISNUMBER(_xlpm.v_s),ISNUMBER(_xlpm.v_e)),IF(AND(TODAY()>=_xlpm.v_s,TODAY()<=_xlpm.v_e),"Y",""),"")))
A5: =ROW()-ROW(명단표[#Headers]) | B5: 2261215 | C5: =IF(명단표[[#This Row],[기본자료행]]="","",IF(INDEX(기본자료표[이름],명단표[[#This Row],[기본자료행]])="","",INDEX(기본자료표[이름],명단표[[#This Row],[기본자료행]]))) | D5: =IF(명단표[[#This Row],[기본자료행]]="","",IF(INDEX(기본자료표[성별],명단표[[#This Row],[기본자료행]])="","",INDEX(기본자료표[성별],명단표[[#This Row],[기본자료행]]))) | E5: =IF(명단표[[#This Row],[기본자료행]]="","",_xlfn.LET(_xlpm.v_x,INDEX(기본자료표[생년월일],명단표[[#This Row],[기본자료행]]),IF(_xlpm.v_x="","",IF(NOT(ISNUMBER(_xlpm.v_x)),_xlpm.v_x&"",IF(_xlpm.v_x<1000000,_xlpm.v_x,IF(AND(_xlpm.v_x>=10000101,INT(MOD(_xlpm.v_x,10000)/100)>=1,INT(MOD(_xlpm.v_x,10000)/100)<=12,MOD(_xlpm.v_x,100)>=1,MOD(_xlpm.v_x,100)<=31),DATE(INT(_xlpm.v_x/10000),INT(MOD(_xlpm.v_x,10000)/100),MOD(_xlpm.v_x,100)),_xlpm.v_x&"")))))) | F5: =IF(명단표[[#This Row],[기본자료행]]="","",IF(INDEX(기본자료표[수련과목],명단표[[#This Row],[기본자료행]])="","",INDEX(기본자료표[수련과목],명단표[[#This Row],[기본자료행]]))) | G5: =IF(명단표[[#This Row],[기본자료행]]="","",IF(INDEX(기본자료표[연차],명단표[[#This Row],[기본자료행]])="","",INDEX(기본자료표[연차],명단표[[#This Row],[기본자료행]]))) | H5: =IF(명단표[[#This Row],[기본자료행]]="","",IF(INDEX(기본자료표[근무지],명단표[[#This Row],[기본자료행]])="","",INDEX(기본자료표[근무지],명단표[[#This Row],[기본자료행]]))) | I5: =IF(명단표[[#This Row],[기본자료행]]="","",_xlfn.LET(_xlpm.v_x,INDEX(기본자료표[수련개시일],명단표[[#This Row],[기본자료행]]),IF(_xlpm.v_x="","",IF(NOT(ISNUMBER(_xlpm.v_x)),_xlpm.v_x&"",IF(_xlpm.v_x<1000000,_xlpm.v_x,IF(AND(_xlpm.v_x>=10000101,INT(MOD(_xlpm.v_x,10000)/100)>=1,INT(MOD(_xlpm.v_x,10000)/100)<=12,MOD(_xlpm.v_x,100)>=1,MOD(_xlpm.v_x,100)<=31),DATE(INT(_xlpm.v_x/10000),INT(MOD(_xlpm.v_x,10000)/100),MOD(_xlpm.v_x,100)),_xlpm.v_x&"")))))) | J5: =IF(명단표[[#This Row],[기본자료행]]="","",IF(INDEX(기본자료표[전공의등록번호],명단표[[#This Row],[기본자료행]])="","",INDEX(기본자료표[전공의등록번호],명단표[[#This Row],[기본자료행]]))) | K5: =IF(명단표[[#This Row],[기본자료행]]="","",IF(INDEX(기본자료표[의사면허번호],명단표[[#This Row],[기본자료행]])="","",INDEX(기본자료표[의사면허번호],명단표[[#This Row],[기본자료행]]))) | L5: =IF(명단표[[#This Row],[기본자료행]]="","",IF(INDEX(기본자료표[현재근무 여부],명단표[[#This Row],[기본자료행]])="","",INDEX(기본자료표[현재근무 여부],명단표[[#This Row],[기본자료행]]))) | M5: 서울병원 | N5: =IF(NOT(TRIM(명단표[[#This Row],[사번]]&"")<>""),"",IF(AND(명단표[[#This Row],[인턴 이번달]]<>"",LEFT(명단표[[#This Row],[인턴 이번달]],1)<>"⚠"),LEFT(명단표[[#This Row],[인턴 이번달]],FIND(" ",명단표[[#This Row],[인턴 이번달]])-1),IF(명단표[[#This Row],[구리 근무 중]]="Y","구리병원",IF(명단표[[#This Row],[근무지]]="","",_xlfn.XLOOKUP(TRIM(명단표[[#This Row],[근무지]]&""),병원약칭표[표기],병원약칭표[정식 병원],명단표[[#This Row],[근무지]]&""))))) | O5: =IF(NOT(TRIM(명단표[[#This Row],[사번]]&"")<>""),"",IF(AND(명단표[[#This Row],[인턴 이번달]]<>"",LEFT(명단표[[#This Row],[인턴 이번달]],1)<>"⚠"),MID(명단표[[#This Row],[인턴 이번달]],FIND(" ",명단표[[#This Row],[인턴 이번달]])+1,60),IF(명단표[[#This Row],[수련과목]]="","",IF(명단표[[#This Row],[수련과목]]="인턴","수련교육부(인턴)",명단표[[#This Row],[수련과목]])))) | P5: =IF(명단표[[#This Row],[구리행]]="","",INDEX(구리_시작,명단표[[#This Row],[구리행]])) | Q5: =IF(명단표[[#This Row],[구리행]]="","",INDEX(구리_종료,명단표[[#This Row],[구리행]])) | R5: =IF(명단표[[#This Row],[구리행]]="","",INDEX(구리_독자,명단표[[#This Row],[구리행]])) | S5: =IF(NOT(TRIM(명단표[[#This Row],[사번]]&"")<>""),"",IF(명단표[[#This Row],[구리행]]<>"",MAX(0,DAY(EOMONTH(급여기준월,0))-N(명단표[[#This Row],[구리명단 근무일]])),IF(명단표[[#This Row],[기준월 근무병원]]="서울병원",DAY(EOMONTH(급여기준월,0)),0))) | T5: =IF(NOT(TRIM(명단표[[#This Row],[사번]]&"")<>""),"",IF(명단표[[#This Row],[구리행]]<>"",N(명단표[[#This Row],[구리명단 근무일]]),IF(명단표[[#This Row],[기준월 근무병원]]="구리병원",DAY(EOMONTH(급여기준월,0)),0))) | U5: =IF(NOT(TRIM(명단표[[#This Row],[사번]]&"")<>""),"",IF(명단표[[#This Row],[직접행(기준월)]]<>"",INDEX(월별근무지표[적용 급여병원],명단표[[#This Row],[직접행(기준월)]]),IF(명단표[[#This Row],[기준월 근무병원]]="","",IF(명단표[[#This Row],[구리행]]="",명단표[[#This Row],[기준월 근무병원]],IF(AND(명단표[[#This Row],[서울 근무일(기준월)]]>=판정기준일,명단표[[#This Row],[구리 근무일(기준월)]]<판정기준일),"서울병원",IF(AND(명단표[[#This Row],[구리 근무일(기준월)]]>=판정기준일,명단표[[#This Row],[서울 근무일(기준월)]]<판정기준일),"구리병원","⚠15일 판정불가(서울 "&명단표[[#This Row],[서울 근무일(기준월)]]&"일/구리 "&명단표[[#This Row],[구리 근무일(기준월)]]&"일)")))))) | V5: =IF(OR(NOT(TRIM(명단표[[#This Row],[사번]]&"")<>""),명단표[[#This Row],[급여지급병원(기준월)]]=""),"",IF(명단표[[#This Row],[직접행(기준월)]]<>"","직접 입력(입력_월별근무지)"&IF(INDEX(월별근무지표[비고],명단표[[#This Row],[직접행(기준월)]])&""="",""," — "&INDEX(월별근무지표[비고],명단표[[#This Row],[직접행(기준월)]])),IF(명단표[[#This Row],[구리행]]<>"","서울 "&명단표[[#This Row],[서울 근무일(기준월)]]&"일 / 구리 "&명단표[[#This Row],[구리 근무일(기준월)]]&"일 (구리 근무자명단) → 15일 이상 근무 병원 지급",IF(AND(명단표[[#This Row],[인턴 기준월]]<>"",LEFT(명단표[[#This Row],[인턴 기준월]],1)<>"⚠"),"인턴 근무계획 → 그 달 근무병원 지급","구리 근무자명단에 없음 → 소속병원 지급")))) | W5: =IF(NOT(TRIM(명단표[[#This Row],[사번]]&"")<>""),"",IF(명단표[[#This Row],[기본자료행]]="","기본자료에 없는 사번",IF(COUNTIF(명단표[사번],명단표[[#This Row],[사번]])>1,"중복 사번",IF(명단표[[#This Row],[소속병원]]="","소속(입사장소) 입력",IF(LEFT(명단표[[#This Row],[급여지급병원(기준월)]],1)="⚠","서울·구리 15일 판정 불가(양쪽 모두 이상/미만)",IF(IF(명단표[[#This Row],[인턴계획행]]="",0,N(INDEX(인턴계획표[입력오류],명단표[[#This Row],[인턴계획행]])))>0,"인턴계획 입력오류 확인",IF(AND(명단표[[#This Row],[구리행]]="",COUNTIF(구리_이름,명단표[[#This Row],[이름]])>0),"구리 근무자명단 연결 확인(동명이인·과 불일치)","정상"))))))) | X5: 예시 데이터 | Y5: =IF(NOT(TRIM(명단표[[#This Row],[사번]]&"")<>""),"",IF(명단표[[#This Row],[직접행(전월)]]<>"",INDEX(월별근무지표[근무병원],명단표[[#This Row],[직접행(전월)]]),IF(AND(명단표[[#This Row],[인턴 전월]]<>"",LEFT(명단표[[#This Row],[인턴 전월]],1)<>"⚠"),LEFT(명단표[[#This Row],[인턴 전월]],FIND(" ",명단표[[#This Row],[인턴 전월]])-1),명단표[[#This Row],[소속병원]]))) | Z5: =IF(NOT(TRIM(명단표[[#This Row],[사번]]&"")<>""),"",IF(명단표[[#This Row],[직접행(전월)]]<>"",INDEX(월별근무지표[적용 급여병원],명단표[[#This Row],[직접행(전월)]]),명단표[[#This Row],[전월 근무병원]])) | AA5: =IF(NOT(TRIM(명단표[[#This Row],[사번]]&"")<>""),"",IF(명단표[[#This Row],[직접행(전월)]]<>"","직접 입력(입력_월별근무지)"&IF(INDEX(월별근무지표[비고],명단표[[#This Row],[직접행(전월)]])&""="",""," — "&INDEX(월별근무지표[비고],명단표[[#This Row],[직접행(전월)]])),IF(AND(명단표[[#This Row],[인턴 전월]]<>"",LEFT(명단표[[#This Row],[인턴 전월]],1)<>"⚠"),"인턴 근무계획 → 그 달 근무병원",IF(명단표[[#This Row],[구리행]]<>"","⚠자동(소속병원) — 급여 기준월에 구리 근무, 직접 입력 확인","자동(소속병원) — 구리 근무자명단 미반영")))) | AB5: =IF(NOT(TRIM(명단표[[#This Row],[사번]]&"")<>""),"",IF(명단표[[#This Row],[직접행(익월)]]<>"",INDEX(월별근무지표[근무병원],명단표[[#This Row],[직접행(익월)]]),IF(AND(명단표[[#This Row],[인턴 익월]]<>"",LEFT(명단표[[#This Row],[인턴 익월]],1)<>"⚠"),LEFT(명단표[[#This Row],[인턴 익월]],FIND(" ",명단표[[#This Row],[인턴 익월]])-1),명단표[[#This Row],[소속병원]]))) | AC5: =IF(NOT(TRIM(명단표[[#This Row],[사번]]&"")<>""),"",IF(명단표[[#This Row],[직접행(익월)]]<>"",INDEX(월별근무지표[적용 급여병원],명단표[[#This Row],[직접행(익월)]]),명단표[[#This Row],[익월 근무병원]])) | AD5: =IF(NOT(TRIM(명단표[[#This Row],[사번]]&"")<>""),"",IF(명단표[[#This Row],[직접행(익월)]]<>"","직접 입력(입력_월별근무지)"&IF(INDEX(월별근무지표[비고],명단표[[#This Row],[직접행(익월)]])&""="",""," — "&INDEX(월별근무지표[비고],명단표[[#This Row],[직접행(익월)]])),IF(AND(명단표[[#This Row],[인턴 익월]]<>"",LEFT(명단표[[#This Row],[인턴 익월]],1)<>"⚠"),"인턴 근무계획 → 그 달 근무병원",IF(명단표[[#This Row],[구리행]]<>"","⚠자동(소속병원) — 급여 기준월에 구리 근무, 직접 입력 확인","자동(소속병원) — 구리 근무자명단 미반영")))) | AE5: =IF(NOT(TRIM(명단표[[#This Row],[사번]]&"")<>""),"",IFERROR(_xlfn.XMATCH("S|"&TRIM(명단표[[#This Row],[사번]]&""),기본자료표[사번키]),"")) | AF5: =IF(명단표[[#This Row],[이름]]="","",명단표[[#This Row],[이름]]&"|"&명단표[[#This Row],[수련과목]]) | AG5: =IF(NOT(TRIM(명단표[[#This Row],[사번]]&"")<>""),"",IFERROR(_xlfn.XMATCH("S|"&TRIM(명단표[[#This Row],[사번]]&""),인턴계획표[사번키]),"")) | AH5: =IF(OR(명단표[[#This Row],[인턴계획행]]="",인턴위치_이번=""),"",INDEX(인턴계획표[[정규화1]:[정규화6]],명단표[[#This Row],[인턴계획행]],인턴위치_이번)&"") | AI5: =IF(OR(명단표[[#This Row],[인턴계획행]]="",인턴위치_기준월=""),"",INDEX(인턴계획표[[정규화1]:[정규화6]],명단표[[#This Row],[인턴계획행]],인턴위치_기준월)&"") | AJ5: =IF(OR(명단표[[#This Row],[인턴계획행]]="",인턴위치_전월=""),"",INDEX(인턴계획표[[정규화1]:[정규화6]],명단표[[#This Row],[인턴계획행]],인턴위치_전월)&"") | AK5: =IF(OR(명단표[[#This Row],[인턴계획행]]="",인턴위치_익월=""),"",INDEX(인턴계획표[[정규화1]:[정규화6]],명단표[[#This Row],[인턴계획행]],인턴위치_익월)&"") | AL5: =IF(NOT(TRIM(명단표[[#This Row],[사번]]&"")<>""),"",IFERROR(_xlfn.XMATCH("S|"&TRIM(명단표[[#This Row],[사번]]&"")&"|"&기준월키,월별근무지표[키]),"")) | AM5: =IF(NOT(TRIM(명단표[[#This Row],[사번]]&"")<>""),"",IFERROR(_xlfn.XMATCH("S|"&TRIM(명단표[[#This Row],[사번]]&"")&"|"&전월키,월별근무지표[키]),"")) | AN5: =IF(NOT(TRIM(명단표[[#This Row],[사번]]&"")<>""),"",IFERROR(_xlfn.XMATCH("S|"&TRIM(명단표[[#This Row],[사번]]&"")&"|"&익월키,월별근무지표[키]),"")) | AO5: =IF(NOT(TRIM(명단표[[#This Row],[사번]]&"")<>""),"",IF(명단표[[#This Row],[입사장소]]<>"",명단표[[#This Row],[입사장소]],IF(명단표[[#This Row],[구리독자]]="구리독자","구리병원",IF(명단표[[#This Row],[근무지]]="","",_xlfn.XLOOKUP(TRIM(명단표[[#This Row],[근무지]]&""),병원약칭표[표기],병원약칭표[정식 병원],명단표[[#This Row],[근무지]]&""))))) | AP5: =IF(NOT(TRIM(명단표[[#This Row],[사번]]&"")<>""),"",IF(명단표[[#This Row],[직접행(기준월)]]<>"",INDEX(월별근무지표[근무병원],명단표[[#This Row],[직접행(기준월)]]),IF(AND(명단표[[#This Row],[인턴 기준월]]<>"",LEFT(명단표[[#This Row],[인턴 기준월]],1)<>"⚠"),LEFT(명단표[[#This Row],[인턴 기준월]],FIND(" ",명단표[[#This Row],[인턴 기준월]])-1),명단표[[#This Row],[소속병원]]))) | AQ5: =IF(명단표[[#This Row],[이름]]="","",_xlfn.LET(_xlpm.v_a,_xlfn.XMATCH(명단표[[#This Row],[이름|과]],구리_키),IF(ISNUMBER(_xlpm.v_a),_xlpm.v_a,IF(AND(COUNTIF(구리_이름,명단표[[#This Row],[이름]])=1,COUNTIF(명단표[이름],명단표[[#This Row],[이름]])=1),_xlfn.XMATCH(명단표[[#This Row],[이름]],구리_이름),"")))) | AR5: =IF(명단표[[#This Row],[구리행]]="","",INDEX(구리_근무일,명단표[[#This Row],[구리행]])) | AS5: =IF(명단표[[#This Row],[구리행]]="","",_xlfn.LET(_xlpm.v_s,IFERROR(DATEVALUE(명단표[[#This Row],[구리 근무 시작일(기준월)]]),""),_xlpm.v_e,IFERROR(DATEVALUE(명단표[[#This Row],[구리 근무 종료일(기준월)]]),""),IF(AND(ISNUMBER(_xlpm.v_s),ISNUMBER(_xlpm.v_e)),IF(AND(TODAY()>=_xlpm.v_s,TODAY()<=_xlpm.v_e),"Y",""),"")))
A6: =ROW()-ROW(명단표[#Headers]) | B6: 2261216 | C6: =IF(명단표[[#This Row],[기본자료행]]="","",IF(INDEX(기본자료표[이름],명단표[[#This Row],[기본자료행]])="","",INDEX(기본자료표[이름],명단표[[#This Row],[기본자료행]]))) | D6: =IF(명단표[[#This Row],[기본자료행]]="","",IF(INDEX(기본자료표[성별],명단표[[#This Row],[기본자료행]])="","",INDEX(기본자료표[성별],명단표[[#This Row],[기본자료행]]))) | E6: =IF(명단표[[#This Row],[기본자료행]]="","",_xlfn.LET(_xlpm.v_x,INDEX(기본자료표[생년월일],명단표[[#This Row],[기본자료행]]),IF(_xlpm.v_x="","",IF(NOT(ISNUMBER(_xlpm.v_x)),_xlpm.v_x&"",IF(_xlpm.v_x<1000000,_xlpm.v_x,IF(AND(_xlpm.v_x>=10000101,INT(MOD(_xlpm.v_x,10000)/100)>=1,INT(MOD(_xlpm.v_x,10000)/100)<=12,MOD(_xlpm.v_x,100)>=1,MOD(_xlpm.v_x,100)<=31),DATE(INT(_xlpm.v_x/10000),INT(MOD(_xlpm.v_x,10000)/100),MOD(_xlpm.v_x,100)),_xlpm.v_x&"")))))) | F6: =IF(명단표[[#This Row],[기본자료행]]="","",IF(INDEX(기본자료표[수련과목],명단표[[#This Row],[기본자료행]])="","",INDEX(기본자료표[수련과목],명단표[[#This Row],[기본자료행]]))) | G6: =IF(명단표[[#This Row],[기본자료행]]="","",IF(INDEX(기본자료표[연차],명단표[[#This Row],[기본자료행]])="","",INDEX(기본자료표[연차],명단표[[#This Row],[기본자료행]]))) | H6: =IF(명단표[[#This Row],[기본자료행]]="","",IF(INDEX(기본자료표[근무지],명단표[[#This Row],[기본자료행]])="","",INDEX(기본자료표[근무지],명단표[[#This Row],[기본자료행]]))) | I6: =IF(명단표[[#This Row],[기본자료행]]="","",_xlfn.LET(_xlpm.v_x,INDEX(기본자료표[수련개시일],명단표[[#This Row],[기본자료행]]),IF(_xlpm.v_x="","",IF(NOT(ISNUMBER(_xlpm.v_x)),_xlpm.v_x&"",IF(_xlpm.v_x<1000000,_xlpm.v_x,IF(AND(_xlpm.v_x>=10000101,INT(MOD(_xlpm.v_x,10000)/100)>=1,INT(MOD(_xlpm.v_x,10000)/100)<=12,MOD(_xlpm.v_x,100)>=1,MOD(_xlpm.v_x,100)<=31),DATE(INT(_xlpm.v_x/10000),INT(MOD(_xlpm.v_x,10000)/100),MOD(_xlpm.v_x,100)),_xlpm.v_x&"")))))) | J6: =IF(명단표[[#This Row],[기본자료행]]="","",IF(INDEX(기본자료표[전공의등록번호],명단표[[#This Row],[기본자료행]])="","",INDEX(기본자료표[전공의등록번호],명단표[[#This Row],[기본자료행]]))) | K6: =IF(명단표[[#This Row],[기본자료행]]="","",IF(INDEX(기본자료표[의사면허번호],명단표[[#This Row],[기본자료행]])="","",INDEX(기본자료표[의사면허번호],명단표[[#This Row],[기본자료행]]))) | L6: =IF(명단표[[#This Row],[기본자료행]]="","",IF(INDEX(기본자료표[현재근무 여부],명단표[[#This Row],[기본자료행]])="","",INDEX(기본자료표[현재근무 여부],명단표[[#This Row],[기본자료행]]))) | M6: 구리병원 | N6: =IF(NOT(TRIM(명단표[[#This Row],[사번]]&"")<>""),"",IF(AND(명단표[[#This Row],[인턴 이번달]]<>"",LEFT(명단표[[#This Row],[인턴 이번달]],1)<>"⚠"),LEFT(명단표[[#This Row],[인턴 이번달]],FIND(" ",명단표[[#This Row],[인턴 이번달]])-1),IF(명단표[[#This Row],[구리 근무 중]]="Y","구리병원",IF(명단표[[#This Row],[근무지]]="","",_xlfn.XLOOKUP(TRIM(명단표[[#This Row],[근무지]]&""),병원약칭표[표기],병원약칭표[정식 병원],명단표[[#This Row],[근무지]]&""))))) | O6: =IF(NOT(TRIM(명단표[[#This Row],[사번]]&"")<>""),"",IF(AND(명단표[[#This Row],[인턴 이번달]]<>"",LEFT(명단표[[#This Row],[인턴 이번달]],1)<>"⚠"),MID(명단표[[#This Row],[인턴 이번달]],FIND(" ",명단표[[#This Row],[인턴 이번달]])+1,60),IF(명단표[[#This Row],[수련과목]]="","",IF(명단표[[#This Row],[수련과목]]="인턴","수련교육부(인턴)",명단표[[#This Row],[수련과목]])))) | P6: =IF(명단표[[#This Row],[구리행]]="","",INDEX(구리_시작,명단표[[#This Row],[구리행]])) | Q6: =IF(명단표[[#This Row],[구리행]]="","",INDEX(구리_종료,명단표[[#This Row],[구리행]])) | R6: =IF(명단표[[#This Row],[구리행]]="","",INDEX(구리_독자,명단표[[#This Row],[구리행]])) | S6: =IF(NOT(TRIM(명단표[[#This Row],[사번]]&"")<>""),"",IF(명단표[[#This Row],[구리행]]<>"",MAX(0,DAY(EOMONTH(급여기준월,0))-N(명단표[[#This Row],[구리명단 근무일]])),IF(명단표[[#This Row],[기준월 근무병원]]="서울병원",DAY(EOMONTH(급여기준월,0)),0))) | T6: =IF(NOT(TRIM(명단표[[#This Row],[사번]]&"")<>""),"",IF(명단표[[#This Row],[구리행]]<>"",N(명단표[[#This Row],[구리명단 근무일]]),IF(명단표[[#This Row],[기준월 근무병원]]="구리병원",DAY(EOMONTH(급여기준월,0)),0))) | U6: =IF(NOT(TRIM(명단표[[#This Row],[사번]]&"")<>""),"",IF(명단표[[#This Row],[직접행(기준월)]]<>"",INDEX(월별근무지표[적용 급여병원],명단표[[#This Row],[직접행(기준월)]]),IF(명단표[[#This Row],[기준월 근무병원]]="","",IF(명단표[[#This Row],[구리행]]="",명단표[[#This Row],[기준월 근무병원]],IF(AND(명단표[[#This Row],[서울 근무일(기준월)]]>=판정기준일,명단표[[#This Row],[구리 근무일(기준월)]]<판정기준일),"서울병원",IF(AND(명단표[[#This Row],[구리 근무일(기준월)]]>=판정기준일,명단표[[#This Row],[서울 근무일(기준월)]]<판정기준일),"구리병원","⚠15일 판정불가(서울 "&명단표[[#This Row],[서울 근무일(기준월)]]&"일/구리 "&명단표[[#This Row],[구리 근무일(기준월)]]&"일)")))))) | V6: =IF(OR(NOT(TRIM(명단표[[#This Row],[사번]]&"")<>""),명단표[[#This Row],[급여지급병원(기준월)]]=""),"",IF(명단표[[#This Row],[직접행(기준월)]]<>"","직접 입력(입력_월별근무지)"&IF(INDEX(월별근무지표[비고],명단표[[#This Row],[직접행(기준월)]])&""="",""," — "&INDEX(월별근무지표[비고],명단표[[#This Row],[직접행(기준월)]])),IF(명단표[[#This Row],[구리행]]<>"","서울 "&명단표[[#This Row],[서울 근무일(기준월)]]&"일 / 구리 "&명단표[[#This Row],[구리 근무일(기준월)]]&"일 (구리 근무자명단) → 15일 이상 근무 병원 지급",IF(AND(명단표[[#This Row],[인턴 기준월]]<>"",LEFT(명단표[[#This Row],[인턴 기준월]],1)<>"⚠"),"인턴 근무계획 → 그 달 근무병원 지급","구리 근무자명단에 없음 → 소속병원 지급")))) | W6: =IF(NOT(TRIM(명단표[[#This Row],[사번]]&"")<>""),"",IF(명단표[[#This Row],[기본자료행]]="","기본자료에 없는 사번",IF(COUNTIF(명단표[사번],명단표[[#This Row],[사번]])>1,"중복 사번",IF(명단표[[#This Row],[소속병원]]="","소속(입사장소) 입력",IF(LEFT(명단표[[#This Row],[급여지급병원(기준월)]],1)="⚠","서울·구리 15일 판정 불가(양쪽 모두 이상/미만)",IF(IF(명단표[[#This Row],[인턴계획행]]="",0,N(INDEX(인턴계획표[입력오류],명단표[[#This Row],[인턴계획행]])))>0,"인턴계획 입력오류 확인",IF(AND(명단표[[#This Row],[구리행]]="",COUNTIF(구리_이름,명단표[[#This Row],[이름]])>0),"구리 근무자명단 연결 확인(동명이인·과 불일치)","정상"))))))) | X6: 예시 데이터 | Y6: =IF(NOT(TRIM(명단표[[#This Row],[사번]]&"")<>""),"",IF(명단표[[#This Row],[직접행(전월)]]<>"",INDEX(월별근무지표[근무병원],명단표[[#This Row],[직접행(전월)]]),IF(AND(명단표[[#This Row],[인턴 전월]]<>"",LEFT(명단표[[#This Row],[인턴 전월]],1)<>"⚠"),LEFT(명단표[[#This Row],[인턴 전월]],FIND(" ",명단표[[#This Row],[인턴 전월]])-1),명단표[[#This Row],[소속병원]]))) | Z6: =IF(NOT(TRIM(명단표[[#This Row],[사번]]&"")<>""),"",IF(명단표[[#This Row],[직접행(전월)]]<>"",INDEX(월별근무지표[적용 급여병원],명단표[[#This Row],[직접행(전월)]]),명단표[[#This Row],[전월 근무병원]])) | AA6: =IF(NOT(TRIM(명단표[[#This Row],[사번]]&"")<>""),"",IF(명단표[[#This Row],[직접행(전월)]]<>"","직접 입력(입력_월별근무지)"&IF(INDEX(월별근무지표[비고],명단표[[#This Row],[직접행(전월)]])&""="",""," — "&INDEX(월별근무지표[비고],명단표[[#This Row],[직접행(전월)]])),IF(AND(명단표[[#This Row],[인턴 전월]]<>"",LEFT(명단표[[#This Row],[인턴 전월]],1)<>"⚠"),"인턴 근무계획 → 그 달 근무병원",IF(명단표[[#This Row],[구리행]]<>"","⚠자동(소속병원) — 급여 기준월에 구리 근무, 직접 입력 확인","자동(소속병원) — 구리 근무자명단 미반영")))) | AB6: =IF(NOT(TRIM(명단표[[#This Row],[사번]]&"")<>""),"",IF(명단표[[#This Row],[직접행(익월)]]<>"",INDEX(월별근무지표[근무병원],명단표[[#This Row],[직접행(익월)]]),IF(AND(명단표[[#This Row],[인턴 익월]]<>"",LEFT(명단표[[#This Row],[인턴 익월]],1)<>"⚠"),LEFT(명단표[[#This Row],[인턴 익월]],FIND(" ",명단표[[#This Row],[인턴 익월]])-1),명단표[[#This Row],[소속병원]]))) | AC6: =IF(NOT(TRIM(명단표[[#This Row],[사번]]&"")<>""),"",IF(명단표[[#This Row],[직접행(익월)]]<>"",INDEX(월별근무지표[적용 급여병원],명단표[[#This Row],[직접행(익월)]]),명단표[[#This Row],[익월 근무병원]])) | AD6: =IF(NOT(TRIM(명단표[[#This Row],[사번]]&"")<>""),"",IF(명단표[[#This Row],[직접행(익월)]]<>"","직접 입력(입력_월별근무지)"&IF(INDEX(월별근무지표[비고],명단표[[#This Row],[직접행(익월)]])&""="",""," — "&INDEX(월별근무지표[비고],명단표[[#This Row],[직접행(익월)]])),IF(AND(명단표[[#This Row],[인턴 익월]]<>"",LEFT(명단표[[#This Row],[인턴 익월]],1)<>"⚠"),"인턴 근무계획 → 그 달 근무병원",IF(명단표[[#This Row],[구리행]]<>"","⚠자동(소속병원) — 급여 기준월에 구리 근무, 직접 입력 확인","자동(소속병원) — 구리 근무자명단 미반영")))) | AE6: =IF(NOT(TRIM(명단표[[#This Row],[사번]]&"")<>""),"",IFERROR(_xlfn.XMATCH("S|"&TRIM(명단표[[#This Row],[사번]]&""),기본자료표[사번키]),"")) | AF6: =IF(명단표[[#This Row],[이름]]="","",명단표[[#This Row],[이름]]&"|"&명단표[[#This Row],[수련과목]]) | AG6: =IF(NOT(TRIM(명단표[[#This Row],[사번]]&"")<>""),"",IFERROR(_xlfn.XMATCH("S|"&TRIM(명단표[[#This Row],[사번]]&""),인턴계획표[사번키]),"")) | AH6: =IF(OR(명단표[[#This Row],[인턴계획행]]="",인턴위치_이번=""),"",INDEX(인턴계획표[[정규화1]:[정규화6]],명단표[[#This Row],[인턴계획행]],인턴위치_이번)&"") | AI6: =IF(OR(명단표[[#This Row],[인턴계획행]]="",인턴위치_기준월=""),"",INDEX(인턴계획표[[정규화1]:[정규화6]],명단표[[#This Row],[인턴계획행]],인턴위치_기준월)&"") | AJ6: =IF(OR(명단표[[#This Row],[인턴계획행]]="",인턴위치_전월=""),"",INDEX(인턴계획표[[정규화1]:[정규화6]],명단표[[#This Row],[인턴계획행]],인턴위치_전월)&"") | AK6: =IF(OR(명단표[[#This Row],[인턴계획행]]="",인턴위치_익월=""),"",INDEX(인턴계획표[[정규화1]:[정규화6]],명단표[[#This Row],[인턴계획행]],인턴위치_익월)&"") | AL6: =IF(NOT(TRIM(명단표[[#This Row],[사번]]&"")<>""),"",IFERROR(_xlfn.XMATCH("S|"&TRIM(명단표[[#This Row],[사번]]&"")&"|"&기준월키,월별근무지표[키]),"")) | AM6: =IF(NOT(TRIM(명단표[[#This Row],[사번]]&"")<>""),"",IFERROR(_xlfn.XMATCH("S|"&TRIM(명단표[[#This Row],[사번]]&"")&"|"&전월키,월별근무지표[키]),"")) | AN6: =IF(NOT(TRIM(명단표[[#This Row],[사번]]&"")<>""),"",IFERROR(_xlfn.XMATCH("S|"&TRIM(명단표[[#This Row],[사번]]&"")&"|"&익월키,월별근무지표[키]),"")) | AO6: =IF(NOT(TRIM(명단표[[#This Row],[사번]]&"")<>""),"",IF(명단표[[#This Row],[입사장소]]<>"",명단표[[#This Row],[입사장소]],IF(명단표[[#This Row],[구리독자]]="구리독자","구리병원",IF(명단표[[#This Row],[근무지]]="","",_xlfn.XLOOKUP(TRIM(명단표[[#This Row],[근무지]]&""),병원약칭표[표기],병원약칭표[정식 병원],명단표[[#This Row],[근무지]]&""))))) | AP6: =IF(NOT(TRIM(명단표[[#This Row],[사번]]&"")<>""),"",IF(명단표[[#This Row],[직접행(기준월)]]<>"",INDEX(월별근무지표[근무병원],명단표[[#This Row],[직접행(기준월)]]),IF(AND(명단표[[#This Row],[인턴 기준월]]<>"",LEFT(명단표[[#This Row],[인턴 기준월]],1)<>"⚠"),LEFT(명단표[[#This Row],[인턴 기준월]],FIND(" ",명단표[[#This Row],[인턴 기준월]])-1),명단표[[#This Row],[소속병원]]))) | AQ6: =IF(명단표[[#This Row],[이름]]="","",_xlfn.LET(_xlpm.v_a,_xlfn.XMATCH(명단표[[#This Row],[이름|과]],구리_키),IF(ISNUMBER(_xlpm.v_a),_xlpm.v_a,IF(AND(COUNTIF(구리_이름,명단표[[#This Row],[이름]])=1,COUNTIF(명단표[이름],명단표[[#This Row],[이름]])=1),_xlfn.XMATCH(명단표[[#This Row],[이름]],구리_이름),"")))) | AR6: =IF(명단표[[#This Row],[구리행]]="","",INDEX(구리_근무일,명단표[[#This Row],[구리행]])) | AS6: =IF(명단표[[#This Row],[구리행]]="","",_xlfn.LET(_xlpm.v_s,IFERROR(DATEVALUE(명단표[[#This Row],[구리 근무 시작일(기준월)]]),""),_xlpm.v_e,IFERROR(DATEVALUE(명단표[[#This Row],[구리 근무 종료일(기준월)]]),""),IF(AND(ISNUMBER(_xlpm.v_s),ISNUMBER(_xlpm.v_e)),IF(AND(TODAY()>=_xlpm.v_s,TODAY()<=_xlpm.v_e),"Y",""),"")))
A7: =ROW()-ROW(명단표[#Headers]) | B7: 222222 | C7: =IF(명단표[[#This Row],[기본자료행]]="","",IF(INDEX(기본자료표[이름],명단표[[#This Row],[기본자료행]])="","",INDEX(기본자료표[이름],명단표[[#This Row],[기본자료행]]))) | D7: =IF(명단표[[#This Row],[기본자료행]]="","",IF(INDEX(기본자료표[성별],명단표[[#This Row],[기본자료행]])="","",INDEX(기본자료표[성별],명단표[[#This Row],[기본자료행]]))) | E7: =IF(명단표[[#This Row],[기본자료행]]="","",_xlfn.LET(_xlpm.v_x,INDEX(기본자료표[생년월일],명단표[[#This Row],[기본자료행]]),IF(_xlpm.v_x="","",IF(NOT(ISNUMBER(_xlpm.v_x)),_xlpm.v_x&"",IF(_xlpm.v_x<1000000,_xlpm.v_x,IF(AND(_xlpm.v_x>=10000101,INT(MOD(_xlpm.v_x,10000)/100)>=1,INT(MOD(_xlpm.v_x,10000)/100)<=12,MOD(_xlpm.v_x,100)>=1,MOD(_xlpm.v_x,100)<=31),DATE(INT(_xlpm.v_x/10000),INT(MOD(_xlpm.v_x,10000)/100),MOD(_xlpm.v_x,100)),_xlpm.v_x&"")))))) | F7: =IF(명단표[[#This Row],[기본자료행]]="","",IF(INDEX(기본자료표[수련과목],명단표[[#This Row],[기본자료행]])="","",INDEX(기본자료표[수련과목],명단표[[#This Row],[기본자료행]]))) | G7: =IF(명단표[[#This Row],[기본자료행]]="","",IF(INDEX(기본자료표[연차],명단표[[#This Row],[기본자료행]])="","",INDEX(기본자료표[연차],명단표[[#This Row],[기본자료행]]))) | H7: =IF(명단표[[#This Row],[기본자료행]]="","",IF(INDEX(기본자료표[근무지],명단표[[#This Row],[기본자료행]])="","",INDEX(기본자료표[근무지],명단표[[#This Row],[기본자료행]]))) | I7: =IF(명단표[[#This Row],[기본자료행]]="","",_xlfn.LET(_xlpm.v_x,INDEX(기본자료표[수련개시일],명단표[[#This Row],[기본자료행]]),IF(_xlpm.v_x="","",IF(NOT(ISNUMBER(_xlpm.v_x)),_xlpm.v_x&"",IF(_xlpm.v_x<1000000,_xlpm.v_x,IF(AND(_xlpm.v_x>=10000101,INT(MOD(_xlpm.v_x,10000)/100)>=1,INT(MOD(_xlpm.v_x,10000)/100)<=12,MOD(_xlpm.v_x,100)>=1,MOD(_xlpm.v_x,100)<=31),DATE(INT(_xlpm.v_x/10000),INT(MOD(_xlpm.v_x,10000)/100),MOD(_xlpm.v_x,100)),_xlpm.v_x&"")))))) | J7: =IF(명단표[[#This Row],[기본자료행]]="","",IF(INDEX(기본자료표[전공의등록번호],명단표[[#This Row],[기본자료행]])="","",INDEX(기본자료표[전공의등록번호],명단표[[#This Row],[기본자료행]]))) | K7: =IF(명단표[[#This Row],[기본자료행]]="","",IF(INDEX(기본자료표[의사면허번호],명단표[[#This Row],[기본자료행]])="","",INDEX(기본자료표[의사면허번호],명단표[[#This Row],[기본자료행]]))) | L7: =IF(명단표[[#This Row],[기본자료행]]="","",IF(INDEX(기본자료표[현재근무 여부],명단표[[#This Row],[기본자료행]])="","",INDEX(기본자료표[현재근무 여부],명단표[[#This Row],[기본자료행]]))) | M7: 서울병원 | N7: =IF(NOT(TRIM(명단표[[#This Row],[사번]]&"")<>""),"",IF(AND(명단표[[#This Row],[인턴 이번달]]<>"",LEFT(명단표[[#This Row],[인턴 이번달]],1)<>"⚠"),LEFT(명단표[[#This Row],[인턴 이번달]],FIND(" ",명단표[[#This Row],[인턴 이번달]])-1),IF(명단표[[#This Row],[구리 근무 중]]="Y","구리병원",IF(명단표[[#This Row],[근무지]]="","",_xlfn.XLOOKUP(TRIM(명단표[[#This Row],[근무지]]&""),병원약칭표[표기],병원약칭표[정식 병원],명단표[[#This Row],[근무지]]&""))))) | O7: =IF(NOT(TRIM(명단표[[#This Row],[사번]]&"")<>""),"",IF(AND(명단표[[#This Row],[인턴 이번달]]<>"",LEFT(명단표[[#This Row],[인턴 이번달]],1)<>"⚠"),MID(명단표[[#This Row],[인턴 이번달]],FIND(" ",명단표[[#This Row],[인턴 이번달]])+1,60),IF(명단표[[#This Row],[수련과목]]="","",IF(명단표[[#This Row],[수련과목]]="인턴","수련교육부(인턴)",명단표[[#This Row],[수련과목]])))) | P7: =IF(명단표[[#This Row],[구리행]]="","",INDEX(구리_시작,명단표[[#This Row],[구리행]])) | Q7: =IF(명단표[[#This Row],[구리행]]="","",INDEX(구리_종료,명단표[[#This Row],[구리행]])) | R7: =IF(명단표[[#This Row],[구리행]]="","",INDEX(구리_독자,명단표[[#This Row],[구리행]])) | S7: =IF(NOT(TRIM(명단표[[#This Row],[사번]]&"")<>""),"",IF(명단표[[#This Row],[구리행]]<>"",MAX(0,DAY(EOMONTH(급여기준월,0))-N(명단표[[#This Row],[구리명단 근무일]])),IF(명단표[[#This Row],[기준월 근무병원]]="서울병원",DAY(EOMONTH(급여기준월,0)),0))) | T7: =IF(NOT(TRIM(명단표[[#This Row],[사번]]&"")<>""),"",IF(명단표[[#This Row],[구리행]]<>"",N(명단표[[#This Row],[구리명단 근무일]]),IF(명단표[[#This Row],[기준월 근무병원]]="구리병원",DAY(EOMONTH(급여기준월,0)),0))) | U7: =IF(NOT(TRIM(명단표[[#This Row],[사번]]&"")<>""),"",IF(명단표[[#This Row],[직접행(기준월)]]<>"",INDEX(월별근무지표[적용 급여병원],명단표[[#This Row],[직접행(기준월)]]),IF(명단표[[#This Row],[기준월 근무병원]]="","",IF(명단표[[#This Row],[구리행]]="",명단표[[#This Row],[기준월 근무병원]],IF(AND(명단표[[#This Row],[서울 근무일(기준월)]]>=판정기준일,명단표[[#This Row],[구리 근무일(기준월)]]<판정기준일),"서울병원",IF(AND(명단표[[#This Row],[구리 근무일(기준월)]]>=판정기준일,명단표[[#This Row],[서울 근무일(기준월)]]<판정기준일),"구리병원","⚠15일 판정불가(서울 "&명단표[[#This Row],[서울 근무일(기준월)]]&"일/구리 "&명단표[[#This Row],[구리 근무일(기준월)]]&"일)")))))) | V7: =IF(OR(NOT(TRIM(명단표[[#This Row],[사번]]&"")<>""),명단표[[#This Row],[급여지급병원(기준월)]]=""),"",IF(명단표[[#This Row],[직접행(기준월)]]<>"","직접 입력(입력_월별근무지)"&IF(INDEX(월별근무지표[비고],명단표[[#This Row],[직접행(기준월)]])&""="",""," — "&INDEX(월별근무지표[비고],명단표[[#This Row],[직접행(기준월)]])),IF(명단표[[#This Row],[구리행]]<>"","서울 "&명단표[[#This Row],[서울 근무일(기준월)]]&"일 / 구리 "&명단표[[#This Row],[구리 근무일(기준월)]]&"일 (구리 근무자명단) → 15일 이상 근무 병원 지급",IF(AND(명단표[[#This Row],[인턴 기준월]]<>"",LEFT(명단표[[#This Row],[인턴 기준월]],1)<>"⚠"),"인턴 근무계획 → 그 달 근무병원 지급","구리 근무자명단에 없음 → 소속병원 지급")))) | W7: =IF(NOT(TRIM(명단표[[#This Row],[사번]]&"")<>""),"",IF(명단표[[#This Row],[기본자료행]]="","기본자료에 없는 사번",IF(COUNTIF(명단표[사번],명단표[[#This Row],[사번]])>1,"중복 사번",IF(명단표[[#This Row],[소속병원]]="","소속(입사장소) 입력",IF(LEFT(명단표[[#This Row],[급여지급병원(기준월)]],1)="⚠","서울·구리 15일 판정 불가(양쪽 모두 이상/미만)",IF(IF(명단표[[#This Row],[인턴계획행]]="",0,N(INDEX(인턴계획표[입력오류],명단표[[#This Row],[인턴계획행]])))>0,"인턴계획 입력오류 확인",IF(AND(명단표[[#This Row],[구리행]]="",COUNTIF(구리_이름,명단표[[#This Row],[이름]])>0),"구리 근무자명단 연결 확인(동명이인·과 불일치)","정상"))))))) | X7: 예시(인턴) | Y7: =IF(NOT(TRIM(명단표[[#This Row],[사번]]&"")<>""),"",IF(명단표[[#This Row],[직접행(전월)]]<>"",INDEX(월별근무지표[근무병원],명단표[[#This Row],[직접행(전월)]]),IF(AND(명단표[[#This Row],[인턴 전월]]<>"",LEFT(명단표[[#This Row],[인턴 전월]],1)<>"⚠"),LEFT(명단표[[#This Row],[인턴 전월]],FIND(" ",명단표[[#This Row],[인턴 전월]])-1),명단표[[#This Row],[소속병원]]))) | Z7: =IF(NOT(TRIM(명단표[[#This Row],[사번]]&"")<>""),"",IF(명단표[[#This Row],[직접행(전월)]]<>"",INDEX(월별근무지표[적용 급여병원],명단표[[#This Row],[직접행(전월)]]),명단표[[#This Row],[전월 근무병원]])) | AA7: =IF(NOT(TRIM(명단표[[#This Row],[사번]]&"")<>""),"",IF(명단표[[#This Row],[직접행(전월)]]<>"","직접 입력(입력_월별근무지)"&IF(INDEX(월별근무지표[비고],명단표[[#This Row],[직접행(전월)]])&""="",""," — "&INDEX(월별근무지표[비고],명단표[[#This Row],[직접행(전월)]])),IF(AND(명단표[[#This Row],[인턴 전월]]<>"",LEFT(명단표[[#This Row],[인턴 전월]],1)<>"⚠"),"인턴 근무계획 → 그 달 근무병원",IF(명단표[[#This Row],[구리행]]<>"","⚠자동(소속병원) — 급여 기준월에 구리 근무, 직접 입력 확인","자동(소속병원) — 구리 근무자명단 미반영")))) | AB7: =IF(NOT(TRIM(명단표[[#This Row],[사번]]&"")<>""),"",IF(명단표[[#This Row],[직접행(익월)]]<>"",INDEX(월별근무지표[근무병원],명단표[[#This Row],[직접행(익월)]]),IF(AND(명단표[[#This Row],[인턴 익월]]<>"",LEFT(명단표[[#This Row],[인턴 익월]],1)<>"⚠"),LEFT(명단표[[#This Row],[인턴 익월]],FIND(" ",명단표[[#This Row],[인턴 익월]])-1),명단표[[#This Row],[소속병원]]))) | AC7: =IF(NOT(TRIM(명단표[[#This Row],[사번]]&"")<>""),"",IF(명단표[[#This Row],[직접행(익월)]]<>"",INDEX(월별근무지표[적용 급여병원],명단표[[#This Row],[직접행(익월)]]),명단표[[#This Row],[익월 근무병원]])) | AD7: =IF(NOT(TRIM(명단표[[#This Row],[사번]]&"")<>""),"",IF(명단표[[#This Row],[직접행(익월)]]<>"","직접 입력(입력_월별근무지)"&IF(INDEX(월별근무지표[비고],명단표[[#This Row],[직접행(익월)]])&""="",""," — "&INDEX(월별근무지표[비고],명단표[[#This Row],[직접행(익월)]])),IF(AND(명단표[[#This Row],[인턴 익월]]<>"",LEFT(명단표[[#This Row],[인턴 익월]],1)<>"⚠"),"인턴 근무계획 → 그 달 근무병원",IF(명단표[[#This Row],[구리행]]<>"","⚠자동(소속병원) — 급여 기준월에 구리 근무, 직접 입력 확인","자동(소속병원) — 구리 근무자명단 미반영")))) | AE7: =IF(NOT(TRIM(명단표[[#This Row],[사번]]&"")<>""),"",IFERROR(_xlfn.XMATCH("S|"&TRIM(명단표[[#This Row],[사번]]&""),기본자료표[사번키]),"")) | AF7: =IF(명단표[[#This Row],[이름]]="","",명단표[[#This Row],[이름]]&"|"&명단표[[#This Row],[수련과목]]) | AG7: =IF(NOT(TRIM(명단표[[#This Row],[사번]]&"")<>""),"",IFERROR(_xlfn.XMATCH("S|"&TRIM(명단표[[#This Row],[사번]]&""),인턴계획표[사번키]),"")) | AH7: =IF(OR(명단표[[#This Row],[인턴계획행]]="",인턴위치_이번=""),"",INDEX(인턴계획표[[정규화1]:[정규화6]],명단표[[#This Row],[인턴계획행]],인턴위치_이번)&"") | AI7: =IF(OR(명단표[[#This Row],[인턴계획행]]="",인턴위치_기준월=""),"",INDEX(인턴계획표[[정규화1]:[정규화6]],명단표[[#This Row],[인턴계획행]],인턴위치_기준월)&"") | AJ7: =IF(OR(명단표[[#This Row],[인턴계획행]]="",인턴위치_전월=""),"",INDEX(인턴계획표[[정규화1]:[정규화6]],명단표[[#This Row],[인턴계획행]],인턴위치_전월)&"") | AK7: =IF(OR(명단표[[#This Row],[인턴계획행]]="",인턴위치_익월=""),"",INDEX(인턴계획표[[정규화1]:[정규화6]],명단표[[#This Row],[인턴계획행]],인턴위치_익월)&"") | AL7: =IF(NOT(TRIM(명단표[[#This Row],[사번]]&"")<>""),"",IFERROR(_xlfn.XMATCH("S|"&TRIM(명단표[[#This Row],[사번]]&"")&"|"&기준월키,월별근무지표[키]),"")) | AM7: =IF(NOT(TRIM(명단표[[#This Row],[사번]]&"")<>""),"",IFERROR(_xlfn.XMATCH("S|"&TRIM(명단표[[#This Row],[사번]]&"")&"|"&전월키,월별근무지표[키]),"")) | AN7: =IF(NOT(TRIM(명단표[[#This Row],[사번]]&"")<>""),"",IFERROR(_xlfn.XMATCH("S|"&TRIM(명단표[[#This Row],[사번]]&"")&"|"&익월키,월별근무지표[키]),"")) | AO7: =IF(NOT(TRIM(명단표[[#This Row],[사번]]&"")<>""),"",IF(명단표[[#This Row],[입사장소]]<>"",명단표[[#This Row],[입사장소]],IF(명단표[[#This Row],[구리독자]]="구리독자","구리병원",IF(명단표[[#This Row],[근무지]]="","",_xlfn.XLOOKUP(TRIM(명단표[[#This Row],[근무지]]&""),병원약칭표[표기],병원약칭표[정식 병원],명단표[[#This Row],[근무지]]&""))))) | AP7: =IF(NOT(TRIM(명단표[[#This Row],[사번]]&"")<>""),"",IF(명단표[[#This Row],[직접행(기준월)]]<>"",INDEX(월별근무지표[근무병원],명단표[[#This Row],[직접행(기준월)]]),IF(AND(명단표[[#This Row],[인턴 기준월]]<>"",LEFT(명단표[[#This Row],[인턴 기준월]],1)<>"⚠"),LEFT(명단표[[#This Row],[인턴 기준월]],FIND(" ",명단표[[#This Row],[인턴 기준월]])-1),명단표[[#This Row],[소속병원]]))) | AQ7: =IF(명단표[[#This Row],[이름]]="","",_xlfn.LET(_xlpm.v_a,_xlfn.XMATCH(명단표[[#This Row],[이름|과]],구리_키),IF(ISNUMBER(_xlpm.v_a),_xlpm.v_a,IF(AND(COUNTIF(구리_이름,명단표[[#This Row],[이름]])=1,COUNTIF(명단표[이름],명단표[[#This Row],[이름]])=1),_xlfn.XMATCH(명단표[[#This Row],[이름]],구리_이름),"")))) | AR7: =IF(명단표[[#This Row],[구리행]]="","",INDEX(구리_근무일,명단표[[#This Row],[구리행]])) | AS7: =IF(명단표[[#This Row],[구리행]]="","",_xlfn.LET(_xlpm.v_s,IFERROR(DATEVALUE(명단표[[#This Row],[구리 근무 시작일(기준월)]]),""),_xlpm.v_e,IFERROR(DATEVALUE(명단표[[#This Row],[구리 근무 종료일(기준월)]]),""),IF(AND(ISNUMBER(_xlpm.v_s),ISNUMBER(_xlpm.v_e)),IF(AND(TODAY()>=_xlpm.v_s,TODAY()<=_xlpm.v_e),"Y",""),"")))
A8: =ROW()-ROW(명단표[#Headers]) | B8: 222223 | C8: =IF(명단표[[#This Row],[기본자료행]]="","",IF(INDEX(기본자료표[이름],명단표[[#This Row],[기본자료행]])="","",INDEX(기본자료표[이름],명단표[[#This Row],[기본자료행]]))) | D8: =IF(명단표[[#This Row],[기본자료행]]="","",IF(INDEX(기본자료표[성별],명단표[[#This Row],[기본자료행]])="","",INDEX(기본자료표[성별],명단표[[#This Row],[기본자료행]]))) | E8: =IF(명단표[[#This Row],[기본자료행]]="","",_xlfn.LET(_xlpm.v_x,INDEX(기본자료표[생년월일],명단표[[#This Row],[기본자료행]]),IF(_xlpm.v_x="","",IF(NOT(ISNUMBER(_xlpm.v_x)),_xlpm.v_x&"",IF(_xlpm.v_x<1000000,_xlpm.v_x,IF(AND(_xlpm.v_x>=10000101,INT(MOD(_xlpm.v_x,10000)/100)>=1,INT(MOD(_xlpm.v_x,10000)/100)<=12,MOD(_xlpm.v_x,100)>=1,MOD(_xlpm.v_x,100)<=31),DATE(INT(_xlpm.v_x/10000),INT(MOD(_xlpm.v_x,10000)/100),MOD(_xlpm.v_x,100)),_xlpm.v_x&"")))))) | F8: =IF(명단표[[#This Row],[기본자료행]]="","",IF(INDEX(기본자료표[수련과목],명단표[[#This Row],[기본자료행]])="","",INDEX(기본자료표[수련과목],명단표[[#This Row],[기본자료행]]))) | G8: =IF(명단표[[#This Row],[기본자료행]]="","",IF(INDEX(기본자료표[연차],명단표[[#This Row],[기본자료행]])="","",INDEX(기본자료표[연차],명단표[[#This Row],[기본자료행]]))) | H8: =IF(명단표[[#This Row],[기본자료행]]="","",IF(INDEX(기본자료표[근무지],명단표[[#This Row],[기본자료행]])="","",INDEX(기본자료표[근무지],명단표[[#This Row],[기본자료행]]))) | I8: =IF(명단표[[#This Row],[기본자료행]]="","",_xlfn.LET(_xlpm.v_x,INDEX(기본자료표[수련개시일],명단표[[#This Row],[기본자료행]]),IF(_xlpm.v_x="","",IF(NOT(ISNUMBER(_xlpm.v_x)),_xlpm.v_x&"",IF(_xlpm.v_x<1000000,_xlpm.v_x,IF(AND(_xlpm.v_x>=10000101,INT(MOD(_xlpm.v_x,10000)/100)>=1,INT(MOD(_xlpm.v_x,10000)/100)<=12,MOD(_xlpm.v_x,100)>=1,MOD(_xlpm.v_x,100)<=31),DATE(INT(_xlpm.v_x/10000),INT(MOD(_xlpm.v_x,10000)/100),MOD(_xlpm.v_x,100)),_xlpm.v_x&"")))))) | J8: =IF(명단표[[#This Row],[기본자료행]]="","",IF(INDEX(기본자료표[전공의등록번호],명단표[[#This Row],[기본자료행]])="","",INDEX(기본자료표[전공의등록번호],명단표[[#This Row],[기본자료행]]))) | K8: =IF(명단표[[#This Row],[기본자료행]]="","",IF(INDEX(기본자료표[의사면허번호],명단표[[#This Row],[기본자료행]])="","",INDEX(기본자료표[의사면허번호],명단표[[#This Row],[기본자료행]]))) | L8: =IF(명단표[[#This Row],[기본자료행]]="","",IF(INDEX(기본자료표[현재근무 여부],명단표[[#This Row],[기본자료행]])="","",INDEX(기본자료표[현재근무 여부],명단표[[#This Row],[기본자료행]]))) | M8: 서울병원 | N8: =IF(NOT(TRIM(명단표[[#This Row],[사번]]&"")<>""),"",IF(AND(명단표[[#This Row],[인턴 이번달]]<>"",LEFT(명단표[[#This Row],[인턴 이번달]],1)<>"⚠"),LEFT(명단표[[#This Row],[인턴 이번달]],FIND(" ",명단표[[#This Row],[인턴 이번달]])-1),IF(명단표[[#This Row],[구리 근무 중]]="Y","구리병원",IF(명단표[[#This Row],[근무지]]="","",_xlfn.XLOOKUP(TRIM(명단표[[#This Row],[근무지]]&""),병원약칭표[표기],병원약칭표[정식 병원],명단표[[#This Row],[근무지]]&""))))) | O8: =IF(NOT(TRIM(명단표[[#This Row],[사번]]&"")<>""),"",IF(AND(명단표[[#This Row],[인턴 이번달]]<>"",LEFT(명단표[[#This Row],[인턴 이번달]],1)<>"⚠"),MID(명단표[[#This Row],[인턴 이번달]],FIND(" ",명단표[[#This Row],[인턴 이번달]])+1,60),IF(명단표[[#This Row],[수련과목]]="","",IF(명단표[[#This Row],[수련과목]]="인턴","수련교육부(인턴)",명단표[[#This Row],[수련과목]])))) | P8: =IF(명단표[[#This Row],[구리행]]="","",INDEX(구리_시작,명단표[[#This Row],[구리행]])) | Q8: =IF(명단표[[#This Row],[구리행]]="","",INDEX(구리_종료,명단표[[#This Row],[구리행]])) | R8: =IF(명단표[[#This Row],[구리행]]="","",INDEX(구리_독자,명단표[[#This Row],[구리행]])) | S8: =IF(NOT(TRIM(명단표[[#This Row],[사번]]&"")<>""),"",IF(명단표[[#This Row],[구리행]]<>"",MAX(0,DAY(EOMONTH(급여기준월,0))-N(명단표[[#This Row],[구리명단 근무일]])),IF(명단표[[#This Row],[기준월 근무병원]]="서울병원",DAY(EOMONTH(급여기준월,0)),0))) | T8: =IF(NOT(TRIM(명단표[[#This Row],[사번]]&"")<>""),"",IF(명단표[[#This Row],[구리행]]<>"",N(명단표[[#This Row],[구리명단 근무일]]),IF(명단표[[#This Row],[기준월 근무병원]]="구리병원",DAY(EOMONTH(급여기준월,0)),0))) | U8: =IF(NOT(TRIM(명단표[[#This Row],[사번]]&"")<>""),"",IF(명단표[[#This Row],[직접행(기준월)]]<>"",INDEX(월별근무지표[적용 급여병원],명단표[[#This Row],[직접행(기준월)]]),IF(명단표[[#This Row],[기준월 근무병원]]="","",IF(명단표[[#This Row],[구리행]]="",명단표[[#This Row],[기준월 근무병원]],IF(AND(명단표[[#This Row],[서울 근무일(기준월)]]>=판정기준일,명단표[[#This Row],[구리 근무일(기준월)]]<판정기준일),"서울병원",IF(AND(명단표[[#This Row],[구리 근무일(기준월)]]>=판정기준일,명단표[[#This Row],[서울 근무일(기준월)]]<판정기준일),"구리병원","⚠15일 판정불가(서울 "&명단표[[#This Row],[서울 근무일(기준월)]]&"일/구리 "&명단표[[#This Row],[구리 근무일(기준월)]]&"일)")))))) | V8: =IF(OR(NOT(TRIM(명단표[[#This Row],[사번]]&"")<>""),명단표[[#This Row],[급여지급병원(기준월)]]=""),"",IF(명단표[[#This Row],[직접행(기준월)]]<>"","직접 입력(입력_월별근무지)"&IF(INDEX(월별근무지표[비고],명단표[[#This Row],[직접행(기준월)]])&""="",""," — "&INDEX(월별근무지표[비고],명단표[[#This Row],[직접행(기준월)]])),IF(명단표[[#This Row],[구리행]]<>"","서울 "&명단표[[#This Row],[서울 근무일(기준월)]]&"일 / 구리 "&명단표[[#This Row],[구리 근무일(기준월)]]&"일 (구리 근무자명단) → 15일 이상 근무 병원 지급",IF(AND(명단표[[#This Row],[인턴 기준월]]<>"",LEFT(명단표[[#This Row],[인턴 기준월]],1)<>"⚠"),"인턴 근무계획 → 그 달 근무병원 지급","구리 근무자명단에 없음 → 소속병원 지급")))) | W8: =IF(NOT(TRIM(명단표[[#This Row],[사번]]&"")<>""),"",IF(명단표[[#This Row],[기본자료행]]="","기본자료에 없는 사번",IF(COUNTIF(명단표[사번],명단표[[#This Row],[사번]])>1,"중복 사번",IF(명단표[[#This Row],[소속병원]]="","소속(입사장소) 입력",IF(LEFT(명단표[[#This Row],[급여지급병원(기준월)]],1)="⚠","서울·구리 15일 판정 불가(양쪽 모두 이상/미만)",IF(IF(명단표[[#This Row],[인턴계획행]]="",0,N(INDEX(인턴계획표[입력오류],명단표[[#This Row],[인턴계획행]])))>0,"인턴계획 입력오류 확인",IF(AND(명단표[[#This Row],[구리행]]="",COUNTIF(구리_이름,명단표[[#This Row],[이름]])>0),"구리 근무자명단 연결 확인(동명이인·과 불일치)","정상"))))))) | X8: 예시(인턴) | Y8: =IF(NOT(TRIM(명단표[[#This Row],[사번]]&"")<>""),"",IF(명단표[[#This Row],[직접행(전월)]]<>"",INDEX(월별근무지표[근무병원],명단표[[#This Row],[직접행(전월)]]),IF(AND(명단표[[#This Row],[인턴 전월]]<>"",LEFT(명단표[[#This Row],[인턴 전월]],1)<>"⚠"),LEFT(명단표[[#This Row],[인턴 전월]],FIND(" ",명단표[[#This Row],[인턴 전월]])-1),명단표[[#This Row],[소속병원]]))) | Z8: =IF(NOT(TRIM(명단표[[#This Row],[사번]]&"")<>""),"",IF(명단표[[#This Row],[직접행(전월)]]<>"",INDEX(월별근무지표[적용 급여병원],명단표[[#This Row],[직접행(전월)]]),명단표[[#This Row],[전월 근무병원]])) | AA8: =IF(NOT(TRIM(명단표[[#This Row],[사번]]&"")<>""),"",IF(명단표[[#This Row],[직접행(전월)]]<>"","직접 입력(입력_월별근무지)"&IF(INDEX(월별근무지표[비고],명단표[[#This Row],[직접행(전월)]])&""="",""," — "&INDEX(월별근무지표[비고],명단표[[#This Row],[직접행(전월)]])),IF(AND(명단표[[#This Row],[인턴 전월]]<>"",LEFT(명단표[[#This Row],[인턴 전월]],1)<>"⚠"),"인턴 근무계획 → 그 달 근무병원",IF(명단표[[#This Row],[구리행]]<>"","⚠자동(소속병원) — 급여 기준월에 구리 근무, 직접 입력 확인","자동(소속병원) — 구리 근무자명단 미반영")))) | AB8: =IF(NOT(TRIM(명단표[[#This Row],[사번]]&"")<>""),"",IF(명단표[[#This Row],[직접행(익월)]]<>"",INDEX(월별근무지표[근무병원],명단표[[#This Row],[직접행(익월)]]),IF(AND(명단표[[#This Row],[인턴 익월]]<>"",LEFT(명단표[[#This Row],[인턴 익월]],1)<>"⚠"),LEFT(명단표[[#This Row],[인턴 익월]],FIND(" ",명단표[[#This Row],[인턴 익월]])-1),명단표[[#This Row],[소속병원]]))) | AC8: =IF(NOT(TRIM(명단표[[#This Row],[사번]]&"")<>""),"",IF(명단표[[#This Row],[직접행(익월)]]<>"",INDEX(월별근무지표[적용 급여병원],명단표[[#This Row],[직접행(익월)]]),명단표[[#This Row],[익월 근무병원]])) | AD8: =IF(NOT(TRIM(명단표[[#This Row],[사번]]&"")<>""),"",IF(명단표[[#This Row],[직접행(익월)]]<>"","직접 입력(입력_월별근무지)"&IF(INDEX(월별근무지표[비고],명단표[[#This Row],[직접행(익월)]])&""="",""," — "&INDEX(월별근무지표[비고],명단표[[#This Row],[직접행(익월)]])),IF(AND(명단표[[#This Row],[인턴 익월]]<>"",LEFT(명단표[[#This Row],[인턴 익월]],1)<>"⚠"),"인턴 근무계획 → 그 달 근무병원",IF(명단표[[#This Row],[구리행]]<>"","⚠자동(소속병원) — 급여 기준월에 구리 근무, 직접 입력 확인","자동(소속병원) — 구리 근무자명단 미반영")))) | AE8: =IF(NOT(TRIM(명단표[[#This Row],[사번]]&"")<>""),"",IFERROR(_xlfn.XMATCH("S|"&TRIM(명단표[[#This Row],[사번]]&""),기본자료표[사번키]),"")) | AF8: =IF(명단표[[#This Row],[이름]]="","",명단표[[#This Row],[이름]]&"|"&명단표[[#This Row],[수련과목]]) | AG8: =IF(NOT(TRIM(명단표[[#This Row],[사번]]&"")<>""),"",IFERROR(_xlfn.XMATCH("S|"&TRIM(명단표[[#This Row],[사번]]&""),인턴계획표[사번키]),"")) | AH8: =IF(OR(명단표[[#This Row],[인턴계획행]]="",인턴위치_이번=""),"",INDEX(인턴계획표[[정규화1]:[정규화6]],명단표[[#This Row],[인턴계획행]],인턴위치_이번)&"") | AI8: =IF(OR(명단표[[#This Row],[인턴계획행]]="",인턴위치_기준월=""),"",INDEX(인턴계획표[[정규화1]:[정규화6]],명단표[[#This Row],[인턴계획행]],인턴위치_기준월)&"") | AJ8: =IF(OR(명단표[[#This Row],[인턴계획행]]="",인턴위치_전월=""),"",INDEX(인턴계획표[[정규화1]:[정규화6]],명단표[[#This Row],[인턴계획행]],인턴위치_전월)&"") | AK8: =IF(OR(명단표[[#This Row],[인턴계획행]]="",인턴위치_익월=""),"",INDEX(인턴계획표[[정규화1]:[정규화6]],명단표[[#This Row],[인턴계획행]],인턴위치_익월)&"") | AL8: =IF(NOT(TRIM(명단표[[#This Row],[사번]]&"")<>""),"",IFERROR(_xlfn.XMATCH("S|"&TRIM(명단표[[#This Row],[사번]]&"")&"|"&기준월키,월별근무지표[키]),"")) | AM8: =IF(NOT(TRIM(명단표[[#This Row],[사번]]&"")<>""),"",IFERROR(_xlfn.XMATCH("S|"&TRIM(명단표[[#This Row],[사번]]&"")&"|"&전월키,월별근무지표[키]),"")) | AN8: =IF(NOT(TRIM(명단표[[#This Row],[사번]]&"")<>""),"",IFERROR(_xlfn.XMATCH("S|"&TRIM(명단표[[#This Row],[사번]]&"")&"|"&익월키,월별근무지표[키]),"")) | AO8: =IF(NOT(TRIM(명단표[[#This Row],[사번]]&"")<>""),"",IF(명단표[[#This Row],[입사장소]]<>"",명단표[[#This Row],[입사장소]],IF(명단표[[#This Row],[구리독자]]="구리독자","구리병원",IF(명단표[[#This Row],[근무지]]="","",_xlfn.XLOOKUP(TRIM(명단표[[#This Row],[근무지]]&""),병원약칭표[표기],병원약칭표[정식 병원],명단표[[#This Row],[근무지]]&""))))) | AP8: =IF(NOT(TRIM(명단표[[#This Row],[사번]]&"")<>""),"",IF(명단표[[#This Row],[직접행(기준월)]]<>"",INDEX(월별근무지표[근무병원],명단표[[#This Row],[직접행(기준월)]]),IF(AND(명단표[[#This Row],[인턴 기준월]]<>"",LEFT(명단표[[#This Row],[인턴 기준월]],1)<>"⚠"),LEFT(명단표[[#This Row],[인턴 기준월]],FIND(" ",명단표[[#This Row],[인턴 기준월]])-1),명단표[[#This Row],[소속병원]]))) | AQ8: =IF(명단표[[#This Row],[이름]]="","",_xlfn.LET(_xlpm.v_a,_xlfn.XMATCH(명단표[[#This Row],[이름|과]],구리_키),IF(ISNUMBER(_xlpm.v_a),_xlpm.v_a,IF(AND(COUNTIF(구리_이름,명단표[[#This Row],[이름]])=1,COUNTIF(명단표[이름],명단표[[#This Row],[이름]])=1),_xlfn.XMATCH(명단표[[#This Row],[이름]],구리_이름),"")))) | AR8: =IF(명단표[[#This Row],[구리행]]="","",INDEX(구리_근무일,명단표[[#This Row],[구리행]])) | AS8: =IF(명단표[[#This Row],[구리행]]="","",_xlfn.LET(_xlpm.v_s,IFERROR(DATEVALUE(명단표[[#This Row],[구리 근무 시작일(기준월)]]),""),_xlpm.v_e,IFERROR(DATEVALUE(명단표[[#This Row],[구리 근무 종료일(기준월)]]),""),IF(AND(ISNUMBER(_xlpm.v_s),ISNUMBER(_xlpm.v_e)),IF(AND(TODAY()>=_xlpm.v_s,TODAY()<=_xlpm.v_e),"Y",""),"")))
A9: =ROW()-ROW(명단표[#Headers]) | B9: 222224 | C9: =IF(명단표[[#This Row],[기본자료행]]="","",IF(INDEX(기본자료표[이름],명단표[[#This Row],[기본자료행]])="","",INDEX(기본자료표[이름],명단표[[#This Row],[기본자료행]]))) | D9: =IF(명단표[[#This Row],[기본자료행]]="","",IF(INDEX(기본자료표[성별],명단표[[#This Row],[기본자료행]])="","",INDEX(기본자료표[성별],명단표[[#This Row],[기본자료행]]))) | E9: =IF(명단표[[#This Row],[기본자료행]]="","",_xlfn.LET(_xlpm.v_x,INDEX(기본자료표[생년월일],명단표[[#This Row],[기본자료행]]),IF(_xlpm.v_x="","",IF(NOT(ISNUMBER(_xlpm.v_x)),_xlpm.v_x&"",IF(_xlpm.v_x<1000000,_xlpm.v_x,IF(AND(_xlpm.v_x>=10000101,INT(MOD(_xlpm.v_x,10000)/100)>=1,INT(MOD(_xlpm.v_x,10000)/100)<=12,MOD(_xlpm.v_x,100)>=1,MOD(_xlpm.v_x,100)<=31),DATE(INT(_xlpm.v_x/10000),INT(MOD(_xlpm.v_x,10000)/100),MOD(_xlpm.v_x,100)),_xlpm.v_x&"")))))) | F9: =IF(명단표[[#This Row],[기본자료행]]="","",IF(INDEX(기본자료표[수련과목],명단표[[#This Row],[기본자료행]])="","",INDEX(기본자료표[수련과목],명단표[[#This Row],[기본자료행]]))) | G9: =IF(명단표[[#This Row],[기본자료행]]="","",IF(INDEX(기본자료표[연차],명단표[[#This Row],[기본자료행]])="","",INDEX(기본자료표[연차],명단표[[#This Row],[기본자료행]]))) | H9: =IF(명단표[[#This Row],[기본자료행]]="","",IF(INDEX(기본자료표[근무지],명단표[[#This Row],[기본자료행]])="","",INDEX(기본자료표[근무지],명단표[[#This Row],[기본자료행]]))) | I9: =IF(명단표[[#This Row],[기본자료행]]="","",_xlfn.LET(_xlpm.v_x,INDEX(기본자료표[수련개시일],명단표[[#This Row],[기본자료행]]),IF(_xlpm.v_x="","",IF(NOT(ISNUMBER(_xlpm.v_x)),_xlpm.v_x&"",IF(_xlpm.v_x<1000000,_xlpm.v_x,IF(AND(_xlpm.v_x>=10000101,INT(MOD(_xlpm.v_x,10000)/100)>=1,INT(MOD(_xlpm.v_x,10000)/100)<=12,MOD(_xlpm.v_x,100)>=1,MOD(_xlpm.v_x,100)<=31),DATE(INT(_xlpm.v_x/10000),INT(MOD(_xlpm.v_x,10000)/100),MOD(_xlpm.v_x,100)),_xlpm.v_x&"")))))) | J9: =IF(명단표[[#This Row],[기본자료행]]="","",IF(INDEX(기본자료표[전공의등록번호],명단표[[#This Row],[기본자료행]])="","",INDEX(기본자료표[전공의등록번호],명단표[[#This Row],[기본자료행]]))) | K9: =IF(명단표[[#This Row],[기본자료행]]="","",IF(INDEX(기본자료표[의사면허번호],명단표[[#This Row],[기본자료행]])="","",INDEX(기본자료표[의사면허번호],명단표[[#This Row],[기본자료행]]))) | L9: =IF(명단표[[#This Row],[기본자료행]]="","",IF(INDEX(기본자료표[현재근무 여부],명단표[[#This Row],[기본자료행]])="","",INDEX(기본자료표[현재근무 여부],명단표[[#This Row],[기본자료행]]))) | M9: 구리병원 | N9: =IF(NOT(TRIM(명단표[[#This Row],[사번]]&"")<>""),"",IF(AND(명단표[[#This Row],[인턴 이번달]]<>"",LEFT(명단표[[#This Row],[인턴 이번달]],1)<>"⚠"),LEFT(명단표[[#This Row],[인턴 이번달]],FIND(" ",명단표[[#This Row],[인턴 이번달]])-1),IF(명단표[[#This Row],[구리 근무 중]]="Y","구리병원",IF(명단표[[#This Row],[근무지]]="","",_xlfn.XLOOKUP(TRIM(명단표[[#This Row],[근무지]]&""),병원약칭표[표기],병원약칭표[정식 병원],명단표[[#This Row],[근무지]]&""))))) | O9: =IF(NOT(TRIM(명단표[[#This Row],[사번]]&"")<>""),"",IF(AND(명단표[[#This Row],[인턴 이번달]]<>"",LEFT(명단표[[#This Row],[인턴 이번달]],1)<>"⚠"),MID(명단표[[#This Row],[인턴 이번달]],FIND(" ",명단표[[#This Row],[인턴 이번달]])+1,60),IF(명단표[[#This Row],[수련과목]]="","",IF(명단표[[#This Row],[수련과목]]="인턴","수련교육부(인턴)",명단표[[#This Row],[수련과목]])))) | P9: =IF(명단표[[#This Row],[구리행]]="","",INDEX(구리_시작,명단표[[#This Row],[구리행]])) | Q9: =IF(명단표[[#This Row],[구리행]]="","",INDEX(구리_종료,명단표[[#This Row],[구리행]])) | R9: =IF(명단표[[#This Row],[구리행]]="","",INDEX(구리_독자,명단표[[#This Row],[구리행]])) | S9: =IF(NOT(TRIM(명단표[[#This Row],[사번]]&"")<>""),"",IF(명단표[[#This Row],[구리행]]<>"",MAX(0,DAY(EOMONTH(급여기준월,0))-N(명단표[[#This Row],[구리명단 근무일]])),IF(명단표[[#This Row],[기준월 근무병원]]="서울병원",DAY(EOMONTH(급여기준월,0)),0))) | T9: =IF(NOT(TRIM(명단표[[#This Row],[사번]]&"")<>""),"",IF(명단표[[#This Row],[구리행]]<>"",N(명단표[[#This Row],[구리명단 근무일]]),IF(명단표[[#This Row],[기준월 근무병원]]="구리병원",DAY(EOMONTH(급여기준월,0)),0))) | U9: =IF(NOT(TRIM(명단표[[#This Row],[사번]]&"")<>""),"",IF(명단표[[#This Row],[직접행(기준월)]]<>"",INDEX(월별근무지표[적용 급여병원],명단표[[#This Row],[직접행(기준월)]]),IF(명단표[[#This Row],[기준월 근무병원]]="","",IF(명단표[[#This Row],[구리행]]="",명단표[[#This Row],[기준월 근무병원]],IF(AND(명단표[[#This Row],[서울 근무일(기준월)]]>=판정기준일,명단표[[#This Row],[구리 근무일(기준월)]]<판정기준일),"서울병원",IF(AND(명단표[[#This Row],[구리 근무일(기준월)]]>=판정기준일,명단표[[#This Row],[서울 근무일(기준월)]]<판정기준일),"구리병원","⚠15일 판정불가(서울 "&명단표[[#This Row],[서울 근무일(기준월)]]&"일/구리 "&명단표[[#This Row],[구리 근무일(기준월)]]&"일)")))))) | V9: =IF(OR(NOT(TRIM(명단표[[#This Row],[사번]]&"")<>""),명단표[[#This Row],[급여지급병원(기준월)]]=""),"",IF(명단표[[#This Row],[직접행(기준월)]]<>"","직접 입력(입력_월별근무지)"&IF(INDEX(월별근무지표[비고],명단표[[#This Row],[직접행(기준월)]])&""="",""," — "&INDEX(월별근무지표[비고],명단표[[#This Row],[직접행(기준월)]])),IF(명단표[[#This Row],[구리행]]<>"","서울 "&명단표[[#This Row],[서울 근무일(기준월)]]&"일 / 구리 "&명단표[[#This Row],[구리 근무일(기준월)]]&"일 (구리 근무자명단) → 15일 이상 근무 병원 지급",IF(AND(명단표[[#This Row],[인턴 기준월]]<>"",LEFT(명단표[[#This Row],[인턴 기준월]],1)<>"⚠"),"인턴 근무계획 → 그 달 근무병원 지급","구리 근무자명단에 없음 → 소속병원 지급")))) | W9: =IF(NOT(TRIM(명단표[[#This Row],[사번]]&"")<>""),"",IF(명단표[[#This Row],[기본자료행]]="","기본자료에 없는 사번",IF(COUNTIF(명단표[사번],명단표[[#This Row],[사번]])>1,"중복 사번",IF(명단표[[#This Row],[소속병원]]="","소속(입사장소) 입력",IF(LEFT(명단표[[#This Row],[급여지급병원(기준월)]],1)="⚠","서울·구리 15일 판정 불가(양쪽 모두 이상/미만)",IF(IF(명단표[[#This Row],[인턴계획행]]="",0,N(INDEX(인턴계획표[입력오류],명단표[[#This Row],[인턴계획행]])))>0,"인턴계획 입력오류 확인",IF(AND(명단표[[#This Row],[구리행]]="",COUNTIF(구리_이름,명단표[[#This Row],[이름]])>0),"구리 근무자명단 연결 확인(동명이인·과 불일치)","정상"))))))) | X9: 예시(인턴) | Y9: =IF(NOT(TRIM(명단표[[#This Row],[사번]]&"")<>""),"",IF(명단표[[#This Row],[직접행(전월)]]<>"",INDEX(월별근무지표[근무병원],명단표[[#This Row],[직접행(전월)]]),IF(AND(명단표[[#This Row],[인턴 전월]]<>"",LEFT(명단표[[#This Row],[인턴 전월]],1)<>"⚠"),LEFT(명단표[[#This Row],[인턴 전월]],FIND(" ",명단표[[#This Row],[인턴 전월]])-1),명단표[[#This Row],[소속병원]]))) | Z9: =IF(NOT(TRIM(명단표[[#This Row],[사번]]&"")<>""),"",IF(명단표[[#This Row],[직접행(전월)]]<>"",INDEX(월별근무지표[적용 급여병원],명단표[[#This Row],[직접행(전월)]]),명단표[[#This Row],[전월 근무병원]])) | AA9: =IF(NOT(TRIM(명단표[[#This Row],[사번]]&"")<>""),"",IF(명단표[[#This Row],[직접행(전월)]]<>"","직접 입력(입력_월별근무지)"&IF(INDEX(월별근무지표[비고],명단표[[#This Row],[직접행(전월)]])&""="",""," — "&INDEX(월별근무지표[비고],명단표[[#This Row],[직접행(전월)]])),IF(AND(명단표[[#This Row],[인턴 전월]]<>"",LEFT(명단표[[#This Row],[인턴 전월]],1)<>"⚠"),"인턴 근무계획 → 그 달 근무병원",IF(명단표[[#This Row],[구리행]]<>"","⚠자동(소속병원) — 급여 기준월에 구리 근무, 직접 입력 확인","자동(소속병원) — 구리 근무자명단 미반영")))) | AB9: =IF(NOT(TRIM(명단표[[#This Row],[사번]]&"")<>""),"",IF(명단표[[#This Row],[직접행(익월)]]<>"",INDEX(월별근무지표[근무병원],명단표[[#This Row],[직접행(익월)]]),IF(AND(명단표[[#This Row],[인턴 익월]]<>"",LEFT(명단표[[#This Row],[인턴 익월]],1)<>"⚠"),LEFT(명단표[[#This Row],[인턴 익월]],FIND(" ",명단표[[#This Row],[인턴 익월]])-1),명단표[[#This Row],[소속병원]]))) | AC9: =IF(NOT(TRIM(명단표[[#This Row],[사번]]&"")<>""),"",IF(명단표[[#This Row],[직접행(익월)]]<>"",INDEX(월별근무지표[적용 급여병원],명단표[[#This Row],[직접행(익월)]]),명단표[[#This Row],[익월 근무병원]])) | AD9: =IF(NOT(TRIM(명단표[[#This Row],[사번]]&"")<>""),"",IF(명단표[[#This Row],[직접행(익월)]]<>"","직접 입력(입력_월별근무지)"&IF(INDEX(월별근무지표[비고],명단표[[#This Row],[직접행(익월)]])&""="",""," — "&INDEX(월별근무지표[비고],명단표[[#This Row],[직접행(익월)]])),IF(AND(명단표[[#This Row],[인턴 익월]]<>"",LEFT(명단표[[#This Row],[인턴 익월]],1)<>"⚠"),"인턴 근무계획 → 그 달 근무병원",IF(명단표[[#This Row],[구리행]]<>"","⚠자동(소속병원) — 급여 기준월에 구리 근무, 직접 입력 확인","자동(소속병원) — 구리 근무자명단 미반영")))) | AE9: =IF(NOT(TRIM(명단표[[#This Row],[사번]]&"")<>""),"",IFERROR(_xlfn.XMATCH("S|"&TRIM(명단표[[#This Row],[사번]]&""),기본자료표[사번키]),"")) | AF9: =IF(명단표[[#This Row],[이름]]="","",명단표[[#This Row],[이름]]&"|"&명단표[[#This Row],[수련과목]]) | AG9: =IF(NOT(TRIM(명단표[[#This Row],[사번]]&"")<>""),"",IFERROR(_xlfn.XMATCH("S|"&TRIM(명단표[[#This Row],[사번]]&""),인턴계획표[사번키]),"")) | AH9: =IF(OR(명단표[[#This Row],[인턴계획행]]="",인턴위치_이번=""),"",INDEX(인턴계획표[[정규화1]:[정규화6]],명단표[[#This Row],[인턴계획행]],인턴위치_이번)&"") | AI9: =IF(OR(명단표[[#This Row],[인턴계획행]]="",인턴위치_기준월=""),"",INDEX(인턴계획표[[정규화1]:[정규화6]],명단표[[#This Row],[인턴계획행]],인턴위치_기준월)&"") | AJ9: =IF(OR(명단표[[#This Row],[인턴계획행]]="",인턴위치_전월=""),"",INDEX(인턴계획표[[정규화1]:[정규화6]],명단표[[#This Row],[인턴계획행]],인턴위치_전월)&"") | AK9: =IF(OR(명단표[[#This Row],[인턴계획행]]="",인턴위치_익월=""),"",INDEX(인턴계획표[[정규화1]:[정규화6]],명단표[[#This Row],[인턴계획행]],인턴위치_익월)&"") | AL9: =IF(NOT(TRIM(명단표[[#This Row],[사번]]&"")<>""),"",IFERROR(_xlfn.XMATCH("S|"&TRIM(명단표[[#This Row],[사번]]&"")&"|"&기준월키,월별근무지표[키]),"")) | AM9: =IF(NOT(TRIM(명단표[[#This Row],[사번]]&"")<>""),"",IFERROR(_xlfn.XMATCH("S|"&TRIM(명단표[[#This Row],[사번]]&"")&"|"&전월키,월별근무지표[키]),"")) | AN9: =IF(NOT(TRIM(명단표[[#This Row],[사번]]&"")<>""),"",IFERROR(_xlfn.XMATCH("S|"&TRIM(명단표[[#This Row],[사번]]&"")&"|"&익월키,월별근무지표[키]),"")) | AO9: =IF(NOT(TRIM(명단표[[#This Row],[사번]]&"")<>""),"",IF(명단표[[#This Row],[입사장소]]<>"",명단표[[#This Row],[입사장소]],IF(명단표[[#This Row],[구리독자]]="구리독자","구리병원",IF(명단표[[#This Row],[근무지]]="","",_xlfn.XLOOKUP(TRIM(명단표[[#This Row],[근무지]]&""),병원약칭표[표기],병원약칭표[정식 병원],명단표[[#This Row],[근무지]]&""))))) | AP9: =IF(NOT(TRIM(명단표[[#This Row],[사번]]&"")<>""),"",IF(명단표[[#This Row],[직접행(기준월)]]<>"",INDEX(월별근무지표[근무병원],명단표[[#This Row],[직접행(기준월)]]),IF(AND(명단표[[#This Row],[인턴 기준월]]<>"",LEFT(명단표[[#This Row],[인턴 기준월]],1)<>"⚠"),LEFT(명단표[[#This Row],[인턴 기준월]],FIND(" ",명단표[[#This Row],[인턴 기준월]])-1),명단표[[#This Row],[소속병원]]))) | AQ9: =IF(명단표[[#This Row],[이름]]="","",_xlfn.LET(_xlpm.v_a,_xlfn.XMATCH(명단표[[#This Row],[이름|과]],구리_키),IF(ISNUMBER(_xlpm.v_a),_xlpm.v_a,IF(AND(COUNTIF(구리_이름,명단표[[#This Row],[이름]])=1,COUNTIF(명단표[이름],명단표[[#This Row],[이름]])=1),_xlfn.XMATCH(명단표[[#This Row],[이름]],구리_이름),"")))) | AR9: =IF(명단표[[#This Row],[구리행]]="","",INDEX(구리_근무일,명단표[[#This Row],[구리행]])) | AS9: =IF(명단표[[#This Row],[구리행]]="","",_xlfn.LET(_xlpm.v_s,IFERROR(DATEVALUE(명단표[[#This Row],[구리 근무 시작일(기준월)]]),""),_xlpm.v_e,IFERROR(DATEVALUE(명단표[[#This Row],[구리 근무 종료일(기준월)]]),""),IF(AND(ISNUMBER(_xlpm.v_s),ISNUMBER(_xlpm.v_e)),IF(AND(TODAY()>=_xlpm.v_s,TODAY()<=_xlpm.v_e),"Y",""),"")))

Sheet 입력_월별근무지
A1: 월별 근무지 직접 입력 (자동 판정보다 우선)
A2: ※ 그 달 근무병원을 직접 정할 사람만 한 줄씩: 월(예: 2026-10)·사번·근무병원. 급여지급병원이 근무병원과 다를 때만 급여지급병원도 입력. 급여 기준월·전월·익월 계산과 출력_기관명단에 그대로 쓰입니다. 같은 사번·월이 두 줄이면 위쪽 줄이 적용됩니다.
A3: 월 | B3: 사번 | C3: 근무병원 | D3: 급여지급병원 | E3: 비고 | F3: 월키 | G3: 사번키 | H3: 키 | I3: 이름(확인) | J3: 적용 급여병원 | K3: 점검
A4: 46266 | B4: 2261216 | C4: 구리병원 | E4: 예시: 9월 구리 근무 | F4: =_xlfn.LET(_xlpm.v_m,월별근무지표[[#This Row],[월]],IF(_xlpm.v_m&""="","",IF(ISNUMBER(_xlpm.v_m),IF(_xlpm.v_m<10000,TEXT(DATE(INT(_xlpm.v_m),ROUND(MOD(_xlpm.v_m,1)*100,0),1),"yyyy-mm"),TEXT(_xlpm.v_m,"yyyy-mm")),IFERROR(TEXT(DATEVALUE(SUBSTITUTE(SUBSTITUTE(LEFT(TRIM(_xlpm.v_m),7),".","-"),"/","-")&"-01"),"yyyy-mm"),"⚠형식 오류")))) | G4: =IF(TRIM(월별근무지표[[#This Row],[사번]]&"")="","","S|"&TRIM(월별근무지표[[#This Row],[사번]]&"")) | H4: =IF(LEFT(월별근무지표[[#This Row],[월키]],1)="⚠","",IF(OR(월별근무지표[[#This Row],[사번키]]="",월별근무지표[[#This Row],[월키]]=""),"",월별근무지표[[#This Row],[사번키]]&"|"&월별근무지표[[#This Row],[월키]])) | I4: =IF(월별근무지표[[#This Row],[사번키]]="","",_xlfn.XLOOKUP(월별근무지표[[#This Row],[사번키]],기본자료표[사번키],기본자료표[이름]&"","(기본자료에 없음)")) | J4: =IF(월별근무지표[[#This Row],[근무병원]]="","",IF(월별근무지표[[#This Row],[급여지급병원]]="",월별근무지표[[#This Row],[근무병원]],월별근무지표[[#This Row],[급여지급병원]])) | K4: =IF(AND(TRIM(월별근무지표[[#This Row],[사번]]&"")="",월별근무지표[[#This Row],[월]]&""=""),"",IF(OR(TRIM(월별근무지표[[#This Row],[사번]]&"")="",월별근무지표[[#This Row],[월]]&""=""),"월·사번 모두 입력",IF(LEFT(월별근무지표[[#This Row],[월키]],1)="⚠","월 형식 확인(예: 2026-10)",IF(월별근무지표[[#This Row],[근무병원]]="","근무병원 입력",IF(COUNTIF(명단표[사번],TRIM(월별근무지표[[#This Row],[사번]]&""))=0,"전공의명단에 없는 사번",IF(COUNTIF(월별근무지표[키],월별근무지표[[#This Row],[키]])>1,"같은 사번·월 중복(위쪽 줄 적용)","정상"))))))
A5: 46327 | B5: 2261212 | C5: 구리병원 | E5: 예시: 11월 구리 파견 예정 | F5: =_xlfn.LET(_xlpm.v_m,월별근무지표[[#This Row],[월]],IF(_xlpm.v_m&""="","",IF(ISNUMBER(_xlpm.v_m),IF(_xlpm.v_m<10000,TEXT(DATE(INT(_xlpm.v_m),ROUND(MOD(_xlpm.v_m,1)*100,0),1),"yyyy-mm"),TEXT(_xlpm.v_m,"yyyy-mm")),IFERROR(TEXT(DATEVALUE(SUBSTITUTE(SUBSTITUTE(LEFT(TRIM(_xlpm.v_m),7),".","-"),"/","-")&"-01"),"yyyy-mm"),"⚠형식 오류")))) | G5: =IF(TRIM(월별근무지표[[#This Row],[사번]]&"")="","","S|"&TRIM(월별근무지표[[#This Row],[사번]]&"")) | H5: =IF(LEFT(월별근무지표[[#This Row],[월키]],1)="⚠","",IF(OR(월별근무지표[[#This Row],[사번키]]="",월별근무지표[[#This Row],[월키]]=""),"",월별근무지표[[#This Row],[사번키]]&"|"&월별근무지표[[#This Row],[월키]])) | I5: =IF(월별근무지표[[#This Row],[사번키]]="","",_xlfn.XLOOKUP(월별근무지표[[#This Row],[사번키]],기본자료표[사번키],기본자료표[이름]&"","(기본자료에 없음)")) | J5: =IF(월별근무지표[[#This Row],[근무병원]]="","",IF(월별근무지표[[#This Row],[급여지급병원]]="",월별근무지표[[#This Row],[근무병원]],월별근무지표[[#This Row],[급여지급병원]])) | K5: =IF(AND(TRIM(월별근무지표[[#This Row],[사번]]&"")="",월별근무지표[[#This Row],[월]]&""=""),"",IF(OR(TRIM(월별근무지표[[#This Row],[사번]]&"")="",월별근무지표[[#This Row],[월]]&""=""),"월·사번 모두 입력",IF(LEFT(월별근무지표[[#This Row],[월키]],1)="⚠","월 형식 확인(예: 2026-10)",IF(월별근무지표[[#This Row],[근무병원]]="","근무병원 입력",IF(COUNTIF(명단표[사번],TRIM(월별근무지표[[#This Row],[사번]]&""))=0,"전공의명단에 없는 사번",IF(COUNTIF(월별근무지표[키],월별근무지표[[#This Row],[키]])>1,"같은 사번·월 중복(위쪽 줄 적용)","정상"))))))
A6: 46327 | B6: 2261214 | C6: 구리병원 | D6: 서울병원 | E6: 예시: 구리 근무, 서울 지급 | F6: =_xlfn.LET(_xlpm.v_m,월별근무지표[[#This Row],[월]],IF(_xlpm.v_m&""="","",IF(ISNUMBER(_xlpm.v_m),IF(_xlpm.v_m<10000,TEXT(DATE(INT(_xlpm.v_m),ROUND(MOD(_xlpm.v_m,1)*100,0),1),"yyyy-mm"),TEXT(_xlpm.v_m,"yyyy-mm")),IFERROR(TEXT(DATEVALUE(SUBSTITUTE(SUBSTITUTE(LEFT(TRIM(_xlpm.v_m),7),".","-"),"/","-")&"-01"),"yyyy-mm"),"⚠형식 오류")))) | G6: =IF(TRIM(월별근무지표[[#This Row],[사번]]&"")="","","S|"&TRIM(월별근무지표[[#This Row],[사번]]&"")) | H6: =IF(LEFT(월별근무지표[[#This Row],[월키]],1)="⚠","",IF(OR(월별근무지표[[#This Row],[사번키]]="",월별근무지표[[#This Row],[월키]]=""),"",월별근무지표[[#This Row],[사번키]]&"|"&월별근무지표[[#This Row],[월키]])) | I6: =IF(월별근무지표[[#This Row],[사번키]]="","",_xlfn.XLOOKUP(월별근무지표[[#This Row],[사번키]],기본자료표[사번키],기본자료표[이름]&"","(기본자료에 없음)")) | J6: =IF(월별근무지표[[#This Row],[근무병원]]="","",IF(월별근무지표[[#This Row],[급여지급병원]]="",월별근무지표[[#This Row],[근무병원]],월별근무지표[[#This Row],[급여지급병원]])) | K6: =IF(AND(TRIM(월별근무지표[[#This Row],[사번]]&"")="",월별근무지표[[#This Row],[월]]&""=""),"",IF(OR(TRIM(월별근무지표[[#This Row],[사번]]&"")="",월별근무지표[[#This Row],[월]]&""=""),"월·사번 모두 입력",IF(LEFT(월별근무지표[[#This Row],[월키]],1)="⚠","월 형식 확인(예: 2026-10)",IF(월별근무지표[[#This Row],[근무병원]]="","근무병원 입력",IF(COUNTIF(명단표[사번],TRIM(월별근무지표[[#This Row],[사번]]&""))=0,"전공의명단에 없는 사번",IF(COUNTIF(월별근무지표[키],월별근무지표[[#This Row],[키]])>1,"같은 사번·월 중복(위쪽 줄 적용)","정상"))))))

Sheet 출력_서울급여
A1: 서울병원 급여 지급 대상자
A2: 급여 기준월 | B2: =급여기준월 | D2: 서울 지급 인원 | E2: =COUNTIF(명단표[급여지급병원(기준월)],"서울병원") | F2: 그중 타 병원 소속 | G2: =COUNTIFS(명단표[급여지급병원(기준월)],"서울병원",명단표[소속병원],"<>서울병원") | H2: ⚠ 판정 불가 | I2: =COUNTIF(명단표[급여지급병원(기준월)],"⚠*")
A3: ※ 자동으로 펼쳐지는 목록입니다(입력 금지). 노란 행 = 소속은 다른 병원인데 이번 달 서울병원이 지급. 급여 기준월은 설정_코드표에서 바꿉니다.
Q4: ⚠ 서울·구리 15일 판정 불가 (양쪽 모두 15일 이상/미만) — 담당자 확인 필요
A5: 번호 | B5: 이름 | C5: 사번 | D5: 전공의등록번호 | E5: 수련과목 | F5: 연차 | G5: 소속병원 | H5: 구분 | I5: 현재 근무병원 | J5: 구리 근무 시작일 | K5: 구리 근무 종료일 | L5: 서울 근무일 | M5: 구리 근무일 | N5: 판정 근거 | O5: 점검 | Q5: 이름 | R5: 사번 | S5: 소속병원 | T5: 서울 근무일 | U5: 구리 근무일
A6: {=IF(COUNTIF(명단표[급여지급병원(기준월)],"서울병원")=0,"",_xlfn.SEQUENCE(COUNTIF(명단표[급여지급병원(기준월)],"서울병원")))} | B6: {=IF(COUNTIF(명단표[급여지급병원(기준월)],"서울병원")=0,"대상 없음",_xlfn._xlws.FILTER(CHOOSE({1,2,3,4,5,6,7,8,9,10,11,12,13,14},명단표[이름],명단표[사번]&"",명단표[전공의등록번호]&"",명단표[수련과목]&"",명단표[연차]&"",명단표[소속병원],IF(명단표[소속병원]="서울병원","서울 소속","타 병원 소속("&명단표[소속병원]&") → 서울 지급"),명단표[현재 근무병원],명단표[구리 근무 시작일(기준월)]&"",명단표[구리 근무 종료일(기준월)]&"",명단표[서울 근무일(기준월)],명단표[구리 근무일(기준월)],명단표[급여 판정 근거],명단표[점검]),명단표[급여지급병원(기준월)]="서울병원"))} | Q6: {=IF(COUNTIF(명단표[급여지급병원(기준월)],"⚠*")=0,"없음",_xlfn._xlws.FILTER(CHOOSE({1,2,3,4,5},명단표[이름],명단표[사번]&"",명단표[소속병원],명단표[서울 근무일(기준월)],명단표[구리 근무일(기준월)]),LEFT(명단표[급여지급병원(기준월)],1)="⚠"))}

Sheet 출력_구리근무자
A1: 구리병원 근무자 (구리 근무자명단 기준) | I1: 명단 연결 | J1: =COUNTIF($L$6:$L$20005,"명단 일치*")
A2: 급여 기준월 | B2: =급여기준월 | D2: 블록 시작 열 | E2: {=_xlfn.LET(_xlpm.v_h,'입력_구리근무자명단'!$A$3:$ZZ$3&"",_xlpm.v_p1,IFERROR(FIND("월",_xlpm.v_h),999),_xlpm.v_p2,IFERROR(FIND(CHAR(10),_xlpm.v_h),999),_xlpm.v_e,IF(_xlpm.v_p1<_xlpm.v_p2,_xlpm.v_p1,_xlpm.v_p2),_xlpm.v_y,IFERROR(VALUE(LEFT(_xlpm.v_h,4)),0),_xlpm.v_m,IFERROR(VALUE(MID(_xlpm.v_h,6,_xlpm.v_e-6)),0),_xlpm.v_k,IF(ISNUMBER(SEARCH("근무예정자",_xlpm.v_h)),_xlpm.v_y*100+_xlpm.v_m,0),IFERROR(_xlfn.XMATCH(YEAR(급여기준월)*100+MONTH(급여기준월),_xlpm.v_k),""))} | F2: 근무자 확정 | G2: =IF($E$2="","",IF(COUNTIF(INDEX('입력_구리근무자명단'!$A$4:$ZZ$20000,0,$E$2+1),"?*")>0,"확정","예정")) | I2: 명단에 없음/동명이인 | J2: =COUNTIF($L$6:$L$20005,"명단에 없음*")+COUNTIF($L$6:$L$20005,"동명이인*")
A3: ※ 자동 결과(입력 금지). 그 달 '근무자' 칸이 하나라도 채워져 있으면 근무자, 아니면 근무예정자 기준. 날짜가 없으면 1일~말일. 명단 연결: 이름+진료과(인턴은 이름+인턴), 안 되면 이름만. '블록 시작 열'이 비면 3행 머리글(연·월)을 확인하세요. | I3: 날짜 오류 | J3: =COUNTIF($F$6:$G$20005,"⚠*")
A5: 원본행 | B5: 진료과 | C5: 연차 | D5: 이름 | E5: 확정/예정 | F5: 시작일 | G5: 종료일 | H5: 기준월 구리 근무일 | I5: 비고 | J5: 구리독자 | K5: 이름|과 | L5: 명단 연결
A6: {=IF($E$2="","해당 월 블록 없음",_xlfn.LET(_xlpm.v_g,'입력_구리근무자명단'!$A$4:$ZZ$20000,_xlpm.v_lr,MAX(IFERROR(_xlfn.XMATCH("?*",INDEX(_xlpm.v_g,0,1)&"",2,-1),0),IFERROR(_xlfn.XMATCH("?*",INDEX(_xlpm.v_g,0,2)&"",2,-1),0),1),_xlpm.v_d,INDEX(_xlpm.v_g,1,1):INDEX(_xlpm.v_g,_xlpm.v_lr,COLUMNS(_xlpm.v_g)),_xlpm.v_r,_xlfn.SEQUENCE(ROWS(_xlpm.v_d)),_xlpm.v_a,TRIM(INDEX(_xlpm.v_d,0,1)&""),_xlpm.v_b,INDEX(_xlpm.v_d,0,2)&"",_xlpm.v_n,TRIM(INDEX(_xlpm.v_d,0,$E$2+IF($G$2="확정",1,0))&""),_xlpm.v_dept,_xlfn.XLOOKUP(_xlpm.v_r,IF(_xlpm.v_a<>"",_xlpm.v_r,0),_xlpm.v_a,"",-1),_xlpm.v_s0,INDEX(_xlpm.v_d,0,$E$2+2),_xlpm.v_e0,INDEX(_xlpm.v_d,0,$E$2+3),_xlpm.v_s,IF(_xlpm.v_s0&""="",급여기준월,IF(ISNUMBER(_xlpm.v_s0),_xlpm.v_s0,IFERROR(DATE(VALUE(LEFT(_xlpm.v_s0,4)),VALUE(MID(_xlpm.v_s0,6,2)),VALUE(MID(_xlpm.v_s0,9,2))),-1))),_xlpm.v_e,IF(_xlpm.v_e0&""="",EOMONTH(급여기준월,0),IF(ISNUMBER(_xlpm.v_e0),_xlpm.v_e0,IFERROR(DATE(VALUE(LEFT(_xlpm.v_e0,4)),VALUE(MID(_xlpm.v_e0,6,2)),VALUE(MID(_xlpm.v_e0,9,2))),-1))),_xlpm.v_lo,IF(_xlpm.v_s>급여기준월,_xlpm.v_s,급여기준월),_xlpm.v_hi,IF(_xlpm.v_e<EOMONTH(급여기준월,0),_xlpm.v_e,EOMONTH(급여기준월,0)),_xlpm.v_days,IF((_xlpm.v_s<0)+(_xlpm.v_e<0),0,IF(_xlpm.v_hi-_xlpm.v_lo+1>0,_xlpm.v_hi-_xlpm.v_lo+1,0)),_xlpm.v_note,TRIM(INDEX(_xlpm.v_d,0,$E$2+5)&""),_xlpm.v_gd,IF(ISNUMBER(SEARCH("구리독자",_xlpm.v_note)),"구리독자",""),_xlpm.v_dk,IF((_xlpm.v_b="인턴")+ISNUMBER(SEARCH("수련교육부",_xlpm.v_dept)),"인턴",_xlpm.v_dept),_xlpm.v_key,_xlpm.v_n&"|"&_xlpm.v_dk,_xlpm.v_c1,COUNTIF(명단표[이름|과],_xlpm.v_key),_xlpm.v_c2,COUNTIF(명단표[이름],_xlpm.v_n),_xlpm.v_st,IF(_xlpm.v_c1=1,"명단 일치",IF((_xlpm.v_c1=0)*(_xlpm.v_c2=1),"명단 일치(이름만, 과 다름)",IF(_xlpm.v_c2=0,IF(COUNTIF(기본자료표[이름],_xlpm.v_n)>0,"명단에 없음(기본자료에는 있음)","명단에 없음"),"동명이인 확인"))),_xlpm.v_st2,IF(_xlpm.v_s<0,"⚠"&_xlpm.v_s0,TEXT(_xlpm.v_s,"yyyy-mm-dd")),_xlpm.v_et2,IF(_xlpm.v_e<0,"⚠"&_xlpm.v_e0,TEXT(_xlpm.v_e,"yyyy-mm-dd")),_xlpm.v_x,_xlpm.v_n<>"",IF(SUM(--_xlpm.v_x)=0,"해당 월 근무자 없음",_xlfn._xlws.FILTER(CHOOSE({1,2,3,4,5,6,7,8,9,10,11,12},_xlpm.v_r+3,_xlpm.v_dept,_xlpm.v_b,_xlpm.v_n,$G$2,_xlpm.v_st2,_xlpm.v_et2,_xlpm.v_days,_xlpm.v_note,_xlpm.v_gd,_xlpm.v_key,_xlpm.v_st),_xlpm.v_x))))}

Sheet 출력_요약
A1: 현황 요약
A2: 기준일 | B2: =TODAY()
A3: 급여 기준월 | B3: =급여기준월 | C3: ← 설정값은 설정_코드표에서 변경
A4: 15일 기준(일) | B4: =판정기준일
A6: 인원 (급여 기준월) | B6: 인원 | D6: 병원 | E6: 현재 근무 | F6: 급여 지급(기준월) | H6: 현재 진료과 | I6: 인원 | K6: 인턴 구분 | L6: 인원
A7: 명단 등록 인원 | B7: =SUMPRODUCT(--(TRIM(명단표[사번]&"")<>"")) | D7: {=병원표[병원]} | E7: {=COUNTIF(명단표[현재 근무병원],병원표[병원])} | F7: {=COUNTIF(명단표[급여지급병원(기준월)],병원표[병원])} | H7: {=진료과표[근무과]} | I7: {=COUNTIF(명단표[현재 진료과],진료과표[근무과])} | K7: {=인턴구분표[인턴 구분]} | L7: {=COUNTIF(명단표[현재 진료과],인턴구분표[인턴 구분])}
A8: 서울병원 지급 | B8: =COUNTIF(명단표[급여지급병원(기준월)],"서울병원")
A9: 구리병원 지급 | B9: =COUNTIF(명단표[급여지급병원(기준월)],"구리병원")
A10: 그 외 병원 지급 | B10: =SUMPRODUCT((명단표[급여지급병원(기준월)]<>"")*(명단표[급여지급병원(기준월)]<>"서울병원")*(명단표[급여지급병원(기준월)]<>"구리병원")*(LEFT(명단표[급여지급병원(기준월)],1)<>"⚠"))
A11: ⚠ 판정 불가 | B11: =COUNTIF(명단표[급여지급병원(기준월)],"⚠*")
A12: 구리 근무자명단 연결 인원 | B12: =COUNT(명단표[구리행])
A13: 급여 기준월 직접 입력 적용 | B13: =COUNT(명단표[직접행(기준월)])
A15: 데이터 점검 | B15: 건수
A16: 기본자료 인원 | B16: =SUMPRODUCT(--(TRIM(기본자료표[사번]&"")<>""))
A17: 기본자료 재직 인원 | B17: =COUNTIF(기본자료표[현재근무 여부],"재직")
A18: 기본자료에 없는 사번 | B18: =SUMPRODUCT((TRIM(명단표[사번]&"")<>"")*(명단표[기본자료행]=""))
A19: 명단 중복 사번 | B19: =SUMPRODUCT((TRIM(명단표[사번]&"")<>"")*(COUNTIF(명단표[사번],명단표[사번])>1))
A20: 날짜 형식 오류(생년월일/수련개시일) | B20: =SUMPRODUCT(--ISTEXT(명단표[생년월일]))+SUMPRODUCT(--ISTEXT(명단표[수련개시일]))
A21: 인턴계획 입력 오류(병원/진료과) | B21: =SUM(인턴계획표[입력오류])
A22: 서울·구리 15일 판정 불가 | B22: =COUNTIF(명단표[급여지급병원(기준월)],"⚠*")
A23: 구리 근무자명단: 명단에 없음/동명이인 | B23: ='출력_구리근무자'!$J$2
A24: 구리 근무자명단: 날짜 오류 | B24: ='출력_구리근무자'!$J$3
A25: 월별근무지 직접 입력 오류 | B25: =SUMPRODUCT((월별근무지표[점검]<>"")*(월별근무지표[점검]<>"정상"))
A26: 전월·익월 자동 추정 확인 필요(⚠, 구리 근무자) | B26: =COUNTIF(명단표[전월 근거],"⚠*")+COUNTIF(명단표[익월 근거],"⚠*")
A27: 점검 필요 행(전공의명단 '점검' 열) | B27: =SUMPRODUCT((TRIM(명단표[사번]&"")<>"")*(명단표[점검]<>"정상"))

Sheet 출력_인턴현황
A1: 인턴 근무 현황
A2: 기준일 | B2: =TODAY() | J2: 급여 기준월 위치→ | K2: =IFERROR(MATCH(MONTH(급여기준월),$J$3:$O$3,0),"") | L2: 전월/익월 위치→ | M2: =IFERROR(MATCH(MONTH(EDATE(급여기준월,-1)),$J$3:$O$3,0),"") | N2: =IFERROR(MATCH(MONTH(EDATE(급여기준월,1)),$J$3:$O$3,0),"") | R2: 월별 병원별 인턴 인원
A3: 계획 월 번호(자동) | F3: 이번/다음 달 위치→ | G3: =IFERROR(MATCH(MONTH(TODAY()),$J$3:$O$3,0),"") | I3: =IFERROR(MATCH(MONTH(EDATE(TODAY(),1)),$J$3:$O$3,0),"") | J3: =IFERROR(VALUE(SUBSTITUTE(TRIM(J5),"월","")),"") | K3: =IFERROR(VALUE(SUBSTITUTE(TRIM(K5),"월","")),"") | L3: =IFERROR(VALUE(SUBSTITUTE(TRIM(L5),"월","")),"") | M3: =IFERROR(VALUE(SUBSTITUTE(TRIM(M5),"월","")),"") | N3: =IFERROR(VALUE(SUBSTITUTE(TRIM(N5),"월","")),"") | O3: =IFERROR(VALUE(SUBSTITUTE(TRIM(O5),"월","")),"") | R3: 병원 | S3: =J5 | T3: =K5 | U3: =L5 | V3: =M5 | W3: =N5 | X3: =O5
R4: 합계(배정) | S4: =COUNTIF(인턴계획표[정규화1],"?*") | T4: =COUNTIF(인턴계획표[정규화2],"?*") | U4: =COUNTIF(인턴계획표[정규화3],"?*") | V4: =COUNTIF(인턴계획표[정규화4],"?*") | W4: =COUNTIF(인턴계획표[정규화5],"?*") | X4: =COUNTIF(인턴계획표[정규화6],"?*")
A5: 순번 | B5: 이름 | C5: 사번 | D5: 기본자료 확인 | E5: 입사일 | F5: ="이번 달("&IF($G$3="","계획 외",MONTH(TODAY())&"월")&") 병원" | G5: 이번 달 진료과 | H5: ="다음 달("&IF($I$3="","계획 외",MONTH(EDATE(TODAY(),1))&"월")&") 병원" | I5: 다음 달 진료과 | J5: =TRIM(INDEX(인턴계획표[#Headers],1,4)&"") | K5: =TRIM(INDEX(인턴계획표[#Headers],1,5)&"") | L5: =TRIM(INDEX(인턴계획표[#Headers],1,6)&"") | M5: =TRIM(INDEX(인턴계획표[#Headers],1,7)&"") | N5: =TRIM(INDEX(인턴계획표[#Headers],1,8)&"") | O5: =TRIM(INDEX(인턴계획표[#Headers],1,9)&"") | P5: 입력오류 | R5: ⚠ 오류 | S5: =COUNTIF(인턴계획표[정규화1],"⚠*") | T5: =COUNTIF(인턴계획표[정규화2],"⚠*") | U5: =COUNTIF(인턴계획표[정규화3],"⚠*") | V5: =COUNTIF(인턴계획표[정규화4],"⚠*") | W5: =COUNTIF(인턴계획표[정규화5],"⚠*") | X5: =COUNTIF(인턴계획표[정규화6],"⚠*")
A6: {=_xlfn.LET(_xlpm.v_n,TRIM(인턴계획표[이름]&""),_xlpm.v_x,_xlpm.v_n<>"",_xlpm.v_c,IF($G$3="","",INDEX(인턴계획표[[정규화1]:[정규화6]],0,$G$3)&""),_xlpm.v_t,IF($I$3="","",INDEX(인턴계획표[[정규화1]:[정규화6]],0,$I$3)&""),_xlpm.v_ok,IF(ISNUMBER(_xlfn.XMATCH(인턴계획표[사번키],기본자료표[사번키])),"확인","미등록"),_xlpm.v_in,IF(ISNUMBER(인턴계획표[입사일(비고)]),TEXT(인턴계획표[입사일(비고)],"yyyy-mm-dd"),인턴계획표[입사일(비고)]&""),IF(SUM(--_xlpm.v_x)=0,"인턴 계획 없음",_xlfn._xlws.FILTER(CHOOSE({1,2,3,4,5,6,7,8,9,10,11,12,13,14,15,16},인턴계획표[순번]&"",_xlpm.v_n,인턴계획표[사번]&"",_xlpm.v_ok,_xlpm.v_in,IF(_xlpm.v_c="","",IF(LEFT(_xlpm.v_c,1)="⚠",_xlpm.v_c,IFERROR(LEFT(_xlpm.v_c,FIND(" ",_xlpm.v_c)-1),_xlpm.v_c))),IF(_xlpm.v_c="","",IF(LEFT(_xlpm.v_c,1)="⚠","",IFERROR(MID(_xlpm.v_c,FIND(" ",_xlpm.v_c)+1,60),""))),IF(_xlpm.v_t="","",IF(LEFT(_xlpm.v_t,1)="⚠",_xlpm.v_t,IFERROR(LEFT(_xlpm.v_t,FIND(" ",_xlpm.v_t)-1),_xlpm.v_t))),IF(_xlpm.v_t="","",IF(LEFT(_xlpm.v_t,1)="⚠","",IFERROR(MID(_xlpm.v_t,FIND(" ",_xlpm.v_t)+1,60),""))),인턴계획표[정규화1],인턴계획표[정규화2],인턴계획표[정규화3],인턴계획표[정규화4],인턴계획표[정규화5],인턴계획표[정규화6],인턴계획표[입력오류]),_xlpm.v_x)))} | R6: {=병원표[병원]} | S6: {=COUNTIF(인턴계획표[정규화1],병원표[병원]&" *")} | T6: {=COUNTIF(인턴계획표[정규화2],병원표[병원]&" *")} | U6: {=COUNTIF(인턴계획표[정규화3],병원표[병원]&" *")} | V6: {=COUNTIF(인턴계획표[정규화4],병원표[병원]&" *")} | W6: {=COUNTIF(인턴계획표[정규화5],병원표[병원]&" *")} | X6: {=COUNTIF(인턴계획표[정규화6],병원표[병원]&" *")}

Sheet 출력_기관명단
A1: 기관명단 (전월·급여 기준월·익월 3개월) — 시간외근무 판정 파일의 입력_기관명단에 값으로 붙여넣기
A2: ※ A5부터 아래로 펼쳐진 전체를 한 번에 복사 → 시간외 판정 파일 입력_기관명단의 표 아래에 '값 붙여넣기'. 급여 기준월은 자동 판정(구리 근무자명단·인턴계획·15일), 전월·익월은 입력_월별근무지의 직접 입력 → 인턴계획 → 소속병원 순서입니다. 근거가 '⚠자동'인 줄은 직접 입력이 필요한지 확인하세요.
A3: 자동 추정 확인 필요(⚠) | C3: =COUNTIF($I$5:$I$60000,"⚠*")
A4: 기준월 | B4: 사번 | C4: 이름 | D4: 수련과목 | E4: 연차 | F4: 소속병원 | G4: 기준월 근무병원 | H4: 급여지급병원(기준월) | I4: 급여 판정 근거
A5: {=_xlfn.LET(_xlpm.v_k,TRIM(명단표[사번]&"")<>"",_xlpm.v_rows,_xlfn._xlws.FILTER(_xlfn.SEQUENCE(ROWS(명단표[사번])),_xlpm.v_k,0),_xlpm.v_n,ROWS(_xlpm.v_rows),_xlpm.v_i,_xlfn.SEQUENCE(3*_xlpm.v_n),_xlpm.v_m,INT((_xlpm.v_i-1)/_xlpm.v_n)+1,_xlpm.v_r,INDEX(_xlpm.v_rows,MOD(_xlpm.v_i-1,_xlpm.v_n)+1),IF(SUM(--_xlpm.v_k)=0,"명단 없음",CHOOSE({1,2,3,4,5,6,7,8,9},CHOOSE(_xlpm.v_m,전월키,기준월키,익월키),INDEX(명단표[사번],_xlpm.v_r)&"",INDEX(명단표[이름],_xlpm.v_r),INDEX(명단표[수련과목],_xlpm.v_r),INDEX(명단표[연차],_xlpm.v_r)&"",INDEX(명단표[소속병원],_xlpm.v_r),CHOOSE(_xlpm.v_m,INDEX(명단표[전월 근무병원],_xlpm.v_r),INDEX(명단표[기준월 근무병원],_xlpm.v_r),INDEX(명단표[익월 근무병원],_xlpm.v_r)),CHOOSE(_xlpm.v_m,INDEX(명단표[전월 급여지급병원],_xlpm.v_r),INDEX(명단표[급여지급병원(기준월)],_xlpm.v_r),INDEX(명단표[익월 급여지급병원],_xlpm.v_r)),CHOOSE(_xlpm.v_m,INDEX(명단표[전월 근거],_xlpm.v_r),INDEX(명단표[급여 판정 근거],_xlpm.v_r),INDEX(명단표[익월 근거],_xlpm.v_r)))))}

Sheet 설정_코드표
A1: 병원 | C1: 근무과 | E1: 인턴 구분 | I1: 약칭 | J1: 정식 명칭 | L1: 표기 | M1: 정식 병원 | O1: ※ 모든 목록은 엑셀 '표'입니다. 표 바로 아래 행에 입력하면 자동으로 목록이 늘어나고 드롭다운·판정에 바로 반영됩니다.
A2: 서울병원 | C2: 내과 | E2: 통합 | I2: 내과 | J2: 내과 | L2: 서울병원 | M2: 서울병원 | O2: ※ 병원약칭표(L~M): 인턴근무계획의 지역 단어와 기본자료의 근무지를 정식 병원으로 바꿉니다. 실제 기관명은 여기에 추가하세요.
A3: 인천병원 | C3: 소아청소년과 | E3: 핵/방 | I3: 소아청소년과 | J3: 소아청소년과 | L3: 인천병원 | M3: 인천병원 | O3: ※ 과약칭표(I~J): 인턴근무계획 월 칸의 마지막 단어(진료과 약칭)를 정식 명칭으로 바꿉니다.
A4: 구리병원 | C4: 신경과 | E4: 직/피 | I4: 신경과 | J4: 신경과 | L4: 구리병원 | M4: 구리병원 | O4: ※ 인턴구분표(E): 통합(과 미지정), 핵/방, 직/피, 정/영처럼 인턴 순환에만 쓰는 구분입니다.
A5: 창원병원 | C5: 정신건강의학과 | E5: 정/영 | I5: 정신건강의학과 | J5: 정신건강의학과 | L5: 창원병원 | M5: 창원병원
A6: 제주병원 | C6: 피부과 | I6: 피부과 | J6: 피부과 | L6: 제주병원 | M6: 제주병원
A7: 오산병원 | C7: 외과 | I7: 외과 | J7: 외과 | L7: 오산병원 | M7: 오산병원
C8: 심장혈관흉부외과 | I8: 심장혈관흉부외과 | J8: 심장혈관흉부외과 | L8: 서울 | M8: 서울병원 | O8: 설정값 (노란 칸만 수정) | P8: 값
C9: 정형외과 | I9: 정형외과 | J9: 정형외과 | L9: 인천 | M9: 인천병원 | O9: 급여 기준월(1일) | P9: =DATE(YEAR(TODAY()),MONTH(TODAY()),1)
C10: 신경외과 | I10: 신경외과 | J10: 신경외과 | L10: 구리 | M10: 구리병원 | O10: 서울·구리 15일 기준(일) | P10: 15
C11: 성형외과 | I11: 성형외과 | J11: 성형외과 | L11: 창원 | M11: 창원병원 | O11: ※ 급여 기준월: 다른 달을 보려면 그 달 1일 날짜를 입력(기본 수식 = 이번 달 1일).
C12: 산부인과 | I12: 산부인과 | J12: 산부인과 | L12: 제주 | M12: 제주병원
C13: 안과 | I13: 안과 | J13: 안과 | L13: 오산 | M13: 오산병원
C14: 이비인후과 | I14: 이비인후과 | J14: 이비인후과 | L14: 한양대학교병원 | M14: 서울병원
C15: 비뇨의학과 | I15: 비뇨의학과 | J15: 비뇨의학과 | L15: 한양대병원 | M15: 서울병원
C16: 재활의학과 | I16: 재활의학과 | J16: 재활의학과 | L16: 한양대서울병원 | M16: 서울병원
C17: 마취통증의학과 | I17: 마취통증의학과 | J17: 마취통증의학과 | L17: 한양대구리병원 | M17: 구리병원
C18: 영상의학과 | I18: 영상의학과 | J18: 영상의학과 | L18: 에스중앙병원 | M18: 제주병원
C19: 진단검사의학과 | I19: 진단검사의학과 | J19: 진단검사의학과 | L19: 에스중앙 | M19: 제주병원
C20: 병리과 | I20: 병리과 | J20: 병리과
C21: 가정의학과 | I21: 가정의학과 | J21: 가정의학과
C22: 응급의학과 | I22: 응급의학과 | J22: 응급의학과
C23: 핵의학과 | I23: 핵의학과 | J23: 핵의학과
C24: 직업환경의학과 | I24: 직업환경의학과 | J24: 직업환경의학과
C25: 수련교육부(인턴) | I25: 수련교육부(인턴) | J25: 수련교육부(인턴)
I26: 소아과 | J26: 소아청소년과
I27: 소아 | J27: 소아청소년과
I28: 소청 | J28: 소아청소년과
I29: 소청과 | J29: 소아청소년과
I30: 정신과 | J30: 정신건강의학과
I31: 정신 | J31: 정신건강의학과
I32: 흉부외과 | J32: 심장혈관흉부외과
I33: 흉외 | J33: 심장혈관흉부외과
I34: 심장혈관흉부 | J34: 심장혈관흉부외과
I35: 정형 | J35: 정형외과
I36: 신외 | J36: 신경외과
I37: 성형 | J37: 성형외과
... I65: 통합 | J65: 통합
